transaction_id,account_id,beneficiary_id,merchant_id,device_id,ip_id,timestamp,amount,transaction_type,status,channel,scenario_id,scenario_type,ground_truth_label
TXN_00000646,ACC_000054,BEN_000060,,DEV_000039,IP_000105,2026-01-01T00:40:18,1159.95,TRANSFER_P2P,SUCCESS,NETBANKING,SCEN_LEGIT_BASELINE,LEGITIMATE,legitimate
TXN_00000679,ACC_000175,BEN_000026,,DEV_000099,IP_000103,2026-01-01T00:42:23,1759.61,TRANSFER_P2P,SUCCESS,NETBANKING,SCEN_LEGIT_BASELINE,LEGITIMATE,legitimate
TXN_00001702,ACC_000295,,MER_000048,DEV_000078,IP_000141,2026-01-01T00:52:51,1480.43,PAYMENT_P2M,SUCCESS,UPI,SCEN_LEGIT_BASELINE,LEGITIMATE,legitimate
TXN_00001898,ACC_000253,,MER_000005,DEV_000064,IP_000048,2026-01-01T01:58:13,3656.8,PAYMENT_P2M,SUCCESS,NETBANKING,SCEN_LEGIT_BASELINE,LEGITIMATE,legitimate
TXN_00001515,ACC_000288,BEN_000054,,DEV_000003,IP_000072,2026-01-01T02:03:07,480.11,TRANSFER_P2P,SUCCESS,CARD,SCEN_LEGIT_BASELINE,LEGITIMATE,legitimate
TXN_00000438,ACC_000444,,MER_000044,DEV_000010,IP_000067,2026-01-01T03:47:36,496.6,PAYMENT_P2M,SUCCESS,CARD,SCEN_LEGIT_BASELINE,LEGITIMATE,legitimate
TXN_00001673,ACC_000297,,MER_000048,DEV_000014,IP_000003,2026-01-01T03:59:20,1208.76,PAYMENT_P2M,SUCCESS,NETBANKING,SCEN_LEGIT_BASELINE,LEGITIMATE,legitimate
TXN_00001531,ACC_000009,,MER_000044,DEV_000071,IP_000068,2026-01-01T05:16:07,1053.95,PAYMENT_P2M,SUCCESS,CARD,SCEN_LEGIT_BASELINE,LEGITIMATE,legitimate
TXN_00001975,ACC_000357,,MER_000037,DEV_000051,IP_000043,2026-01-01T06:09:30,1847.33,PAYMENT_P2M,SUCCESS,CARD,SCEN_LEGIT_BASELINE,LEGITIMATE,legitimate
TXN_00001565,ACC_000345,,MER_000004,DEV_000065,IP_000058,2026-01-01T08:54:39,81.07,PAYMENT_P2M,SUCCESS,NETBANKING,SCEN_LEGIT_BASELINE,LEGITIMATE,legitimate
TXN_00000784,ACC_000187,,MER_000042,DEV_000083,IP_000126,2026-01-01T09:25:53,1092.57,PAYMENT_P2M,SUCCESS,CARD,SCEN_LEGIT_BASELINE,LEGITIMATE,legitimate
TXN_00000328,ACC_000353,,MER_000022,DEV_000030,IP_000075,2026-01-01T09:39:44,120.31,PAYMENT_P2M,SUCCESS,UPI,SCEN_LEGIT_BASELINE,LEGITIMATE,legitimate
TXN_00000981,ACC_000204,,MER_000015,DEV_000046,IP_000107,2026-01-01T09:46:23,659.13,PAYMENT_P2M,SUCCESS,CARD,SCEN_LEGIT_BASELINE,LEGITIMATE,legitimate
TXN_00001432,ACC_000246,,MER_000029,DEV_000070,IP_000089,2026-01-01T11:41:05,1197.79,PAYMENT_P2M,SUCCESS,CARD,SCEN_LEGIT_BASELINE,LEGITIMATE,legitimate
TXN_00000380,ACC_000301,BEN_000049,,DEV_000071,IP_000072,2026-01-01T12:21:09,856.12,TRANSFER_P2P,SUCCESS,NETBANKING,SCEN_LEGIT_BASELINE,LEGITIMATE,legitimate
TXN_00001003,ACC_000337,,MER_000048,DEV_000037,IP_000081,2026-01-01T16:43:50,1400.75,PAYMENT_P2M,SUCCESS,NETBANKING,SCEN_LEGIT_BASELINE,LEGITIMATE,legitimate
TXN_00000595,ACC_000220,,MER_000046,DEV_000036,IP_000044,2026-01-01T16:45:19,613.0,PAYMENT_P2M,SUCCESS,CARD,SCEN_LEGIT_BASELINE,LEGITIMATE,legitimate
TXN_00000483,ACC_000198,,MER_000038,DEV_000065,IP_000116,2026-01-01T18:24:06,148.42,PAYMENT_P2M,SUCCESS,CARD,SCEN_LEGIT_BASELINE,LEGITIMATE,legitimate
TXN_00001031,ACC_000175,,MER_000026,DEV_000099,IP_000103,2026-01-01T18:48:43,283.61,PAYMENT_P2M,SUCCESS,UPI,SCEN_LEGIT_BASELINE,LEGITIMATE,legitimate
TXN_00000359,ACC_000041,,MER_000038,DEV_000038,IP_000134,2026-01-01T21:53:21,4778.94,PAYMENT_P2M,SUCCESS,CARD,SCEN_LEGIT_BASELINE,LEGITIMATE,legitimate
TXN_00001235,ACC_000271,,MER_000008,DEV_000080,IP_000051,2026-01-02T00:15:19,1944.64,PAYMENT_P2M,SUCCESS,UPI,SCEN_LEGIT_BASELINE,LEGITIMATE,legitimate
TXN_00000260,ACC_000412,BEN_000059,,DEV_000011,IP_000038,2026-01-02T01:10:35,3500.0,TRANSFER_P2P,SUCCESS,UPI,SCEN_LOOKALIKE_002,LEGITIMATE_LOOKALIKE,legitimate
TXN_00000413,ACC_000025,BEN_000059,,DEV_000037,IP_000101,2026-01-02T02:01:17,1431.15,TRANSFER_P2P,SUCCESS,NETBANKING,SCEN_LEGIT_BASELINE,LEGITIMATE,legitimate
TXN_00000453,ACC_000398,,MER_000042,DEV_000048,IP_000064,2026-01-02T02:16:41,846.36,PAYMENT_P2M,SUCCESS,UPI,SCEN_LEGIT_BASELINE,LEGITIMATE,legitimate
TXN_00001809,ACC_000410,,MER_000021,DEV_000063,IP_000086,2026-01-02T03:30:22,3722.91,PAYMENT_P2M,SUCCESS,NETBANKING,SCEN_LEGIT_BASELINE,LEGITIMATE,legitimate
TXN_00000408,ACC_000335,BEN_000018,,DEV_000053,IP_000082,2026-01-02T04:00:48,2990.49,TRANSFER_P2P,SUCCESS,CARD,SCEN_LEGIT_BASELINE,LEGITIMATE,legitimate
TXN_00001194,ACC_000260,,MER_000033,DEV_000074,IP_000078,2026-01-02T04:12:05,2887.76,PAYMENT_P2M,SUCCESS,UPI,SCEN_LEGIT_BASELINE,LEGITIMATE,legitimate
TXN_00001914,ACC_000142,BEN_000064,,DEV_000048,IP_000133,2026-01-02T04:22:35,1150.04,TRANSFER_P2P,SUCCESS,CARD,SCEN_LEGIT_BASELINE,LEGITIMATE,legitimate
TXN_00000249,ACC_000473,,MER_000008,DEV_000081,IP_000032,2026-01-02T06:24:42,150.0,PAYMENT_P2M,SUCCESS,NETBANKING,SCEN_LOOKALIKE_001,LEGITIMATE_LOOKALIKE,legitimate
TXN_00001604,ACC_000095,BEN_000083,,DEV_000024,IP_000028,2026-01-02T06:53:55,665.72,TRANSFER_P2P,SUCCESS,UPI,SCEN_LEGIT_BASELINE,LEGITIMATE,legitimate
TXN_00001779,ACC_000431,,MER_000003,DEV_000077,IP_000086,2026-01-02T07:59:19,3440.27,PAYMENT_P2M,SUCCESS,CARD,SCEN_LEGIT_BASELINE,LEGITIMATE,legitimate
TXN_00001767,ACC_000270,BEN_000031,,DEV_000089,IP_000093,2026-01-02T08:47:53,1808.9,TRANSFER_P2P,SUCCESS,CARD,SCEN_LEGIT_BASELINE,LEGITIMATE,legitimate
TXN_00000439,ACC_000119,,MER_000015,DEV_000082,IP_000109,2026-01-02T09:02:13,1379.9,PAYMENT_P2M,SUCCESS,UPI,SCEN_LEGIT_BASELINE,LEGITIMATE,legitimate
TXN_00000449,ACC_000009,,MER_000010,DEV_000071,IP_000068,2026-01-02T10:27:35,881.7,PAYMENT_P2M,SUCCESS,UPI,SCEN_LEGIT_BASELINE,LEGITIMATE,legitimate
TXN_00000573,ACC_000396,,MER_000025,DEV_000078,IP_000097,2026-01-02T10:30:21,255.96,PAYMENT_P2M,SUCCESS,UPI,SCEN_LEGIT_BASELINE,LEGITIMATE,legitimate
TXN_00000367,ACC_000220,,MER_000039,DEV_000036,IP_000052,2026-01-02T11:27:43,196.14,PAYMENT_P2M,SUCCESS,CARD,SCEN_LEGIT_BASELINE,LEGITIMATE,legitimate
TXN_00001624,ACC_000364,,MER_000009,DEV_000050,IP_000124,2026-01-02T11:45:44,740.14,PAYMENT_P2M,SUCCESS,CARD,SCEN_LEGIT_BASELINE,LEGITIMATE,legitimate
TXN_00001276,ACC_000163,,MER_000034,DEV_000070,IP_000110,2026-01-02T11:48:19,697.5,PAYMENT_P2M,SUCCESS,NETBANKING,SCEN_LEGIT_BASELINE,LEGITIMATE,legitimate
TXN_00001550,ACC_000492,,MER_000023,DEV_000081,IP_000117,2026-01-02T12:50:18,1484.29,PAYMENT_P2M,SUCCESS,NETBANKING,SCEN_LEGIT_BASELINE,LEGITIMATE,legitimate
TXN_00001648,ACC_000459,BEN_000018,,DEV_000090,IP_000021,2026-01-02T15:00:31,1745.0,TRANSFER_P2P,SUCCESS,UPI,SCEN_LEGIT_BASELINE,LEGITIMATE,legitimate
TXN_00001451,ACC_000441,,MER_000011,DEV_000083,IP_000118,2026-01-02T15:03:10,169.5,PAYMENT_P2M,SUCCESS,UPI,SCEN_LEGIT_BASELINE,LEGITIMATE,legitimate
TXN_00000481,ACC_000447,,MER_000036,DEV_000032,IP_000103,2026-01-02T16:04:27,3122.6,PAYMENT_P2M,SUCCESS,UPI,SCEN_LEGIT_BASELINE,LEGITIMATE,legitimate
TXN_00001221,ACC_000259,,MER_000015,DEV_000048,IP_000009,2026-01-02T16:43:46,326.56,PAYMENT_P2M,SUCCESS,UPI,SCEN_LEGIT_BASELINE,LEGITIMATE,legitimate
TXN_00000914,ACC_000001,,MER_000019,DEV_000014,IP_000134,2026-01-02T17:35:51,553.55,PAYMENT_P2M,SUCCESS,NETBANKING,SCEN_LEGIT_BASELINE,LEGITIMATE,legitimate
TXN_00000731,ACC_000104,,MER_000041,DEV_000070,IP_000120,2026-01-02T18:19:28,110.53,PAYMENT_P2M,SUCCESS,NETBANKING,SCEN_LEGIT_BASELINE,LEGITIMATE,legitimate
TXN_00000751,ACC_000274,,MER_000036,DEV_000077,IP_000130,2026-01-02T18:29:26,1335.45,PAYMENT_P2M,SUCCESS,UPI,SCEN_LEGIT_BASELINE,LEGITIMATE,legitimate
TXN_00000575,ACC_000369,,MER_000014,DEV_000031,IP_000068,2026-01-02T18:38:37,294.36,PAYMENT_P2M,SUCCESS,NETBANKING,SCEN_LEGIT_BASELINE,LEGITIMATE,legitimate
TXN_00001997,ACC_000036,,MER_000010,DEV_000077,IP_000102,2026-01-02T18:40:24,1838.03,PAYMENT_P2M,SUCCESS,NETBANKING,SCEN_LEGIT_BASELINE,LEGITIMATE,legitimate
TXN_00000443,ACC_000435,,MER_000042,DEV_000028,IP_000095,2026-01-02T21:42:05,2461.06,PAYMENT_P2M,SUCCESS,UPI,SCEN_LEGIT_BASELINE,LEGITIMATE,legitimate
TXN_00001873,ACC_000117,,MER_000014,DEV_000047,IP_000059,2026-01-02T21:57:50,1723.06,PAYMENT_P2M,SUCCESS,UPI,SCEN_LEGIT_BASELINE,LEGITIMATE,legitimate
TXN_00001753,ACC_000458,,MER_000050,DEV_000093,IP_000012,2026-01-02T22:36:50,1363.54,PAYMENT_P2M,SUCCESS,UPI,SCEN_LEGIT_BASELINE,LEGITIMATE,legitimate
TXN_00000957,ACC_000205,BEN_000087,,DEV_000030,IP_000010,2026-01-02T23:22:40,1019.37,TRANSFER_P2P,SUCCESS,CARD,SCEN_LEGIT_BASELINE,LEGITIMATE,legitimate
TXN_00000390,ACC_000382,,MER_000008,DEV_000074,IP_000088,2026-01-03T00:07:20,3837.51,PAYMENT_P2M,SUCCESS,UPI,SCEN_LEGIT_BASELINE,LEGITIMATE,legitimate
TXN_00001884,ACC_000403,,MER_000009,DEV_000085,IP_000029,2026-01-03T01:09:47,1058.8,PAYMENT_P2M,SUCCESS,NETBANKING,SCEN_LEGIT_BASELINE,LEGITIMATE,legitimate
TXN_00000243,ACC_000127,,MER_000010,DEV_000010,IP_000032,2026-01-03T01:45:31,3500.0,PAYMENT_P2M,SUCCESS,NETBANKING,SCEN_LOOKALIKE_001,LEGITIMATE_LOOKALIKE,legitimate
TXN_00000160,ACC_000326,,MER_000011,DEV_000034,IP_000142,2026-01-03T04:00:00,500.0,PAYMENT_P2M,SUCCESS,UPI,SCEN_HIST_CONN_002,HISTORICAL_CONNECTION_RING,ring
TXN_00000162,ACC_000074,,MER_000022,DEV_000034,IP_000142,2026-01-03T04:00:00,500.0,PAYMENT_P2M,SUCCESS,UPI,SCEN_HIST_CONN_002,HISTORICAL_CONNECTION_RING,ring
TXN_00001333,ACC_000492,BEN_000081,,DEV_000081,IP_000046,2026-01-03T04:13:20,339.86,TRANSFER_P2P,SUCCESS,UPI,SCEN_LEGIT_BASELINE,LEGITIMATE,legitimate
TXN_00001465,ACC_000093,,MER_000013,DEV_000009,IP_000148,2026-01-03T05:21:30,496.76,PAYMENT_P2M,SUCCESS,CARD,SCEN_LEGIT_BASELINE,LEGITIMATE,legitimate
TXN_00001442,ACC_000090,,MER_000049,DEV_000063,IP_000052,2026-01-03T05:27:32,209.75,PAYMENT_P2M,SUCCESS,CARD,SCEN_LEGIT_BASELINE,LEGITIMATE,legitimate
TXN_00001749,ACC_000116,,MER_000019,DEV_000070,IP_000014,2026-01-03T05:54:31,1281.78,PAYMENT_P2M,SUCCESS,UPI,SCEN_LEGIT_BASELINE,LEGITIMATE,legitimate
TXN_00000170,ACC_000234,,MER_000006,DEV_000056,IP_000136,2026-01-03T06:00:00,500.0,PAYMENT_P2M,SUCCESS,UPI,SCEN_HIST_CONN_003,HISTORICAL_CONNECTION_RING,ring
TXN_00001086,ACC_000110,,MER_000040,DEV_000078,IP_000087,2026-01-03T06:30:17,4082.26,PAYMENT_P2M,SUCCESS,UPI,SCEN_LEGIT_BASELINE,LEGITIMATE,legitimate
TXN_00000791,ACC_000141,,MER_000007,DEV_000073,IP_000101,2026-01-03T07:28:29,279.71,PAYMENT_P2M,SUCCESS,NETBANKING,SCEN_LEGIT_BASELINE,LEGITIMATE,legitimate
TXN_00001195,ACC_000168,,MER_000039,DEV_000035,IP_000112,2026-01-03T07:35:06,1019.77,PAYMENT_P2M,SUCCESS,CARD,SCEN_LEGIT_BASELINE,LEGITIMATE,legitimate
TXN_00001696,ACC_000284,BEN_000067,,DEV_000004,IP_000068,2026-01-03T07:40:08,451.69,TRANSFER_P2P,SUCCESS,CARD,SCEN_LEGIT_BASELINE,LEGITIMATE,legitimate
TXN_00000166,ACC_000281,,MER_000017,DEV_000056,IP_000136,2026-01-03T08:00:00,500.0,PAYMENT_P2M,SUCCESS,UPI,SCEN_HIST_CONN_003,HISTORICAL_CONNECTION_RING,ring
TXN_00000167,ACC_000493,,MER_000020,DEV_000056,IP_000136,2026-01-03T09:00:00,500.0,PAYMENT_P2M,SUCCESS,UPI,SCEN_HIST_CONN_003,HISTORICAL_CONNECTION_RING,ring
TXN_00000169,ACC_000102,,MER_000041,DEV_000056,IP_000136,2026-01-03T09:00:00,500.0,PAYMENT_P2M,SUCCESS,UPI,SCEN_HIST_CONN_003,HISTORICAL_CONNECTION_RING,ring
TXN_00000995,ACC_000081,BEN_000045,,DEV_000079,IP_000077,2026-01-03T09:07:37,149.3,TRANSFER_P2P,SUCCESS,NETBANKING,SCEN_LEGIT_BASELINE,LEGITIMATE,legitimate
TXN_00001150,ACC_000105,,MER_000035,DEV_000077,IP_000138,2026-01-03T09:59:57,572.12,PAYMENT_P2M,SUCCESS,CARD,SCEN_LEGIT_BASELINE,LEGITIMATE,legitimate
TXN_00000161,ACC_000160,,MER_000010,DEV_000034,IP_000142,2026-01-03T11:00:00,500.0,PAYMENT_P2M,SUCCESS,UPI,SCEN_HIST_CONN_002,HISTORICAL_CONNECTION_RING,ring
TXN_00000168,ACC_000354,,MER_000013,DEV_000056,IP_000136,2026-01-03T11:00:00,500.0,PAYMENT_P2M,SUCCESS,UPI,SCEN_HIST_CONN_003,HISTORICAL_CONNECTION_RING,ring
TXN_00001325,ACC_000040,,MER_000040,DEV_000018,IP_000013,2026-01-03T12:12:39,4369.77,PAYMENT_P2M,SUCCESS,UPI,SCEN_LEGIT_BASELINE,LEGITIMATE,legitimate
TXN_00001657,ACC_000413,,MER_000026,DEV_000045,IP_000055,2026-01-03T13:32:29,699.88,PAYMENT_P2M,SUCCESS,NETBANKING,SCEN_LEGIT_BASELINE,LEGITIMATE,legitimate
TXN_00001344,ACC_000195,BEN_000001,,DEV_000092,IP_000012,2026-01-03T14:47:45,1017.62,TRANSFER_P2P,SUCCESS,UPI,SCEN_LEGIT_BASELINE,LEGITIMATE,legitimate
TXN_00001992,ACC_000439,,MER_000014,DEV_000059,IP_000124,2026-01-03T15:58:57,3151.1,PAYMENT_P2M,SUCCESS,UPI,SCEN_LEGIT_BASELINE,LEGITIMATE,legitimate
TXN_00001327,ACC_000308,,MER_000007,DEV_000081,IP_000004,2026-01-03T16:18:32,1038.89,PAYMENT_P2M,SUCCESS,UPI,SCEN_LEGIT_BASELINE,LEGITIMATE,legitimate
TXN_00001271,ACC_000101,BEN_000051,,DEV_000048,IP_000146,2026-01-03T18:36:02,807.3,TRANSFER_P2P,SUCCESS,NETBANKING,SCEN_LEGIT_BASELINE,LEGITIMATE,legitimate
TXN_00001175,ACC_000284,,MER_000033,DEV_000082,IP_000093,2026-01-03T19:21:49,1072.55,PAYMENT_P2M,SUCCESS,NETBANKING,SCEN_LEGIT_BASELINE,LEGITIMATE,legitimate
TXN_00000681,ACC_000186,,MER_000029,DEV_000047,IP_000099,2026-01-03T20:07:42,4833.12,PAYMENT_P2M,SUCCESS,NETBANKING,SCEN_LEGIT_BASELINE,LEGITIMATE,legitimate
TXN_00000468,ACC_000478,,MER_000023,DEV_000002,IP_000051,2026-01-03T21:35:51,393.29,PAYMENT_P2M,SUCCESS,UPI,SCEN_LEGIT_BASELINE,LEGITIMATE,legitimate
TXN_00000289,ACC_000318,,MER_000029,DEV_000069,IP_000049,2026-01-03T22:33:13,899.0,PAYMENT_P2M,SUCCESS,CARD,SCEN_LOOKALIKE_004,LEGITIMATE_LOOKALIKE,legitimate
TXN_00001169,ACC_000490,BEN_000085,,DEV_000015,IP_000025,2026-01-03T22:51:31,252.61,TRANSFER_P2P,SUCCESS,UPI,SCEN_LEGIT_BASELINE,LEGITIMATE,legitimate
TXN_00000301,ACC_000476,BEN_000100,,DEV_000022,IP_000018,2026-01-03T23:10:50,1250.0,TRANSFER_P2P,SUCCESS,CARD,SCEN_LOOKALIKE_005,LEGITIMATE_LOOKALIKE,legitimate
TXN_00001358,ACC_000043,,MER_000018,DEV_000033,IP_000081,2026-01-03T23:29:31,1120.66,PAYMENT_P2M,SUCCESS,UPI,SCEN_LEGIT_BASELINE,LEGITIMATE,legitimate
TXN_00001574,ACC_000445,,MER_000009,DEV_000002,IP_000114,2026-01-04T00:14:46,492.1,PAYMENT_P2M,SUCCESS,CARD,SCEN_LEGIT_BASELINE,LEGITIMATE,legitimate
TXN_00000506,ACC_000025,,MER_000038,DEV_000037,IP_000138,2026-01-04T02:59:39,1630.02,PAYMENT_P2M,SUCCESS,UPI,SCEN_LEGIT_BASELINE,LEGITIMATE,legitimate
TXN_00000490,ACC_000212,,MER_000020,DEV_000043,IP_000129,2026-01-04T03:15:52,1052.6,PAYMENT_P2M,SUCCESS,UPI,SCEN_LEGIT_BASELINE,LEGITIMATE,legitimate
TXN_00001028,ACC_000398,,MER_000033,DEV_000048,IP_000064,2026-01-04T03:31:49,515.19,PAYMENT_P2M,SUCCESS,NETBANKING,SCEN_LEGIT_BASELINE,LEGITIMATE,legitimate
TXN_00000653,ACC_000357,,MER_000040,DEV_000051,IP_000043,2026-01-04T03:55:29,1756.09,PAYMENT_P2M,SUCCESS,NETBANKING,SCEN_LEGIT_BASELINE,LEGITIMATE,legitimate
TXN_00000668,ACC_000295,,MER_000040,DEV_000078,IP_000141,2026-01-04T06:28:58,486.41,PAYMENT_P2M,SUCCESS,CARD,SCEN_LEGIT_BASELINE,LEGITIMATE,legitimate
TXN_00001538,ACC_000323,,MER_000042,DEV_000041,IP_000083,2026-01-04T07:32:15,749.91,PAYMENT_P2M,SUCCESS,NETBANKING,SCEN_LEGIT_BASELINE,LEGITIMATE,legitimate
TXN_00001124,ACC_000443,BEN_000037,,DEV_000018,IP_000089,2026-01-04T08:23:13,2099.59,TRANSFER_P2P,SUCCESS,NETBANKING,SCEN_LEGIT_BASELINE,LEGITIMATE,legitimate
TXN_00001329,ACC_000310,,MER_000027,DEV_000023,IP_000041,2026-01-04T09:21:31,200.71,PAYMENT_P2M,SUCCESS,CARD,SCEN_LEGIT_BASELINE,LEGITIMATE,legitimate
TXN_00001905,ACC_000350,,MER_000025,DEV_000073,IP_000123,2026-01-04T11:13:25,1775.51,PAYMENT_P2M,SUCCESS,UPI,SCEN_LEGIT_BASELINE,LEGITIMATE,legitimate
TXN_00000599,ACC_000299,,MER_000027,DEV_000043,IP_000088,2026-01-04T11:23:24,3718.28,PAYMENT_P2M,SUCCESS,CARD,SCEN_LEGIT_BASELINE,LEGITIMATE,legitimate
TXN_00001996,ACC_000030,,MER_000033,DEV_000018,IP_000071,2026-01-04T11:45:23,104.83,PAYMENT_P2M,SUCCESS,UPI,SCEN_LEGIT_BASELINE,LEGITIMATE,legitimate
TXN_00001903,ACC_000009,,MER_000050,DEV_000071,IP_000068,2026-01-04T11:47:41,116.84,PAYMENT_P2M,SUCCESS,CARD,SCEN_LEGIT_BASELINE,LEGITIMATE,legitimate
TXN_00001662,ACC_000020,,MER_000031,DEV_000097,IP_000127,2026-01-04T12:35:56,589.37,PAYMENT_P2M,SUCCESS,UPI,SCEN_LEGIT_BASELINE,LEGITIMATE,legitimate
TXN_00001138,ACC_000429,BEN_000100,,DEV_000022,IP_000091,2026-01-04T12:48:02,94.66,TRANSFER_P2P,SUCCESS,NETBANKING,SCEN_LEGIT_BASELINE,LEGITIMATE,legitimate
TXN_00001923,ACC_000167,,MER_000007,DEV_000067,IP_000122,2026-01-04T14:38:27,1359.5,PAYMENT_P2M,SUCCESS,CARD,SCEN_LEGIT_BASELINE,LEGITIMATE,legitimate
TXN_00000414,ACC_000323,,MER_000026,DEV_000089,IP_000091,2026-01-04T14:43:29,4846.1,PAYMENT_P2M,SUCCESS,CARD,SCEN_LEGIT_BASELINE,LEGITIMATE,legitimate
TXN_00001018,ACC_000373,,MER_000028,DEV_000069,IP_000117,2026-01-04T15:08:58,226.72,PAYMENT_P2M,SUCCESS,UPI,SCEN_LEGIT_BASELINE,LEGITIMATE,legitimate
TXN_00000719,ACC_000243,,MER_000030,DEV_000071,IP_000078,2026-01-04T16:29:40,2934.45,PAYMENT_P2M,SUCCESS,CARD,SCEN_LEGIT_BASELINE,LEGITIMATE,legitimate
TXN_00001355,ACC_000416,,MER_000044,DEV_000043,IP_000126,2026-01-04T17:20:28,1757.98,PAYMENT_P2M,SUCCESS,UPI,SCEN_LEGIT_BASELINE,LEGITIMATE,legitimate
TXN_00001376,ACC_000358,,MER_000011,DEV_000054,IP_000005,2026-01-04T17:41:11,3506.96,PAYMENT_P2M,SUCCESS,NETBANKING,SCEN_LEGIT_BASELINE,LEGITIMATE,legitimate
TXN_00000850,ACC_000151,,MER_000005,DEV_000055,IP_000133,2026-01-04T18:06:10,542.24,PAYMENT_P2M,SUCCESS,UPI,SCEN_LEGIT_BASELINE,LEGITIMATE,legitimate
TXN_00000238,ACC_000249,,MER_000046,DEV_000030,IP_000032,2026-01-04T19:05:25,1250.0,PAYMENT_P2M,SUCCESS,UPI,SCEN_LOOKALIKE_001,LEGITIMATE_LOOKALIKE,legitimate
TXN_00001020,ACC_000463,BEN_000009,,DEV_000054,IP_000013,2026-01-04T19:18:25,785.72,TRANSFER_P2P,SUCCESS,NETBANKING,SCEN_LEGIT_BASELINE,LEGITIMATE,legitimate
TXN_00000774,ACC_000316,,MER_000042,DEV_000011,IP_000055,2026-01-04T19:34:16,207.44,PAYMENT_P2M,SUCCESS,CARD,SCEN_LEGIT_BASELINE,LEGITIMATE,legitimate
TXN_00000800,ACC_000346,BEN_000077,,DEV_000077,IP_000074,2026-01-04T20:34:57,181.55,TRANSFER_P2P,SUCCESS,CARD,SCEN_LEGIT_BASELINE,LEGITIMATE,legitimate
TXN_00000394,ACC_000122,,MER_000006,DEV_000004,IP_000136,2026-01-04T20:50:22,882.4,PAYMENT_P2M,SUCCESS,NETBANKING,SCEN_LEGIT_BASELINE,LEGITIMATE,legitimate
TXN_00000467,ACC_000115,,MER_000031,DEV_000087,IP_000075,2026-01-04T21:36:44,4576.38,PAYMENT_P2M,SUCCESS,UPI,SCEN_LEGIT_BASELINE,LEGITIMATE,legitimate
TXN_00000831,ACC_000112,BEN_000095,,DEV_000055,IP_000081,2026-01-04T21:50:46,742.54,TRANSFER_P2P,SUCCESS,NETBANKING,SCEN_LEGIT_BASELINE,LEGITIMATE,legitimate
TXN_00001860,ACC_000111,,MER_000006,DEV_000044,IP_000057,2026-01-04T23:49:38,1698.78,PAYMENT_P2M,SUCCESS,UPI,SCEN_LEGIT_BASELINE,LEGITIMATE,legitimate
TXN_00001739,ACC_000141,,MER_000030,DEV_000001,IP_000102,2026-01-04T23:50:07,500.9,PAYMENT_P2M,SUCCESS,NETBANKING,SCEN_LEGIT_BASELINE,LEGITIMATE,legitimate
TXN_00000282,ACC_000385,,MER_000005,DEV_000056,IP_000119,2026-01-05T00:22:40,150.0,PAYMENT_P2M,SUCCESS,CARD,SCEN_LOOKALIKE_003,LEGITIMATE_LOOKALIKE,legitimate
TXN_00001223,ACC_000261,,MER_000026,DEV_000074,IP_000096,2026-01-05T00:37:14,230.76,PAYMENT_P2M,SUCCESS,NETBANKING,SCEN_LEGIT_BASELINE,LEGITIMATE,legitimate
TXN_00001272,ACC_000232,,MER_000042,DEV_000034,IP_000113,2026-01-05T02:25:57,338.62,PAYMENT_P2M,SUCCESS,UPI,SCEN_LEGIT_BASELINE,LEGITIMATE,legitimate
TXN_00001356,ACC_000219,BEN_000026,,DEV_000044,IP_000057,2026-01-05T02:39:53,125.28,TRANSFER_P2P,SUCCESS,CARD,SCEN_LEGIT_BASELINE,LEGITIMATE,legitimate
TXN_00001379,ACC_000021,,MER_000040,DEV_000074,IP_000027,2026-01-05T02:57:15,360.33,PAYMENT_P2M,SUCCESS,UPI,SCEN_LEGIT_BASELINE,LEGITIMATE,legitimate
TXN_00001200,ACC_000357,,MER_000017,DEV_000051,IP_000097,2026-01-05T03:55:49,5136.36,PAYMENT_P2M,SUCCESS,NETBANKING,SCEN_LEGIT_BASELINE,LEGITIMATE,legitimate
TXN_00001077,ACC_000131,,MER_000012,DEV_000041,IP_000006,2026-01-05T05:17:23,1582.46,PAYMENT_P2M,SUCCESS,UPI,SCEN_LEGIT_BASELINE,LEGITIMATE,legitimate
TXN_00001485,ACC_000243,,MER_000032,DEV_000071,IP_000078,2026-01-05T05:53:47,316.11,PAYMENT_P2M,SUCCESS,UPI,SCEN_LEGIT_BASELINE,LEGITIMATE,legitimate
TXN_00001492,ACC_000309,,MER_000029,DEV_000083,IP_000018,2026-01-05T07:06:39,577.78,PAYMENT_P2M,SUCCESS,CARD,SCEN_LEGIT_BASELINE,LEGITIMATE,legitimate
TXN_00001788,ACC_000425,BEN_000062,,DEV_000057,IP_000140,2026-01-05T07:24:36,1100.71,TRANSFER_P2P,SUCCESS,UPI,SCEN_LEGIT_BASELINE,LEGITIMATE,legitimate
TXN_00001799,ACC_000141,BEN_000012,,DEV_000001,IP_000102,2026-01-05T09:23:53,621.08,TRANSFER_P2P,SUCCESS,NETBANKING,SCEN_LEGIT_BASELINE,LEGITIMATE,legitimate
TXN_00001818,ACC_000235,BEN_000048,,DEV_000055,IP_000028,2026-01-05T09:29:28,274.29,TRANSFER_P2P,SUCCESS,UPI,SCEN_LEGIT_BASELINE,LEGITIMATE,legitimate
TXN_00001050,ACC_000071,BEN_000078,,DEV_000079,IP_000011,2026-01-05T10:24:58,969.46,TRANSFER_P2P,SUCCESS,CARD,SCEN_LEGIT_BASELINE,LEGITIMATE,legitimate
TXN_00000536,ACC_000357,,MER_000026,DEV_000051,IP_000043,2026-01-05T11:02:33,4047.41,PAYMENT_P2M,SUCCESS,UPI,SCEN_LEGIT_BASELINE,LEGITIMATE,legitimate
TXN_00001890,ACC_000450,,MER_000018,DEV_000032,IP_000070,2026-01-05T11:18:26,292.12,PAYMENT_P2M,SUCCESS,UPI,SCEN_LEGIT_BASELINE,LEGITIMATE,legitimate
TXN_00001090,ACC_000453,,MER_000013,DEV_000017,IP_000134,2026-01-05T11:27:07,1534.36,PAYMENT_P2M,SUCCESS,NETBANKING,SCEN_LEGIT_BASELINE,LEGITIMATE,legitimate
TXN_00001120,ACC_000064,,MER_000026,DEV_000017,IP_000141,2026-01-05T12:00:22,655.84,PAYMENT_P2M,SUCCESS,NETBANKING,SCEN_LEGIT_BASELINE,LEGITIMATE,legitimate
TXN_00000256,ACC_000055,BEN_000059,,DEV_000005,IP_000011,2026-01-05T12:14:28,5000.0,TRANSFER_P2P,SUCCESS,NETBANKING,SCEN_LOOKALIKE_002,LEGITIMATE_LOOKALIKE,legitimate
TXN_00000531,ACC_000336,,MER_000006,DEV_000002,IP_000098,2026-01-05T12:53:50,1875.62,PAYMENT_P2M,SUCCESS,UPI,SCEN_LEGIT_BASELINE,LEGITIMATE,legitimate
TXN_00001464,ACC_000283,,MER_000044,DEV_000094,IP_000085,2026-01-05T13:31:51,239.33,PAYMENT_P2M,SUCCESS,CARD,SCEN_LEGIT_BASELINE,LEGITIMATE,legitimate
TXN_00001594,ACC_000013,,MER_000027,DEV_000002,IP_000128,2026-01-05T13:52:44,2432.76,PAYMENT_P2M,SUCCESS,UPI,SCEN_LEGIT_BASELINE,LEGITIMATE,legitimate
TXN_00000987,ACC_000471,,MER_000024,DEV_000050,IP_000048,2026-01-05T13:57:40,2224.39,PAYMENT_P2M,SUCCESS,CARD,SCEN_LEGIT_BASELINE,LEGITIMATE,legitimate
TXN_00001436,ACC_000156,,MER_000031,DEV_000037,IP_000050,2026-01-05T14:24:04,1131.93,PAYMENT_P2M,SUCCESS,UPI,SCEN_LEGIT_BASELINE,LEGITIMATE,legitimate
TXN_00000519,ACC_000436,BEN_000064,,DEV_000014,IP_000016,2026-01-05T14:41:43,243.36,TRANSFER_P2P,SUCCESS,NETBANKING,SCEN_LEGIT_BASELINE,LEGITIMATE,legitimate
TXN_00001682,ACC_000446,,MER_000047,DEV_000056,IP_000010,2026-01-05T16:43:10,1629.49,PAYMENT_P2M,SUCCESS,CARD,SCEN_LEGIT_BASELINE,LEGITIMATE,legitimate
TXN_00001190,ACC_000282,,MER_000019,DEV_000039,IP_000013,2026-01-05T17:31:52,2349.75,PAYMENT_P2M,SUCCESS,UPI,SCEN_LEGIT_BASELINE,LEGITIMATE,legitimate
TXN_00001085,ACC_000419,,MER_000020,DEV_000036,IP_000124,2026-01-05T18:11:19,1128.34,PAYMENT_P2M,SUCCESS,UPI,SCEN_LEGIT_BASELINE,LEGITIMATE,legitimate
TXN_00001320,ACC_000328,,MER_000020,DEV_000038,IP_000149,2026-01-05T20:05:34,811.8,PAYMENT_P2M,SUCCESS,CARD,SCEN_LEGIT_BASELINE,LEGITIMATE,legitimate
TXN_00001920,ACC_000317,,MER_000021,DEV_000072,IP_000059,2026-01-05T21:00:08,5561.31,PAYMENT_P2M,SUCCESS,NETBANKING,SCEN_LEGIT_BASELINE,LEGITIMATE,legitimate
TXN_00001576,ACC_000216,,MER_000036,DEV_000059,IP_000007,2026-01-05T21:03:35,2705.69,PAYMENT_P2M,SUCCESS,UPI,SCEN_LEGIT_BASELINE,LEGITIMATE,legitimate
TXN_00000323,ACC_000375,,MER_000043,DEV_000037,IP_000054,2026-01-05T21:20:29,218.25,PAYMENT_P2M,SUCCESS,UPI,SCEN_LEGIT_BASELINE,LEGITIMATE,legitimate
TXN_00000326,ACC_000277,BEN_000066,,DEV_000023,IP_000063,2026-01-05T22:03:02,545.67,TRANSFER_P2P,SUCCESS,UPI,SCEN_LEGIT_BASELINE,LEGITIMATE,legitimate
TXN_00000235,ACC_000365,,MER_000029,DEV_000051,IP_000032,2026-01-05T22:05:05,1250.0,PAYMENT_P2M,SUCCESS,CARD,SCEN_LOOKALIKE_001,LEGITIMATE_LOOKALIKE,legitimate
TXN_00001998,ACC_000443,,MER_000050,DEV_000018,IP_000089,2026-01-05T22:53:06,794.35,PAYMENT_P2M,SUCCESS,UPI,SCEN_LEGIT_BASELINE,LEGITIMATE,legitimate
TXN_00001610,ACC_000098,,MER_000029,DEV_000080,IP_000115,2026-01-06T01:54:37,245.59,PAYMENT_P2M,SUCCESS,NETBANKING,SCEN_LEGIT_BASELINE,LEGITIMATE,legitimate
TXN_00000469,ACC_000299,BEN_000022,,DEV_000043,IP_000088,2026-01-06T02:02:21,876.84,TRANSFER_P2P,SUCCESS,NETBANKING,SCEN_LEGIT_BASELINE,LEGITIMATE,legitimate
TXN_00001483,ACC_000029,,MER_000010,DEV_000011,IP_000014,2026-01-06T02:13:03,2284.69,PAYMENT_P2M,SUCCESS,CARD,SCEN_LEGIT_BASELINE,LEGITIMATE,legitimate
TXN_00001793,ACC_000186,,MER_000037,DEV_000020,IP_000033,2026-01-06T02:35:36,533.85,PAYMENT_P2M,SUCCESS,CARD,SCEN_LEGIT_BASELINE,LEGITIMATE,legitimate
TXN_00000386,ACC_000389,,MER_000040,DEV_000042,IP_000133,2026-01-06T04:31:07,249.67,PAYMENT_P2M,SUCCESS,UPI,SCEN_LEGIT_BASELINE,LEGITIMATE,legitimate
TXN_00001275,ACC_000136,BEN_000013,,DEV_000055,IP_000063,2026-01-06T05:59:35,2706.53,TRANSFER_P2P,SUCCESS,UPI,SCEN_LEGIT_BASELINE,LEGITIMATE,legitimate
TXN_00000457,ACC_000182,,MER_000031,DEV_000038,IP_000116,2026-01-06T06:34:10,2768.47,PAYMENT_P2M,SUCCESS,NETBANKING,SCEN_LEGIT_BASELINE,LEGITIMATE,legitimate
TXN_00000607,ACC_000148,BEN_000032,,DEV_000097,IP_000016,2026-01-06T06:56:07,1865.92,TRANSFER_P2P,SUCCESS,NETBANKING,SCEN_LEGIT_BASELINE,LEGITIMATE,legitimate
TXN_00000993,ACC_000396,BEN_000051,,DEV_000078,IP_000097,2026-01-06T07:37:35,805.36,TRANSFER_P2P,SUCCESS,UPI,SCEN_LEGIT_BASELINE,LEGITIMATE,legitimate
TXN_00001710,ACC_000175,BEN_000028,,DEV_000099,IP_000103,2026-01-06T08:00:58,594.91,TRANSFER_P2P,SUCCESS,UPI,SCEN_LEGIT_BASELINE,LEGITIMATE,legitimate
TXN_00000732,ACC_000198,BEN_000048,,DEV_000059,IP_000142,2026-01-06T08:47:34,1471.24,TRANSFER_P2P,SUCCESS,UPI,SCEN_LEGIT_BASELINE,LEGITIMATE,legitimate
TXN_00000982,ACC_000468,BEN_000054,,DEV_000029,IP_000074,2026-01-06T09:07:49,270.28,TRANSFER_P2P,SUCCESS,UPI,SCEN_LEGIT_BASELINE,LEGITIMATE,legitimate
TXN_00000711,ACC_000155,,MER_000049,DEV_000084,IP_000072,2026-01-06T09:13:35,797.32,PAYMENT_P2M,SUCCESS,UPI,SCEN_LEGIT_BASELINE,LEGITIMATE,legitimate
TXN_00001861,ACC_000096,BEN_000030,,DEV_000037,IP_000136,2026-01-06T09:38:03,1187.77,TRANSFER_P2P,SUCCESS,UPI,SCEN_LEGIT_BASELINE,LEGITIMATE,legitimate
TXN_00000592,ACC_000161,BEN_000033,,DEV_000033,IP_000126,2026-01-06T09:56:12,2760.78,TRANSFER_P2P,SUCCESS,UPI,SCEN_LEGIT_BASELINE,LEGITIMATE,legitimate
TXN_00001652,ACC_000169,BEN_000054,,DEV_000031,IP_000065,2026-01-06T13:44:31,53.91,TRANSFER_P2P,SUCCESS,UPI,SCEN_LEGIT_BASELINE,LEGITIMATE,legitimate
TXN_00000692,ACC_000465,BEN_000078,,DEV_000052,IP_000059,2026-01-06T14:54:38,1550.66,TRANSFER_P2P,SUCCESS,UPI,SCEN_LEGIT_BASELINE,LEGITIMATE,legitimate
TXN_00001848,ACC_000364,BEN_000041,,DEV_000050,IP_000124,2026-01-06T15:11:20,1460.21,TRANSFER_P2P,SUCCESS,UPI,SCEN_LEGIT_BASELINE,LEGITIMATE,legitimate
TXN_00000655,ACC_000011,,MER_000050,DEV_000079,IP_000094,2026-01-06T15:43:17,1443.91,PAYMENT_P2M,SUCCESS,NETBANKING,SCEN_LEGIT_BASELINE,LEGITIMATE,legitimate
TXN_00001117,ACC_000428,,MER_000038,DEV_000046,IP_000063,2026-01-06T16:31:29,800.2,PAYMENT_P2M,SUCCESS,UPI,SCEN_LEGIT_BASELINE,LEGITIMATE,legitimate
TXN_00001919,ACC_000268,,MER_000048,DEV_000091,IP_000065,2026-01-06T17:19:15,3319.74,PAYMENT_P2M,SUCCESS,UPI,SCEN_LEGIT_BASELINE,LEGITIMATE,legitimate
TXN_00000897,ACC_000489,,MER_000027,DEV_000076,IP_000056,2026-01-06T17:48:50,2045.54,PAYMENT_P2M,SUCCESS,UPI,SCEN_LEGIT_BASELINE,LEGITIMATE,legitimate
TXN_00000700,ACC_000341,BEN_000090,,DEV_000053,IP_000124,2026-01-06T17:52:06,669.01,TRANSFER_P2P,SUCCESS,NETBANKING,SCEN_LEGIT_BASELINE,LEGITIMATE,legitimate
TXN_00001071,ACC_000370,BEN_000015,,DEV_000068,IP_000064,2026-01-06T18:14:50,1832.52,TRANSFER_P2P,SUCCESS,NETBANKING,SCEN_LEGIT_BASELINE,LEGITIMATE,legitimate
TXN_00000805,ACC_000191,,MER_000001,DEV_000021,IP_000090,2026-01-06T18:22:10,1697.85,PAYMENT_P2M,SUCCESS,NETBANKING,SCEN_LEGIT_BASELINE,LEGITIMATE,legitimate
TXN_00001040,ACC_000252,,MER_000029,DEV_000006,IP_000057,2026-01-06T18:39:14,322.38,PAYMENT_P2M,SUCCESS,UPI,SCEN_LEGIT_BASELINE,LEGITIMATE,legitimate
TXN_00000593,ACC_000075,,MER_000021,DEV_000001,IP_000028,2026-01-06T19:16:22,222.31,PAYMENT_P2M,SUCCESS,NETBANKING,SCEN_LEGIT_BASELINE,LEGITIMATE,legitimate
TXN_00001279,ACC_000371,,MER_000023,DEV_000079,IP_000046,2026-01-06T21:33:06,419.43,PAYMENT_P2M,SUCCESS,NETBANKING,SCEN_LEGIT_BASELINE,LEGITIMATE,legitimate
TXN_00001504,ACC_000379,,MER_000018,DEV_000049,IP_000038,2026-01-06T21:36:14,8044.21,PAYMENT_P2M,SUCCESS,CARD,SCEN_LEGIT_BASELINE,LEGITIMATE,legitimate
TXN_00001010,ACC_000193,,MER_000008,DEV_000072,IP_000003,2026-01-06T21:58:10,105.61,PAYMENT_P2M,SUCCESS,UPI,SCEN_LEGIT_BASELINE,LEGITIMATE,legitimate
TXN_00001084,ACC_000452,,MER_000023,DEV_000099,IP_000055,2026-01-06T23:59:01,368.14,PAYMENT_P2M,SUCCESS,UPI,SCEN_LEGIT_BASELINE,LEGITIMATE,legitimate
TXN_00001849,ACC_000260,BEN_000095,,DEV_000003,IP_000078,2026-01-07T00:33:17,564.5,TRANSFER_P2P,SUCCESS,CARD,SCEN_LEGIT_BASELINE,LEGITIMATE,legitimate
TXN_00000150,ACC_000046,,MER_000034,DEV_000060,IP_000073,2026-01-07T01:00:00,500.0,PAYMENT_P2M,SUCCESS,UPI,SCEN_HIST_CONN_001,HISTORICAL_CONNECTION_RING,ring
TXN_00000549,ACC_000262,,MER_000050,DEV_000019,IP_000108,2026-01-07T02:39:58,223.33,PAYMENT_P2M,SUCCESS,NETBANKING,SCEN_LEGIT_BASELINE,LEGITIMATE,legitimate
TXN_00001298,ACC_000030,,MER_000027,DEV_000018,IP_000071,2026-01-07T04:05:05,607.89,PAYMENT_P2M,SUCCESS,CARD,SCEN_LEGIT_BASELINE,LEGITIMATE,legitimate
TXN_00000153,ACC_000423,,MER_000013,DEV_000060,IP_000073,2026-01-07T05:00:00,500.0,PAYMENT_P2M,SUCCESS,UPI,SCEN_HIST_CONN_001,HISTORICAL_CONNECTION_RING,ring
TXN_00001736,ACC_000050,,MER_000048,DEV_000016,IP_000148,2026-01-07T05:21:05,839.94,PAYMENT_P2M,SUCCESS,CARD,SCEN_LEGIT_BASELINE,LEGITIMATE,legitimate
TXN_00000152,ACC_000424,,MER_000042,DEV_000060,IP_000073,2026-01-07T07:00:00,500.0,PAYMENT_P2M,SUCCESS,UPI,SCEN_HIST_CONN_001,HISTORICAL_CONNECTION_RING,ring
TXN_00000747,ACC_000161,,MER_000048,DEV_000033,IP_000126,2026-01-07T07:10:31,655.14,PAYMENT_P2M,SUCCESS,UPI,SCEN_LEGIT_BASELINE,LEGITIMATE,legitimate
TXN_00001902,ACC_000072,,MER_000014,DEV_000089,IP_000142,2026-01-07T07:43:26,335.32,PAYMENT_P2M,SUCCESS,NETBANKING,SCEN_LEGIT_BASELINE,LEGITIMATE,legitimate
TXN_00001387,ACC_000328,,MER_000026,DEV_000038,IP_000149,2026-01-07T08:24:09,632.18,PAYMENT_P2M,SUCCESS,CARD,SCEN_LEGIT_BASELINE,LEGITIMATE,legitimate
TXN_00000647,ACC_000178,BEN_000036,,DEV_000060,IP_000020,2026-01-07T08:53:23,481.8,TRANSFER_P2P,SUCCESS,CARD,SCEN_LEGIT_BASELINE,LEGITIMATE,legitimate
TXN_00001717,ACC_000064,,MER_000030,DEV_000017,IP_000141,2026-01-07T08:57:18,357.09,PAYMENT_P2M,SUCCESS,CARD,SCEN_LEGIT_BASELINE,LEGITIMATE,legitimate
TXN_00000824,ACC_000133,,MER_000004,DEV_000036,IP_000112,2026-01-07T09:33:46,171.0,PAYMENT_P2M,SUCCESS,UPI,SCEN_LEGIT_BASELINE,LEGITIMATE,legitimate
TXN_00001300,ACC_000451,BEN_000059,,DEV_000093,IP_000065,2026-01-07T09:47:28,314.24,TRANSFER_P2P,SUCCESS,NETBANKING,SCEN_LEGIT_BASELINE,LEGITIMATE,legitimate
TXN_00000610,ACC_000418,,MER_000023,DEV_000080,IP_000003,2026-01-07T10:03:48,84.2,PAYMENT_P2M,SUCCESS,CARD,SCEN_LEGIT_BASELINE,LEGITIMATE,legitimate
TXN_00001009,ACC_000323,,MER_000038,DEV_000041,IP_000083,2026-01-07T10:44:08,331.4,PAYMENT_P2M,SUCCESS,UPI,SCEN_LEGIT_BASELINE,LEGITIMATE,legitimate
TXN_00001745,ACC_000079,BEN_000033,,DEV_000005,IP_000126,2026-01-07T10:58:20,2866.79,TRANSFER_P2P,SUCCESS,UPI,SCEN_LEGIT_BASELINE,LEGITIMATE,legitimate
TXN_00000154,ACC_000063,,MER_000022,DEV_000060,IP_000073,2026-01-07T11:00:00,500.0,PAYMENT_P2M,SUCCESS,UPI,SCEN_HIST_CONN_001,HISTORICAL_CONNECTION_RING,ring
TXN_00001452,ACC_000396,,MER_000036,DEV_000078,IP_000097,2026-01-07T11:20:55,1121.12,PAYMENT_P2M,SUCCESS,NETBANKING,SCEN_LEGIT_BASELINE,LEGITIMATE,legitimate
TXN_00000976,ACC_000401,,MER_000021,DEV_000071,IP_000029,2026-01-07T11:24:16,1452.64,PAYMENT_P2M,SUCCESS,UPI,SCEN_LEGIT_BASELINE,LEGITIMATE,legitimate
TXN_00001294,ACC_000279,,MER_000047,DEV_000091,IP_000017,2026-01-07T11:56:47,181.61,PAYMENT_P2M,SUCCESS,NETBANKING,SCEN_LEGIT_BASELINE,LEGITIMATE,legitimate
TXN_00000151,ACC_000449,,MER_000031,DEV_000060,IP_000073,2026-01-07T12:00:00,500.0,PAYMENT_P2M,SUCCESS,UPI,SCEN_HIST_CONN_001,HISTORICAL_CONNECTION_RING,ring
TXN_00000836,ACC_000052,BEN_000081,,DEV_000025,IP_000081,2026-01-07T12:58:54,2298.29,TRANSFER_P2P,SUCCESS,UPI,SCEN_LEGIT_BASELINE,LEGITIMATE,legitimate
TXN_00001953,ACC_000110,,MER_000008,DEV_000078,IP_000087,2026-01-07T13:40:32,476.73,PAYMENT_P2M,SUCCESS,NETBANKING,SCEN_LEGIT_BASELINE,LEGITIMATE,legitimate
TXN_00000880,ACC_000313,BEN_000018,,DEV_000032,IP_000140,2026-01-07T13:53:06,1350.65,TRANSFER_P2P,SUCCESS,NETBANKING,SCEN_LEGIT_BASELINE,LEGITIMATE,legitimate
TXN_00000578,ACC_000338,BEN_000036,,DEV_000055,IP_000021,2026-01-07T15:04:04,2233.93,TRANSFER_P2P,SUCCESS,UPI,SCEN_LEGIT_BASELINE,LEGITIMATE,legitimate
TXN_00000085,ACC_000320,BEN_000093,,DEV_000075,IP_000044,2026-01-07T15:14:33,49500.0,TRANSFER_P2P,SUCCESS,IMPS,SCEN_COMMON_BEN_002,COMMON_BENEFICIARY_RING,ring
TXN_00001491,ACC_000422,,MER_000003,DEV_000094,IP_000054,2026-01-07T17:00:51,263.77,PAYMENT_P2M,SUCCESS,NETBANKING,SCEN_LEGIT_BASELINE,LEGITIMATE,legitimate
TXN_00001885,ACC_000059,BEN_000058,,DEV_000006,IP_000030,2026-01-07T17:20:38,377.61,TRANSFER_P2P,SUCCESS,CARD,SCEN_LEGIT_BASELINE,LEGITIMATE,legitimate
TXN_00000330,ACC_000210,,MER_000008,DEV_000025,IP_000138,2026-01-07T17:46:57,828.57,PAYMENT_P2M,SUCCESS,UPI,SCEN_LEGIT_BASELINE,LEGITIMATE,legitimate
TXN_00001460,ACC_000492,,MER_000032,DEV_000081,IP_000117,2026-01-07T17:54:22,1554.9,PAYMENT_P2M,SUCCESS,UPI,SCEN_LEGIT_BASELINE,LEGITIMATE,legitimate
TXN_00000416,ACC_000404,,MER_000015,DEV_000062,IP_000042,2026-01-07T18:15:22,1378.08,PAYMENT_P2M,SUCCESS,NETBANKING,SCEN_LEGIT_BASELINE,LEGITIMATE,legitimate
TXN_00000950,ACC_000382,,MER_000013,DEV_000074,IP_000050,2026-01-07T19:07:55,2762.01,PAYMENT_P2M,SUCCESS,NETBANKING,SCEN_LEGIT_BASELINE,LEGITIMATE,legitimate
TXN_00000623,ACC_000283,,MER_000009,DEV_000094,IP_000085,2026-01-07T19:09:16,238.46,PAYMENT_P2M,SUCCESS,UPI,SCEN_LEGIT_BASELINE,LEGITIMATE,legitimate
TXN_00001986,ACC_000460,BEN_000053,,DEV_000081,IP_000085,2026-01-07T19:49:12,885.19,TRANSFER_P2P,SUCCESS,UPI,SCEN_LEGIT_BASELINE,LEGITIMATE,legitimate
TXN_00001274,ACC_000337,BEN_000062,,DEV_000029,IP_000085,2026-01-07T20:02:05,2358.05,TRANSFER_P2P,SUCCESS,UPI,SCEN_LEGIT_BASELINE,LEGITIMATE,legitimate
TXN_00001785,ACC_000182,,MER_000032,DEV_000020,IP_000116,2026-01-07T20:34:05,340.39,PAYMENT_P2M,SUCCESS,CARD,SCEN_LEGIT_BASELINE,LEGITIMATE,legitimate
TXN_00001789,ACC_000142,,MER_000032,DEV_000048,IP_000133,2026-01-07T21:29:58,212.59,PAYMENT_P2M,SUCCESS,CARD,SCEN_LEGIT_BASELINE,LEGITIMATE,legitimate
TXN_00001993,ACC_000442,,MER_000005,DEV_000068,IP_000116,2026-01-07T22:15:37,5246.05,PAYMENT_P2M,SUCCESS,UPI,SCEN_LEGIT_BASELINE,LEGITIMATE,legitimate
TXN_00000086,ACC_000320,BEN_000093,,DEV_000075,IP_000044,2026-01-07T23:14:33,24800.0,TRANSFER_P2P,SUCCESS,IMPS,SCEN_COMMON_BEN_002,COMMON_BENEFICIARY_RING,ring
TXN_00000788,ACC_000477,,MER_000045,DEV_000018,IP_000089,2026-01-07T23:40:55,289.73,PAYMENT_P2M,SUCCESS,CARD,SCEN_LEGIT_BASELINE,LEGITIMATE,legitimate
TXN_00001406,ACC_000394,BEN_000062,,DEV_000056,IP_000063,2026-01-08T00:36:27,667.53,TRANSFER_P2P,SUCCESS,UPI,SCEN_LEGIT_BASELINE,LEGITIMATE,legitimate
TXN_00000744,ACC_000356,BEN_000017,,DEV_000091,IP_000011,2026-01-08T00:44:56,1265.69,TRANSFER_P2P,SUCCESS,NETBANKING,SCEN_LEGIT_BASELINE,LEGITIMATE,legitimate
TXN_00001205,ACC_000143,,MER_000025,DEV_000054,IP_000063,2026-01-08T01:29:32,53.35,PAYMENT_P2M,SUCCESS,NETBANKING,SCEN_LEGIT_BASELINE,LEGITIMATE,legitimate
TXN_00000099,ACC_000118,BEN_000047,,DEV_000091,IP_000086,2026-01-08T02:05:07,24500.0,TRANSFER_P2P,SUCCESS,IMPS,SCEN_COMMON_BEN_003,COMMON_BENEFICIARY_RING,ring
TXN_00000100,ACC_000118,BEN_000047,,DEV_000091,IP_000086,2026-01-08T02:05:07,49500.0,TRANSFER_P2P,SUCCESS,IMPS,SCEN_COMMON_BEN_003,COMMON_BENEFICIARY_RING,ring
TXN_00000098,ACC_000118,BEN_000047,,DEV_000091,IP_000086,2026-01-08T03:05:07,24800.0,TRANSFER_P2P,SUCCESS,IMPS,SCEN_COMMON_BEN_003,COMMON_BENEFICIARY_RING,ring
TXN_00000812,ACC_000210,BEN_000062,,DEV_000033,IP_000138,2026-01-08T03:18:39,724.73,TRANSFER_P2P,SUCCESS,NETBANKING,SCEN_LEGIT_BASELINE,LEGITIMATE,legitimate
TXN_00001500,ACC_000251,,MER_000009,DEV_000099,IP_000127,2026-01-08T03:33:32,1419.5,PAYMENT_P2M,SUCCESS,NETBANKING,SCEN_LEGIT_BASELINE,LEGITIMATE,legitimate
TXN_00000101,ACC_000118,BEN_000047,,DEV_000091,IP_000086,2026-01-08T08:05:07,49000.0,TRANSFER_P2P,SUCCESS,IMPS,SCEN_COMMON_BEN_003,COMMON_BENEFICIARY_RING,ring
TXN_00001786,ACC_000321,,MER_000002,DEV_000005,IP_000072,2026-01-08T08:15:28,100.82,PAYMENT_P2M,SUCCESS,UPI,SCEN_LEGIT_BASELINE,LEGITIMATE,legitimate
TXN_00000366,ACC_000441,,MER_000009,DEV_000083,IP_000118,2026-01-08T10:13:21,1232.76,PAYMENT_P2M,SUCCESS,UPI,SCEN_LEGIT_BASELINE,LEGITIMATE,legitimate
TXN_00000963,ACC_000351,,MER_000039,DEV_000082,IP_000106,2026-01-08T10:25:23,109.7,PAYMENT_P2M,SUCCESS,CARD,SCEN_LEGIT_BASELINE,LEGITIMATE,legitimate
TXN_00000539,ACC_000478,BEN_000040,,DEV_000002,IP_000051,2026-01-08T11:49:40,972.72,TRANSFER_P2P,SUCCESS,UPI,SCEN_LEGIT_BASELINE,LEGITIMATE,legitimate
TXN_00001850,ACC_000346,BEN_000064,,DEV_000080,IP_000074,2026-01-08T11:50:20,2901.9,TRANSFER_P2P,SUCCESS,UPI,SCEN_LEGIT_BASELINE,LEGITIMATE,legitimate
TXN_00000513,ACC_000044,,MER_000023,DEV_000053,IP_000007,2026-01-08T13:50:23,776.18,PAYMENT_P2M,SUCCESS,UPI,SCEN_LEGIT_BASELINE,LEGITIMATE,legitimate
TXN_00001315,ACC_000305,BEN_000042,,DEV_000006,IP_000005,2026-01-08T13:55:28,1153.13,TRANSFER_P2P,SUCCESS,NETBANKING,SCEN_LEGIT_BASELINE,LEGITIMATE,legitimate
TXN_00000767,ACC_000079,,MER_000015,DEV_000005,IP_000040,2026-01-08T14:26:31,1871.64,PAYMENT_P2M,SUCCESS,CARD,SCEN_LEGIT_BASELINE,LEGITIMATE,legitimate
TXN_00000826,ACC_000105,BEN_000013,,DEV_000077,IP_000138,2026-01-08T15:57:16,1248.12,TRANSFER_P2P,SUCCESS,NETBANKING,SCEN_LEGIT_BASELINE,LEGITIMATE,legitimate
TXN_00001655,ACC_000287,BEN_000059,,DEV_000012,IP_000108,2026-01-08T16:02:08,546.24,TRANSFER_P2P,SUCCESS,UPI,SCEN_LEGIT_BASELINE,LEGITIMATE,legitimate
TXN_00001763,ACC_000232,,MER_000047,DEV_000061,IP_000003,2026-01-08T19:25:36,1928.11,PAYMENT_P2M,SUCCESS,UPI,SCEN_LEGIT_BASELINE,LEGITIMATE,legitimate
TXN_00001262,ACC_000064,,MER_000016,DEV_000056,IP_000141,2026-01-08T19:44:53,754.23,PAYMENT_P2M,SUCCESS,NETBANKING,SCEN_LEGIT_BASELINE,LEGITIMATE,legitimate
TXN_00000781,ACC_000121,,MER_000030,DEV_000025,IP_000052,2026-01-08T20:06:35,149.01,PAYMENT_P2M,SUCCESS,UPI,SCEN_LEGIT_BASELINE,LEGITIMATE,legitimate
TXN_00001897,ACC_000377,,MER_000036,DEV_000094,IP_000061,2026-01-08T21:44:41,910.69,PAYMENT_P2M,SUCCESS,UPI,SCEN_LEGIT_BASELINE,LEGITIMATE,legitimate
TXN_00001056,ACC_000131,BEN_000031,,DEV_000041,IP_000027,2026-01-08T22:10:05,808.68,TRANSFER_P2P,SUCCESS,CARD,SCEN_LEGIT_BASELINE,LEGITIMATE,legitimate
TXN_00001757,ACC_000057,BEN_000089,,DEV_000004,IP_000086,2026-01-08T22:36:45,525.54,TRANSFER_P2P,SUCCESS,UPI,SCEN_LEGIT_BASELINE,LEGITIMATE,legitimate
TXN_00000978,ACC_000494,BEN_000073,,DEV_000063,IP_000130,2026-01-08T23:42:00,1347.07,TRANSFER_P2P,SUCCESS,NETBANKING,SCEN_LEGIT_BASELINE,LEGITIMATE,legitimate
TXN_00000308,ACC_000482,BEN_000100,,DEV_000030,IP_000102,2026-01-09T02:41:30,3500.0,TRANSFER_P2P,SUCCESS,CARD,SCEN_LOOKALIKE_005,LEGITIMATE_LOOKALIKE,legitimate
TXN_00000454,ACC_000109,,MER_000010,DEV_000008,IP_000139,2026-01-09T02:43:18,952.2,PAYMENT_P2M,SUCCESS,UPI,SCEN_LEGIT_BASELINE,LEGITIMATE,legitimate
TXN_00000622,ACC_000066,,MER_000010,DEV_000028,IP_000111,2026-01-09T03:12:56,488.08,PAYMENT_P2M,SUCCESS,UPI,SCEN_LEGIT_BASELINE,LEGITIMATE,legitimate
TXN_00001416,ACC_000328,,MER_000026,DEV_000038,IP_000124,2026-01-09T03:59:42,290.85,PAYMENT_P2M,SUCCESS,NETBANKING,SCEN_LEGIT_BASELINE,LEGITIMATE,legitimate
TXN_00000492,ACC_000191,,MER_000016,DEV_000021,IP_000020,2026-01-09T04:42:02,2119.18,PAYMENT_P2M,SUCCESS,UPI,SCEN_LEGIT_BASELINE,LEGITIMATE,legitimate
TXN_00001635,ACC_000204,,MER_000031,DEV_000037,IP_000107,2026-01-09T05:05:37,2554.66,PAYMENT_P2M,SUCCESS,NETBANKING,SCEN_LEGIT_BASELINE,LEGITIMATE,legitimate
TXN_00001426,ACC_000414,,MER_000034,DEV_000063,IP_000074,2026-01-09T05:22:07,3978.42,PAYMENT_P2M,SUCCESS,UPI,SCEN_LEGIT_BASELINE,LEGITIMATE,legitimate
TXN_00000533,ACC_000056,,MER_000012,DEV_000083,IP_000038,2026-01-09T06:00:20,1174.25,PAYMENT_P2M,SUCCESS,UPI,SCEN_LEGIT_BASELINE,LEGITIMATE,legitimate
TXN_00001776,ACC_000171,BEN_000099,,DEV_000018,IP_000122,2026-01-09T08:00:00,100.74,TRANSFER_P2P,SUCCESS,UPI,SCEN_LEGIT_BASELINE,LEGITIMATE,legitimate
TXN_00000307,ACC_000482,BEN_000100,,DEV_000030,IP_000102,2026-01-09T08:03:26,150.0,TRANSFER_P2P,SUCCESS,CARD,SCEN_LOOKALIKE_005,LEGITIMATE_LOOKALIKE,legitimate
TXN_00000340,ACC_000400,,MER_000008,DEV_000057,IP_000108,2026-01-09T08:09:35,981.89,PAYMENT_P2M,SUCCESS,UPI,SCEN_LEGIT_BASELINE,LEGITIMATE,legitimate
TXN_00001944,ACC_000403,,MER_000003,DEV_000085,IP_000029,2026-01-09T08:24:27,365.16,PAYMENT_P2M,SUCCESS,UPI,SCEN_LEGIT_BASELINE,LEGITIMATE,legitimate
TXN_00001257,ACC_000427,,MER_000038,DEV_000015,IP_000149,2026-01-09T08:46:27,1515.75,PAYMENT_P2M,SUCCESS,UPI,SCEN_LEGIT_BASELINE,LEGITIMATE,legitimate
TXN_00000727,ACC_000453,,MER_000019,DEV_000017,IP_000134,2026-01-09T08:48:28,2035.79,PAYMENT_P2M,SUCCESS,UPI,SCEN_LEGIT_BASELINE,LEGITIMATE,legitimate
TXN_00000945,ACC_000456,,MER_000046,DEV_000050,IP_000076,2026-01-09T08:59:34,680.76,PAYMENT_P2M,SUCCESS,NETBANKING,SCEN_LEGIT_BASELINE,LEGITIMATE,legitimate
TXN_00001289,ACC_000251,,MER_000026,DEV_000099,IP_000076,2026-01-09T13:16:20,1739.29,PAYMENT_P2M,SUCCESS,CARD,SCEN_LEGIT_BASELINE,LEGITIMATE,legitimate
TXN_00000606,ACC_000323,,MER_000010,DEV_000041,IP_000083,2026-01-09T13:19:30,2479.75,PAYMENT_P2M,SUCCESS,UPI,SCEN_LEGIT_BASELINE,LEGITIMATE,legitimate
TXN_00001499,ACC_000267,BEN_000074,,DEV_000034,IP_000052,2026-01-09T13:49:52,675.75,TRANSFER_P2P,SUCCESS,UPI,SCEN_LEGIT_BASELINE,LEGITIMATE,legitimate
TXN_00000588,ACC_000496,BEN_000048,,DEV_000003,IP_000061,2026-01-09T13:55:09,419.42,TRANSFER_P2P,SUCCESS,UPI,SCEN_LEGIT_BASELINE,LEGITIMATE,legitimate
TXN_00001751,ACC_000120,,MER_000001,DEV_000036,IP_000074,2026-01-09T14:43:26,345.02,PAYMENT_P2M,SUCCESS,CARD,SCEN_LEGIT_BASELINE,LEGITIMATE,legitimate
TXN_00000896,ACC_000277,,MER_000004,DEV_000092,IP_000016,2026-01-09T15:15:05,3758.5,PAYMENT_P2M,SUCCESS,CARD,SCEN_LEGIT_BASELINE,LEGITIMATE,legitimate
TXN_00001699,ACC_000428,BEN_000016,,DEV_000046,IP_000063,2026-01-09T15:43:18,265.07,TRANSFER_P2P,SUCCESS,UPI,SCEN_LEGIT_BASELINE,LEGITIMATE,legitimate
TXN_00001381,ACC_000379,,MER_000033,DEV_000049,IP_000038,2026-01-09T16:51:29,471.98,PAYMENT_P2M,SUCCESS,UPI,SCEN_LEGIT_BASELINE,LEGITIMATE,legitimate
TXN_00001586,ACC_000017,,MER_000043,DEV_000065,IP_000116,2026-01-09T17:12:46,3558.0,PAYMENT_P2M,SUCCESS,UPI,SCEN_LEGIT_BASELINE,LEGITIMATE,legitimate
TXN_00001189,ACC_000043,,MER_000021,DEV_000033,IP_000081,2026-01-09T18:03:13,1185.71,PAYMENT_P2M,SUCCESS,UPI,SCEN_LEGIT_BASELINE,LEGITIMATE,legitimate
TXN_00001974,ACC_000415,,MER_000032,DEV_000067,IP_000024,2026-01-09T18:29:55,1616.92,PAYMENT_P2M,SUCCESS,NETBANKING,SCEN_LEGIT_BASELINE,LEGITIMATE,legitimate
TXN_00000763,ACC_000332,,MER_000034,DEV_000075,IP_000114,2026-01-09T18:55:27,1161.25,PAYMENT_P2M,SUCCESS,CARD,SCEN_LEGIT_BASELINE,LEGITIMATE,legitimate
TXN_00001301,ACC_000019,BEN_000094,,DEV_000061,IP_000095,2026-01-09T20:07:09,771.31,TRANSFER_P2P,SUCCESS,CARD,SCEN_LEGIT_BASELINE,LEGITIMATE,legitimate
TXN_00001797,ACC_000359,BEN_000049,,DEV_000013,IP_000139,2026-01-09T20:54:06,329.75,TRANSFER_P2P,SUCCESS,NETBANKING,SCEN_LEGIT_BASELINE,LEGITIMATE,legitimate
TXN_00000616,ACC_000204,BEN_000018,,DEV_000076,IP_000088,2026-01-09T21:08:43,71.75,TRANSFER_P2P,SUCCESS,CARD,SCEN_LEGIT_BASELINE,LEGITIMATE,legitimate
TXN_00000461,ACC_000041,,MER_000012,DEV_000038,IP_000043,2026-01-09T22:47:14,1016.83,PAYMENT_P2M,SUCCESS,UPI,SCEN_LEGIT_BASELINE,LEGITIMATE,legitimate
TXN_00001535,ACC_000241,BEN_000042,,DEV_000079,IP_000062,2026-01-10T00:01:36,87.41,TRANSFER_P2P,SUCCESS,NETBANKING,SCEN_LEGIT_BASELINE,LEGITIMATE,legitimate
TXN_00000433,ACC_000467,,MER_000012,DEV_000075,IP_000099,2026-01-10T00:06:32,117.64,PAYMENT_P2M,SUCCESS,UPI,SCEN_LEGIT_BASELINE,LEGITIMATE,legitimate
TXN_00001966,ACC_000097,BEN_000071,,DEV_000074,IP_000049,2026-01-10T00:53:33,3533.78,TRANSFER_P2P,SUCCESS,UPI,SCEN_LEGIT_BASELINE,LEGITIMATE,legitimate
TXN_00000962,ACC_000349,,MER_000031,DEV_000069,IP_000130,2026-01-10T02:09:56,3539.18,PAYMENT_P2M,SUCCESS,UPI,SCEN_LEGIT_BASELINE,LEGITIMATE,legitimate
TXN_00001945,ACC_000137,,MER_000025,DEV_000017,IP_000085,2026-01-10T02:51:19,429.58,PAYMENT_P2M,SUCCESS,UPI,SCEN_LEGIT_BASELINE,LEGITIMATE,legitimate
TXN_00001677,ACC_000057,BEN_000064,,DEV_000004,IP_000086,2026-01-10T03:48:36,621.05,TRANSFER_P2P,SUCCESS,NETBANKING,SCEN_LEGIT_BASELINE,LEGITIMATE,legitimate
TXN_00000305,ACC_000476,BEN_000100,,DEV_000022,IP_000018,2026-01-10T03:57:51,2400.0,TRANSFER_P2P,SUCCESS,CARD,SCEN_LOOKALIKE_005,LEGITIMATE_LOOKALIKE,legitimate
TXN_00000495,ACC_000284,,MER_000048,DEV_000004,IP_000068,2026-01-10T04:06:19,903.11,PAYMENT_P2M,SUCCESS,UPI,SCEN_LEGIT_BASELINE,LEGITIMATE,legitimate
TXN_00001618,ACC_000189,,MER_000020,DEV_000092,IP_000099,2026-01-10T05:31:26,1755.3,PAYMENT_P2M,SUCCESS,UPI,SCEN_LEGIT_BASELINE,LEGITIMATE,legitimate
TXN_00000569,ACC_000041,BEN_000096,,DEV_000061,IP_000043,2026-01-10T05:35:12,176.68,TRANSFER_P2P,SUCCESS,UPI,SCEN_LEGIT_BASELINE,LEGITIMATE,legitimate
TXN_00000974,ACC_000283,,MER_000048,DEV_000094,IP_000085,2026-01-10T05:50:17,288.75,PAYMENT_P2M,SUCCESS,CARD,SCEN_LEGIT_BASELINE,LEGITIMATE,legitimate
TXN_00000274,ACC_000073,,MER_000016,DEV_000056,IP_000119,2026-01-10T09:03:10,150.0,PAYMENT_P2M,SUCCESS,UPI,SCEN_LOOKALIKE_003,LEGITIMATE_LOOKALIKE,legitimate
TXN_00000497,ACC_000119,,MER_000033,DEV_000082,IP_000113,2026-01-10T10:21:46,835.36,PAYMENT_P2M,SUCCESS,NETBANKING,SCEN_LEGIT_BASELINE,LEGITIMATE,legitimate
TXN_00001198,ACC_000015,,MER_000021,DEV_000017,IP_000145,2026-01-10T11:11:33,1477.83,PAYMENT_P2M,SUCCESS,UPI,SCEN_LEGIT_BASELINE,LEGITIMATE,legitimate
TXN_00000621,ACC_000381,,MER_000008,DEV_000009,IP_000018,2026-01-10T12:09:27,761.2,PAYMENT_P2M,SUCCESS,UPI,SCEN_LEGIT_BASELINE,LEGITIMATE,legitimate
TXN_00000758,ACC_000258,BEN_000018,,DEV_000090,IP_000144,2026-01-10T12:24:14,1587.14,TRANSFER_P2P,SUCCESS,UPI,SCEN_LEGIT_BASELINE,LEGITIMATE,legitimate
TXN_00000682,ACC_000240,BEN_000050,,DEV_000030,IP_000146,2026-01-10T14:25:47,3196.19,TRANSFER_P2P,SUCCESS,CARD,SCEN_LEGIT_BASELINE,LEGITIMATE,legitimate
TXN_00000417,ACC_000293,,MER_000023,DEV_000025,IP_000005,2026-01-10T14:51:09,1505.46,PAYMENT_P2M,SUCCESS,NETBANKING,SCEN_LEGIT_BASELINE,LEGITIMATE,legitimate
TXN_00000271,ACC_000202,,MER_000037,DEV_000056,IP_000119,2026-01-10T15:04:50,150.0,PAYMENT_P2M,SUCCESS,UPI,SCEN_LOOKALIKE_003,LEGITIMATE_LOOKALIKE,legitimate
TXN_00001889,ACC_000193,BEN_000089,,DEV_000072,IP_000003,2026-01-10T16:27:58,717.22,TRANSFER_P2P,SUCCESS,NETBANKING,SCEN_LEGIT_BASELINE,LEGITIMATE,legitimate
TXN_00000563,ACC_000050,,MER_000017,DEV_000079,IP_000148,2026-01-10T19:44:27,1178.25,PAYMENT_P2M,SUCCESS,UPI,SCEN_LEGIT_BASELINE,LEGITIMATE,legitimate
TXN_00001316,ACC_000081,BEN_000087,,DEV_000071,IP_000077,2026-01-10T20:05:32,8411.66,TRANSFER_P2P,SUCCESS,UPI,SCEN_LEGIT_BASELINE,LEGITIMATE,legitimate
TXN_00001539,ACC_000085,BEN_000021,,DEV_000068,IP_000039,2026-01-10T20:35:11,828.16,TRANSFER_P2P,SUCCESS,NETBANKING,SCEN_LEGIT_BASELINE,LEGITIMATE,legitimate
TXN_00000350,ACC_000291,,MER_000009,DEV_000058,IP_000044,2026-01-10T20:59:21,305.67,PAYMENT_P2M,SUCCESS,CARD,SCEN_LEGIT_BASELINE,LEGITIMATE,legitimate
TXN_00000389,ACC_000404,,MER_000018,DEV_000062,IP_000042,2026-01-10T23:43:57,1123.21,PAYMENT_P2M,SUCCESS,UPI,SCEN_LEGIT_BASELINE,LEGITIMATE,legitimate
TXN_00000938,ACC_000321,,MER_000002,DEV_000005,IP_000072,2026-01-10T23:59:34,1999.22,PAYMENT_P2M,SUCCESS,NETBANKING,SCEN_LEGIT_BASELINE,LEGITIMATE,legitimate
TXN_00001924,ACC_000451,,MER_000040,DEV_000093,IP_000065,2026-01-11T00:00:35,631.12,PAYMENT_P2M,SUCCESS,CARD,SCEN_LEGIT_BASELINE,LEGITIMATE,legitimate
TXN_00000247,ACC_000473,,MER_000020,DEV_000081,IP_000032,2026-01-11T00:45:37,899.0,PAYMENT_P2M,SUCCESS,CARD,SCEN_LOOKALIKE_001,LEGITIMATE_LOOKALIKE,legitimate
TXN_00000866,ACC_000490,BEN_000052,,DEV_000015,IP_000025,2026-01-11T01:02:02,260.49,TRANSFER_P2P,SUCCESS,CARD,SCEN_LEGIT_BASELINE,LEGITIMATE,legitimate
TXN_00000365,ACC_000221,,MER_000043,DEV_000008,IP_000009,2026-01-11T02:05:32,2149.51,PAYMENT_P2M,SUCCESS,UPI,SCEN_LEGIT_BASELINE,LEGITIMATE,legitimate
TXN_00001631,ACC_000491,BEN_000002,,DEV_000100,IP_000085,2026-01-11T02:27:09,423.88,TRANSFER_P2P,SUCCESS,UPI,SCEN_LEGIT_BASELINE,LEGITIMATE,legitimate
TXN_00001546,ACC_000096,,MER_000024,DEV_000037,IP_000136,2026-01-11T02:42:43,1456.55,PAYMENT_P2M,SUCCESS,UPI,SCEN_LEGIT_BASELINE,LEGITIMATE,legitimate
TXN_00000641,ACC_000353,,MER_000010,DEV_000030,IP_000075,2026-01-11T03:00:34,836.64,PAYMENT_P2M,SUCCESS,UPI,SCEN_LEGIT_BASELINE,LEGITIMATE,legitimate
TXN_00000766,ACC_000035,,MER_000047,DEV_000040,IP_000043,2026-01-11T04:00:08,1182.65,PAYMENT_P2M,SUCCESS,NETBANKING,SCEN_LEGIT_BASELINE,LEGITIMATE,legitimate
TXN_00001425,ACC_000186,,MER_000030,DEV_000047,IP_000056,2026-01-11T04:15:23,107.52,PAYMENT_P2M,SUCCESS,UPI,SCEN_LEGIT_BASELINE,LEGITIMATE,legitimate
TXN_00000764,ACC_000166,,MER_000045,DEV_000096,IP_000006,2026-01-11T06:37:59,180.16,PAYMENT_P2M,SUCCESS,UPI,SCEN_LEGIT_BASELINE,LEGITIMATE,legitimate
TXN_00000265,ACC_000078,BEN_000059,,DEV_000097,IP_000088,2026-01-11T06:59:48,5000.0,TRANSFER_P2P,SUCCESS,UPI,SCEN_LOOKALIKE_002,LEGITIMATE_LOOKALIKE,legitimate
TXN_00001420,ACC_000195,,MER_000039,DEV_000092,IP_000012,2026-01-11T07:48:27,1599.04,PAYMENT_P2M,SUCCESS,NETBANKING,SCEN_LEGIT_BASELINE,LEGITIMATE,legitimate
TXN_00001603,ACC_000434,BEN_000058,,DEV_000059,IP_000145,2026-01-11T08:34:27,1393.53,TRANSFER_P2P,SUCCESS,UPI,SCEN_LEGIT_BASELINE,LEGITIMATE,legitimate
TXN_00000404,ACC_000001,,MER_000032,DEV_000014,IP_000134,2026-01-11T10:24:34,432.86,PAYMENT_P2M,SUCCESS,UPI,SCEN_LEGIT_BASELINE,LEGITIMATE,legitimate
TXN_00000556,ACC_000093,,MER_000046,DEV_000009,IP_000062,2026-01-11T10:29:27,2138.33,PAYMENT_P2M,SUCCESS,CARD,SCEN_LEGIT_BASELINE,LEGITIMATE,legitimate
TXN_00001541,ACC_000297,,MER_000004,DEV_000014,IP_000129,2026-01-11T11:04:50,275.87,PAYMENT_P2M,SUCCESS,NETBANKING,SCEN_LEGIT_BASELINE,LEGITIMATE,legitimate
TXN_00000342,ACC_000043,BEN_000016,,DEV_000019,IP_000081,2026-01-11T11:51:51,224.72,TRANSFER_P2P,SUCCESS,UPI,SCEN_LEGIT_BASELINE,LEGITIMATE,legitimate
TXN_00000526,ACC_000123,,MER_000033,DEV_000005,IP_000110,2026-01-11T13:19:24,320.56,PAYMENT_P2M,SUCCESS,CARD,SCEN_LEGIT_BASELINE,LEGITIMATE,legitimate
TXN_00001791,ACC_000125,,MER_000047,DEV_000048,IP_000143,2026-01-11T13:22:28,2306.28,PAYMENT_P2M,SUCCESS,UPI,SCEN_LEGIT_BASELINE,LEGITIMATE,legitimate
TXN_00001431,ACC_000258,BEN_000083,,DEV_000090,IP_000144,2026-01-11T15:32:46,88.33,TRANSFER_P2P,SUCCESS,NETBANKING,SCEN_LEGIT_BASELINE,LEGITIMATE,legitimate
TXN_00001324,ACC_000452,,MER_000040,DEV_000001,IP_000055,2026-01-11T15:39:01,1508.61,PAYMENT_P2M,SUCCESS,NETBANKING,SCEN_LEGIT_BASELINE,LEGITIMATE,legitimate
TXN_00001245,ACC_000273,,MER_000031,DEV_000022,IP_000098,2026-01-11T17:49:15,241.97,PAYMENT_P2M,SUCCESS,UPI,SCEN_LEGIT_BASELINE,LEGITIMATE,legitimate
TXN_00001157,ACC_000189,,MER_000040,DEV_000092,IP_000099,2026-01-11T17:49:35,616.69,PAYMENT_P2M,SUCCESS,NETBANKING,SCEN_LEGIT_BASELINE,LEGITIMATE,legitimate
TXN_00001971,ACC_000299,,MER_000043,DEV_000043,IP_000111,2026-01-11T18:09:08,3657.71,PAYMENT_P2M,SUCCESS,UPI,SCEN_LEGIT_BASELINE,LEGITIMATE,legitimate
TXN_00001296,ACC_000056,,MER_000049,DEV_000083,IP_000038,2026-01-11T19:09:06,1003.22,PAYMENT_P2M,SUCCESS,CARD,SCEN_LEGIT_BASELINE,LEGITIMATE,legitimate
TXN_00001118,ACC_000241,BEN_000047,,DEV_000079,IP_000062,2026-01-11T19:45:43,122.9,TRANSFER_P2P,SUCCESS,UPI,SCEN_LEGIT_BASELINE,LEGITIMATE,legitimate
TXN_00001202,ACC_000237,,MER_000026,DEV_000100,IP_000005,2026-01-11T20:13:31,2102.82,PAYMENT_P2M,SUCCESS,UPI,SCEN_LEGIT_BASELINE,LEGITIMATE,legitimate
TXN_00001911,ACC_000480,,MER_000034,DEV_000025,IP_000098,2026-01-11T20:28:10,1386.7,PAYMENT_P2M,SUCCESS,UPI,SCEN_LEGIT_BASELINE,LEGITIMATE,legitimate
TXN_00000855,ACC_000111,BEN_000028,,DEV_000044,IP_000057,2026-01-11T21:03:57,634.68,TRANSFER_P2P,SUCCESS,CARD,SCEN_LEGIT_BASELINE,LEGITIMATE,legitimate
TXN_00001712,ACC_000075,BEN_000032,,DEV_000028,IP_000028,2026-01-11T21:14:59,1097.74,TRANSFER_P2P,SUCCESS,CARD,SCEN_LEGIT_BASELINE,LEGITIMATE,legitimate
TXN_00001842,ACC_000215,,MER_000039,DEV_000046,IP_000004,2026-01-11T22:01:15,2651.62,PAYMENT_P2M,SUCCESS,UPI,SCEN_LEGIT_BASELINE,LEGITIMATE,legitimate
TXN_00000479,ACC_000240,BEN_000052,,DEV_000030,IP_000146,2026-01-11T22:19:41,1690.59,TRANSFER_P2P,SUCCESS,UPI,SCEN_LEGIT_BASELINE,LEGITIMATE,legitimate
TXN_00000754,ACC_000077,BEN_000064,,DEV_000027,IP_000010,2026-01-11T22:31:24,264.98,TRANSFER_P2P,SUCCESS,UPI,SCEN_LEGIT_BASELINE,LEGITIMATE,legitimate
TXN_00000258,ACC_000055,BEN_000059,,DEV_000005,IP_000011,2026-01-11T22:39:03,3500.0,TRANSFER_P2P,SUCCESS,NETBANKING,SCEN_LOOKALIKE_002,LEGITIMATE_LOOKALIKE,legitimate
TXN_00001927,ACC_000383,BEN_000007,,DEV_000063,IP_000068,2026-01-11T22:54:59,793.46,TRANSFER_P2P,SUCCESS,CARD,SCEN_LEGIT_BASELINE,LEGITIMATE,legitimate
TXN_00001878,ACC_000285,,MER_000027,DEV_000072,IP_000030,2026-01-11T22:59:19,185.49,PAYMENT_P2M,SUCCESS,UPI,SCEN_LEGIT_BASELINE,LEGITIMATE,legitimate
TXN_00000456,ACC_000330,,MER_000042,DEV_000003,IP_000091,2026-01-12T00:33:30,954.55,PAYMENT_P2M,SUCCESS,NETBANKING,SCEN_LEGIT_BASELINE,LEGITIMATE,legitimate
TXN_00000860,ACC_000446,,MER_000014,DEV_000056,IP_000010,2026-01-12T01:18:27,473.81,PAYMENT_P2M,SUCCESS,CARD,SCEN_LEGIT_BASELINE,LEGITIMATE,legitimate
TXN_00000385,ACC_000378,,MER_000039,DEV_000092,IP_000028,2026-01-12T02:16:03,3258.05,PAYMENT_P2M,SUCCESS,UPI,SCEN_LEGIT_BASELINE,LEGITIMATE,legitimate
TXN_00001368,ACC_000226,BEN_000099,,DEV_000030,IP_000091,2026-01-12T04:09:23,2138.88,TRANSFER_P2P,SUCCESS,UPI,SCEN_LEGIT_BASELINE,LEGITIMATE,legitimate
TXN_00001886,ACC_000223,BEN_000057,,DEV_000097,IP_000138,2026-01-12T04:18:23,1455.2,TRANSFER_P2P,SUCCESS,UPI,SCEN_LEGIT_BASELINE,LEGITIMATE,legitimate
TXN_00001668,ACC_000246,,MER_000006,DEV_000070,IP_000089,2026-01-12T04:48:59,72.16,PAYMENT_P2M,SUCCESS,CARD,SCEN_LEGIT_BASELINE,LEGITIMATE,legitimate
TXN_00000632,ACC_000316,,MER_000046,DEV_000011,IP_000040,2026-01-12T05:57:14,1417.89,PAYMENT_P2M,SUCCESS,UPI,SCEN_LEGIT_BASELINE,LEGITIMATE,legitimate
TXN_00001887,ACC_000205,,MER_000001,DEV_000030,IP_000010,2026-01-12T06:01:53,503.77,PAYMENT_P2M,SUCCESS,CARD,SCEN_LEGIT_BASELINE,LEGITIMATE,legitimate
TXN_00000804,ACC_000199,,MER_000032,DEV_000030,IP_000093,2026-01-12T06:32:09,368.29,PAYMENT_P2M,SUCCESS,CARD,SCEN_LEGIT_BASELINE,LEGITIMATE,legitimate
TXN_00000659,ACC_000453,,MER_000033,DEV_000017,IP_000134,2026-01-12T07:28:29,2407.11,PAYMENT_P2M,SUCCESS,NETBANKING,SCEN_LEGIT_BASELINE,LEGITIMATE,legitimate
TXN_00000419,ACC_000396,,MER_000035,DEV_000078,IP_000082,2026-01-12T10:33:09,893.8,PAYMENT_P2M,SUCCESS,UPI,SCEN_LEGIT_BASELINE,LEGITIMATE,legitimate
TXN_00001940,ACC_000259,,MER_000035,DEV_000048,IP_000110,2026-01-12T11:35:19,661.81,PAYMENT_P2M,SUCCESS,CARD,SCEN_LEGIT_BASELINE,LEGITIMATE,legitimate
TXN_00000584,ACC_000479,,MER_000032,DEV_000022,IP_000148,2026-01-12T11:36:34,1770.15,PAYMENT_P2M,SUCCESS,UPI,SCEN_LEGIT_BASELINE,LEGITIMATE,legitimate
TXN_00000489,ACC_000343,,MER_000013,DEV_000008,IP_000125,2026-01-12T12:12:31,2063.0,PAYMENT_P2M,SUCCESS,NETBANKING,SCEN_LEGIT_BASELINE,LEGITIMATE,legitimate
TXN_00001341,ACC_000090,BEN_000051,,DEV_000063,IP_000013,2026-01-12T12:22:38,4475.54,TRANSFER_P2P,SUCCESS,NETBANKING,SCEN_LEGIT_BASELINE,LEGITIMATE,legitimate
TXN_00001946,ACC_000452,,MER_000007,DEV_000001,IP_000055,2026-01-12T13:08:24,335.86,PAYMENT_P2M,SUCCESS,UPI,SCEN_LEGIT_BASELINE,LEGITIMATE,legitimate
TXN_00001263,ACC_000486,,MER_000024,DEV_000022,IP_000059,2026-01-12T14:16:08,219.97,PAYMENT_P2M,SUCCESS,UPI,SCEN_LEGIT_BASELINE,LEGITIMATE,legitimate
TXN_00001008,ACC_000340,,MER_000020,DEV_000024,IP_000077,2026-01-12T14:21:19,399.91,PAYMENT_P2M,SUCCESS,UPI,SCEN_LEGIT_BASELINE,LEGITIMATE,legitimate
TXN_00001728,ACC_000259,,MER_000026,DEV_000048,IP_000009,2026-01-12T14:56:26,779.42,PAYMENT_P2M,SUCCESS,UPI,SCEN_LEGIT_BASELINE,LEGITIMATE,legitimate
TXN_00000972,ACC_000327,BEN_000041,,DEV_000031,IP_000006,2026-01-12T15:28:49,471.78,TRANSFER_P2P,SUCCESS,UPI,SCEN_LEGIT_BASELINE,LEGITIMATE,legitimate
TXN_00000409,ACC_000110,BEN_000044,,DEV_000078,IP_000087,2026-01-12T15:56:03,5805.65,TRANSFER_P2P,SUCCESS,UPI,SCEN_LEGIT_BASELINE,LEGITIMATE,legitimate
TXN_00001963,ACC_000500,,MER_000033,DEV_000082,IP_000058,2026-01-12T15:57:14,400.83,PAYMENT_P2M,SUCCESS,UPI,SCEN_LEGIT_BASELINE,LEGITIMATE,legitimate
TXN_00000269,ACC_000307,BEN_000059,,DEV_000005,IP_000044,2026-01-12T16:16:48,5000.0,TRANSFER_P2P,SUCCESS,UPI,SCEN_LOOKALIKE_002,LEGITIMATE_LOOKALIKE,legitimate
TXN_00001995,ACC_000342,,MER_000016,DEV_000080,IP_000109,2026-01-12T16:20:10,683.99,PAYMENT_P2M,SUCCESS,UPI,SCEN_LEGIT_BASELINE,LEGITIMATE,legitimate
TXN_00000828,ACC_000334,,MER_000004,DEV_000032,IP_000051,2026-01-12T17:48:47,3233.71,PAYMENT_P2M,SUCCESS,UPI,SCEN_LEGIT_BASELINE,LEGITIMATE,legitimate
TXN_00001509,ACC_000351,,MER_000024,DEV_000082,IP_000106,2026-01-12T18:47:54,398.1,PAYMENT_P2M,SUCCESS,CARD,SCEN_LEGIT_BASELINE,LEGITIMATE,legitimate
TXN_00001011,ACC_000211,BEN_000079,,DEV_000016,IP_000087,2026-01-12T19:03:58,1518.7,TRANSFER_P2P,SUCCESS,UPI,SCEN_LEGIT_BASELINE,LEGITIMATE,legitimate
TXN_00001244,ACC_000020,,MER_000003,DEV_000097,IP_000127,2026-01-12T20:04:04,133.81,PAYMENT_P2M,SUCCESS,UPI,SCEN_LEGIT_BASELINE,LEGITIMATE,legitimate
TXN_00000940,ACC_000431,BEN_000085,,DEV_000077,IP_000122,2026-01-12T20:05:10,830.62,TRANSFER_P2P,SUCCESS,UPI,SCEN_LEGIT_BASELINE,LEGITIMATE,legitimate
TXN_00001644,ACC_000054,BEN_000040,,DEV_000039,IP_000105,2026-01-12T20:19:07,697.13,TRANSFER_P2P,SUCCESS,CARD,SCEN_LEGIT_BASELINE,LEGITIMATE,legitimate
TXN_00000402,ACC_000132,BEN_000016,,DEV_000025,IP_000058,2026-01-12T22:22:02,411.06,TRANSFER_P2P,SUCCESS,CARD,SCEN_LEGIT_BASELINE,LEGITIMATE,legitimate
TXN_00001838,ACC_000286,,MER_000002,DEV_000053,IP_000120,2026-01-12T23:13:33,2231.17,PAYMENT_P2M,SUCCESS,UPI,SCEN_LEGIT_BASELINE,LEGITIMATE,legitimate
TXN_00001646,ACC_000246,,MER_000002,DEV_000070,IP_000089,2026-01-13T03:21:52,870.65,PAYMENT_P2M,SUCCESS,UPI,SCEN_LEGIT_BASELINE,LEGITIMATE,legitimate
TXN_00001750,ACC_000299,,MER_000031,DEV_000043,IP_000088,2026-01-13T03:24:33,307.01,PAYMENT_P2M,SUCCESS,UPI,SCEN_LEGIT_BASELINE,LEGITIMATE,legitimate
TXN_00001526,ACC_000345,,MER_000019,DEV_000065,IP_000058,2026-01-13T03:41:59,1213.5,PAYMENT_P2M,SUCCESS,NETBANKING,SCEN_LEGIT_BASELINE,LEGITIMATE,legitimate
TXN_00000915,ACC_000390,,MER_000001,DEV_000062,IP_000086,2026-01-13T06:15:53,992.57,PAYMENT_P2M,SUCCESS,NETBANKING,SCEN_LEGIT_BASELINE,LEGITIMATE,legitimate
TXN_00001615,ACC_000293,BEN_000074,,DEV_000012,IP_000005,2026-01-13T07:02:49,2174.36,TRANSFER_P2P,SUCCESS,NETBANKING,SCEN_LEGIT_BASELINE,LEGITIMATE,legitimate
TXN_00000442,ACC_000388,,MER_000041,DEV_000078,IP_000096,2026-01-13T07:27:00,1059.47,PAYMENT_P2M,SUCCESS,NETBANKING,SCEN_LEGIT_BASELINE,LEGITIMATE,legitimate
TXN_00000968,ACC_000338,BEN_000070,,DEV_000055,IP_000122,2026-01-13T07:29:09,1618.78,TRANSFER_P2P,SUCCESS,NETBANKING,SCEN_LEGIT_BASELINE,LEGITIMATE,legitimate
TXN_00000591,ACC_000334,,MER_000013,DEV_000032,IP_000051,2026-01-13T08:38:13,1360.3,PAYMENT_P2M,SUCCESS,UPI,SCEN_LEGIT_BASELINE,LEGITIMATE,legitimate
TXN_00000959,ACC_000446,,MER_000039,DEV_000056,IP_000123,2026-01-13T08:41:18,846.88,PAYMENT_P2M,SUCCESS,CARD,SCEN_LEGIT_BASELINE,LEGITIMATE,legitimate
TXN_00001423,ACC_000218,,MER_000024,DEV_000006,IP_000008,2026-01-13T09:09:24,1956.39,PAYMENT_P2M,SUCCESS,UPI,SCEN_LEGIT_BASELINE,LEGITIMATE,legitimate
TXN_00000817,ACC_000165,BEN_000035,,DEV_000053,IP_000076,2026-01-13T09:09:41,502.85,TRANSFER_P2P,SUCCESS,UPI,SCEN_LEGIT_BASELINE,LEGITIMATE,legitimate
TXN_00001938,ACC_000152,,MER_000047,DEV_000074,IP_000117,2026-01-13T09:12:46,692.82,PAYMENT_P2M,SUCCESS,UPI,SCEN_LEGIT_BASELINE,LEGITIMATE,legitimate
TXN_00000980,ACC_000262,,MER_000018,DEV_000017,IP_000108,2026-01-13T09:43:22,1986.44,PAYMENT_P2M,SUCCESS,UPI,SCEN_LEGIT_BASELINE,LEGITIMATE,legitimate
TXN_00000590,ACC_000422,,MER_000045,DEV_000094,IP_000041,2026-01-13T10:04:45,3442.54,PAYMENT_P2M,SUCCESS,CARD,SCEN_LEGIT_BASELINE,LEGITIMATE,legitimate
TXN_00000372,ACC_000066,BEN_000075,,DEV_000028,IP_000111,2026-01-13T12:05:54,1496.62,TRANSFER_P2P,SUCCESS,UPI,SCEN_LEGIT_BASELINE,LEGITIMATE,legitimate
TXN_00000699,ACC_000456,,MER_000003,DEV_000050,IP_000076,2026-01-13T13:37:06,871.0,PAYMENT_P2M,SUCCESS,UPI,SCEN_LEGIT_BASELINE,LEGITIMATE,legitimate
TXN_00000761,ACC_000300,BEN_000084,,DEV_000034,IP_000042,2026-01-13T13:41:27,4050.05,TRANSFER_P2P,SUCCESS,CARD,SCEN_LEGIT_BASELINE,LEGITIMATE,legitimate
TXN_00000544,ACC_000159,,MER_000042,DEV_000072,IP_000010,2026-01-13T17:02:50,804.72,PAYMENT_P2M,SUCCESS,CARD,SCEN_LEGIT_BASELINE,LEGITIMATE,legitimate
TXN_00000460,ACC_000405,,MER_000046,DEV_000061,IP_000055,2026-01-13T18:19:17,1145.38,PAYMENT_P2M,SUCCESS,NETBANKING,SCEN_LEGIT_BASELINE,LEGITIMATE,legitimate
TXN_00000809,ACC_000020,,MER_000043,DEV_000097,IP_000127,2026-01-13T18:58:02,1690.33,PAYMENT_P2M,SUCCESS,UPI,SCEN_LEGIT_BASELINE,LEGITIMATE,legitimate
TXN_00001087,ACC_000076,,MER_000041,DEV_000077,IP_000064,2026-01-13T19:34:28,2541.81,PAYMENT_P2M,SUCCESS,NETBANKING,SCEN_LEGIT_BASELINE,LEGITIMATE,legitimate
TXN_00001285,ACC_000351,,MER_000044,DEV_000082,IP_000106,2026-01-13T19:36:43,355.75,PAYMENT_P2M,SUCCESS,CARD,SCEN_LEGIT_BASELINE,LEGITIMATE,legitimate
TXN_00001266,ACC_000257,BEN_000007,,DEV_000049,IP_000060,2026-01-13T19:40:58,2429.43,TRANSFER_P2P,SUCCESS,CARD,SCEN_LEGIT_BASELINE,LEGITIMATE,legitimate
TXN_00001471,ACC_000313,,MER_000026,DEV_000062,IP_000140,2026-01-13T19:50:50,233.85,PAYMENT_P2M,SUCCESS,UPI,SCEN_LEGIT_BASELINE,LEGITIMATE,legitimate
TXN_00001295,ACC_000025,,MER_000022,DEV_000063,IP_000138,2026-01-13T20:28:07,2161.8,PAYMENT_P2M,SUCCESS,UPI,SCEN_LEGIT_BASELINE,LEGITIMATE,legitimate
TXN_00001251,ACC_000283,,MER_000039,DEV_000094,IP_000085,2026-01-13T22:23:22,7651.4,PAYMENT_P2M,SUCCESS,CARD,SCEN_LEGIT_BASELINE,LEGITIMATE,legitimate
TXN_00000663,ACC_000229,BEN_000052,,DEV_000032,IP_000009,2026-01-13T23:55:38,1508.35,TRANSFER_P2P,SUCCESS,UPI,SCEN_LEGIT_BASELINE,LEGITIMATE,legitimate
TXN_00001269,ACC_000316,,MER_000031,DEV_000011,IP_000059,2026-01-14T01:06:46,403.7,PAYMENT_P2M,SUCCESS,UPI,SCEN_LEGIT_BASELINE,LEGITIMATE,legitimate
TXN_00001446,ACC_000140,,MER_000003,DEV_000024,IP_000029,2026-01-14T04:04:50,4083.06,PAYMENT_P2M,SUCCESS,UPI,SCEN_LEGIT_BASELINE,LEGITIMATE,legitimate
TXN_00001309,ACC_000437,,MER_000004,DEV_000046,IP_000082,2026-01-14T04:06:17,2646.53,PAYMENT_P2M,SUCCESS,UPI,SCEN_LEGIT_BASELINE,LEGITIMATE,legitimate
TXN_00000899,ACC_000114,,MER_000037,DEV_000079,IP_000103,2026-01-14T04:18:27,187.63,PAYMENT_P2M,SUCCESS,NETBANKING,SCEN_LEGIT_BASELINE,LEGITIMATE,legitimate
TXN_00001870,ACC_000106,BEN_000041,,DEV_000046,IP_000074,2026-01-14T04:31:05,732.0,TRANSFER_P2P,SUCCESS,CARD,SCEN_LEGIT_BASELINE,LEGITIMATE,legitimate
TXN_00000406,ACC_000053,,MER_000016,DEV_000025,IP_000148,2026-01-14T04:55:01,1547.83,PAYMENT_P2M,SUCCESS,UPI,SCEN_LEGIT_BASELINE,LEGITIMATE,legitimate
TXN_00001800,ACC_000240,,MER_000008,DEV_000030,IP_000146,2026-01-14T07:26:18,319.36,PAYMENT_P2M,SUCCESS,UPI,SCEN_LEGIT_BASELINE,LEGITIMATE,legitimate
TXN_00001367,ACC_000409,,MER_000040,DEV_000056,IP_000119,2026-01-14T07:34:50,303.89,PAYMENT_P2M,SUCCESS,CARD,SCEN_LEGIT_BASELINE,LEGITIMATE,legitimate
TXN_00000582,ACC_000338,,MER_000038,DEV_000055,IP_000120,2026-01-14T08:48:45,74.41,PAYMENT_P2M,SUCCESS,UPI,SCEN_LEGIT_BASELINE,LEGITIMATE,legitimate
TXN_00000920,ACC_000044,,MER_000012,DEV_000053,IP_000082,2026-01-14T10:12:49,490.0,PAYMENT_P2M,SUCCESS,NETBANKING,SCEN_LEGIT_BASELINE,LEGITIMATE,legitimate
TXN_00001933,ACC_000104,BEN_000011,,DEV_000070,IP_000120,2026-01-14T10:33:58,5925.74,TRANSFER_P2P,SUCCESS,UPI,SCEN_LEGIT_BASELINE,LEGITIMATE,legitimate
TXN_00001305,ACC_000323,BEN_000011,,DEV_000041,IP_000083,2026-01-14T11:03:03,1570.59,TRANSFER_P2P,SUCCESS,UPI,SCEN_LEGIT_BASELINE,LEGITIMATE,legitimate
TXN_00000246,ACC_000473,,MER_000034,DEV_000081,IP_000032,2026-01-14T11:14:14,899.0,PAYMENT_P2M,SUCCESS,CARD,SCEN_LOOKALIKE_001,LEGITIMATE_LOOKALIKE,legitimate
TXN_00000318,ACC_000272,,MER_000009,DEV_000052,IP_000034,2026-01-14T12:11:14,702.91,PAYMENT_P2M,SUCCESS,UPI,SCEN_LEGIT_BASELINE,LEGITIMATE,legitimate
TXN_00001572,ACC_000479,BEN_000035,,DEV_000022,IP_000127,2026-01-14T12:33:03,3384.4,TRANSFER_P2P,SUCCESS,UPI,SCEN_LEGIT_BASELINE,LEGITIMATE,legitimate
TXN_00001109,ACC_000257,,MER_000019,DEV_000049,IP_000060,2026-01-14T13:18:29,2878.91,PAYMENT_P2M,SUCCESS,UPI,SCEN_LEGIT_BASELINE,LEGITIMATE,legitimate
TXN_00000316,ACC_000352,BEN_000100,,DEV_000081,IP_000089,2026-01-14T13:51:42,899.0,TRANSFER_P2P,SUCCESS,CARD,SCEN_LOOKALIKE_005,LEGITIMATE_LOOKALIKE,legitimate
TXN_00001026,ACC_000062,BEN_000054,,DEV_000014,IP_000118,2026-01-14T14:40:26,489.69,TRANSFER_P2P,SUCCESS,NETBANKING,SCEN_LEGIT_BASELINE,LEGITIMATE,legitimate
TXN_00001675,ACC_000024,,MER_000025,DEV_000032,IP_000112,2026-01-14T15:27:21,160.09,PAYMENT_P2M,SUCCESS,CARD,SCEN_LEGIT_BASELINE,LEGITIMATE,legitimate
TXN_00000654,ACC_000093,,MER_000024,DEV_000009,IP_000062,2026-01-14T15:34:07,1648.51,PAYMENT_P2M,SUCCESS,UPI,SCEN_LEGIT_BASELINE,LEGITIMATE,legitimate
TXN_00000672,ACC_000321,,MER_000036,DEV_000060,IP_000072,2026-01-14T15:42:31,1790.65,PAYMENT_P2M,SUCCESS,UPI,SCEN_LEGIT_BASELINE,LEGITIMATE,legitimate
TXN_00001099,ACC_000369,BEN_000052,,DEV_000031,IP_000068,2026-01-14T16:45:05,2523.69,TRANSFER_P2P,SUCCESS,UPI,SCEN_LEGIT_BASELINE,LEGITIMATE,legitimate
TXN_00000750,ACC_000413,,MER_000043,DEV_000045,IP_000055,2026-01-14T19:18:48,994.88,PAYMENT_P2M,SUCCESS,NETBANKING,SCEN_LEGIT_BASELINE,LEGITIMATE,legitimate
TXN_00001290,ACC_000349,BEN_000047,,DEV_000042,IP_000137,2026-01-14T19:25:52,1313.82,TRANSFER_P2P,SUCCESS,NETBANKING,SCEN_LEGIT_BASELINE,LEGITIMATE,legitimate
TXN_00001930,ACC_000205,,MER_000042,DEV_000030,IP_000010,2026-01-14T19:37:42,286.02,PAYMENT_P2M,SUCCESS,CARD,SCEN_LEGIT_BASELINE,LEGITIMATE,legitimate
TXN_00001687,ACC_000165,,MER_000048,DEV_000053,IP_000003,2026-01-14T21:08:24,643.63,PAYMENT_P2M,SUCCESS,UPI,SCEN_LEGIT_BASELINE,LEGITIMATE,legitimate
TXN_00000505,ACC_000303,,MER_000036,DEV_000034,IP_000058,2026-01-14T23:36:12,243.42,PAYMENT_P2M,SUCCESS,UPI,SCEN_LEGIT_BASELINE,LEGITIMATE,legitimate
TXN_00001265,ACC_000095,,MER_000034,DEV_000003,IP_000028,2026-01-15T00:06:01,362.61,PAYMENT_P2M,SUCCESS,UPI,SCEN_LEGIT_BASELINE,LEGITIMATE,legitimate
TXN_00000748,ACC_000438,,MER_000020,DEV_000067,IP_000129,2026-01-15T00:39:10,791.03,PAYMENT_P2M,SUCCESS,UPI,SCEN_LEGIT_BASELINE,LEGITIMATE,legitimate
TXN_00001319,ACC_000037,BEN_000009,,DEV_000071,IP_000144,2026-01-15T00:47:45,303.86,TRANSFER_P2P,SUCCESS,NETBANKING,SCEN_LEGIT_BASELINE,LEGITIMATE,legitimate
TXN_00001542,ACC_000477,,MER_000028,DEV_000018,IP_000089,2026-01-15T02:41:51,814.78,PAYMENT_P2M,SUCCESS,CARD,SCEN_LEGIT_BASELINE,LEGITIMATE,legitimate
TXN_00000865,ACC_000439,BEN_000066,,DEV_000059,IP_000124,2026-01-15T02:42:25,3578.45,TRANSFER_P2P,SUCCESS,UPI,SCEN_LEGIT_BASELINE,LEGITIMATE,legitimate
TXN_00001719,ACC_000396,,MER_000038,DEV_000089,IP_000097,2026-01-15T03:31:29,1835.9,PAYMENT_P2M,SUCCESS,NETBANKING,SCEN_LEGIT_BASELINE,LEGITIMATE,legitimate
TXN_00000934,ACC_000457,,MER_000034,DEV_000032,IP_000034,2026-01-15T03:58:37,143.65,PAYMENT_P2M,SUCCESS,UPI,SCEN_LEGIT_BASELINE,LEGITIMATE,legitimate
TXN_00001227,ACC_000364,,MER_000004,DEV_000050,IP_000124,2026-01-15T05:46:30,163.44,PAYMENT_P2M,SUCCESS,UPI,SCEN_LEGIT_BASELINE,LEGITIMATE,legitimate
TXN_00001155,ACC_000060,,MER_000005,DEV_000055,IP_000106,2026-01-15T06:23:04,1476.77,PAYMENT_P2M,SUCCESS,CARD,SCEN_LEGIT_BASELINE,LEGITIMATE,legitimate
TXN_00001082,ACC_000321,BEN_000081,,DEV_000009,IP_000012,2026-01-15T07:12:47,2930.03,TRANSFER_P2P,SUCCESS,NETBANKING,SCEN_LEGIT_BASELINE,LEGITIMATE,legitimate
TXN_00001299,ACC_000036,,MER_000037,DEV_000083,IP_000102,2026-01-15T07:19:09,649.08,PAYMENT_P2M,SUCCESS,NETBANKING,SCEN_LEGIT_BASELINE,LEGITIMATE,legitimate
TXN_00001691,ACC_000086,BEN_000038,,DEV_000027,IP_000057,2026-01-15T07:35:27,700.61,TRANSFER_P2P,SUCCESS,NETBANKING,SCEN_LEGIT_BASELINE,LEGITIMATE,legitimate
TXN_00000988,ACC_000369,BEN_000045,,DEV_000050,IP_000068,2026-01-15T08:16:05,196.6,TRANSFER_P2P,SUCCESS,UPI,SCEN_LEGIT_BASELINE,LEGITIMATE,legitimate
TXN_00001912,ACC_000222,,MER_000009,DEV_000068,IP_000068,2026-01-15T08:19:15,1061.7,PAYMENT_P2M,SUCCESS,NETBANKING,SCEN_LEGIT_BASELINE,LEGITIMATE,legitimate
TXN_00000887,ACC_000349,BEN_000088,,DEV_000042,IP_000137,2026-01-15T09:49:29,1239.92,TRANSFER_P2P,SUCCESS,UPI,SCEN_LEGIT_BASELINE,LEGITIMATE,legitimate
TXN_00000543,ACC_000464,,MER_000005,DEV_000057,IP_000119,2026-01-15T10:32:21,977.27,PAYMENT_P2M,SUCCESS,NETBANKING,SCEN_LEGIT_BASELINE,LEGITIMATE,legitimate
TXN_00001660,ACC_000322,BEN_000025,,DEV_000030,IP_000129,2026-01-15T10:52:17,3844.38,TRANSFER_P2P,SUCCESS,NETBANKING,SCEN_LEGIT_BASELINE,LEGITIMATE,legitimate
TXN_00000856,ACC_000410,,MER_000049,DEV_000063,IP_000086,2026-01-15T11:01:27,77.75,PAYMENT_P2M,SUCCESS,UPI,SCEN_LEGIT_BASELINE,LEGITIMATE,legitimate
TXN_00000494,ACC_000222,,MER_000023,DEV_000052,IP_000068,2026-01-15T11:37:19,2692.94,PAYMENT_P2M,SUCCESS,NETBANKING,SCEN_LEGIT_BASELINE,LEGITIMATE,legitimate
TXN_00001307,ACC_000268,,MER_000001,DEV_000091,IP_000065,2026-01-15T12:27:01,830.27,PAYMENT_P2M,SUCCESS,NETBANKING,SCEN_LEGIT_BASELINE,LEGITIMATE,legitimate
TXN_00001760,ACC_000356,,MER_000048,DEV_000091,IP_000011,2026-01-15T12:52:38,155.63,PAYMENT_P2M,SUCCESS,NETBANKING,SCEN_LEGIT_BASELINE,LEGITIMATE,legitimate
TXN_00000806,ACC_000363,,MER_000038,DEV_000072,IP_000115,2026-01-15T13:14:28,653.55,PAYMENT_P2M,SUCCESS,UPI,SCEN_LEGIT_BASELINE,LEGITIMATE,legitimate
TXN_00001256,ACC_000487,BEN_000091,,DEV_000058,IP_000006,2026-01-15T13:43:24,5282.86,TRANSFER_P2P,SUCCESS,NETBANKING,SCEN_LEGIT_BASELINE,LEGITIMATE,legitimate
TXN_00001048,ACC_000420,,MER_000050,DEV_000058,IP_000089,2026-01-15T15:25:24,1080.0,PAYMENT_P2M,SUCCESS,NETBANKING,SCEN_LEGIT_BASELINE,LEGITIMATE,legitimate
TXN_00001154,ACC_000192,,MER_000036,DEV_000053,IP_000021,2026-01-15T16:36:59,1499.02,PAYMENT_P2M,SUCCESS,NETBANKING,SCEN_LEGIT_BASELINE,LEGITIMATE,legitimate
TXN_00000292,ACC_000318,,MER_000019,DEV_000069,IP_000049,2026-01-15T17:00:38,1250.0,PAYMENT_P2M,SUCCESS,UPI,SCEN_LOOKALIKE_004,LEGITIMATE_LOOKALIKE,legitimate
TXN_00000697,ACC_000173,BEN_000011,,DEV_000008,IP_000148,2026-01-15T17:27:18,3080.2,TRANSFER_P2P,SUCCESS,NETBANKING,SCEN_LEGIT_BASELINE,LEGITIMATE,legitimate
TXN_00001956,ACC_000303,,MER_000017,DEV_000034,IP_000058,2026-01-15T21:26:55,2651.57,PAYMENT_P2M,SUCCESS,CARD,SCEN_LEGIT_BASELINE,LEGITIMATE,legitimate
TXN_00001503,ACC_000455,,MER_000021,DEV_000036,IP_000107,2026-01-15T21:37:43,2416.89,PAYMENT_P2M,SUCCESS,CARD,SCEN_LEGIT_BASELINE,LEGITIMATE,legitimate
TXN_00001148,ACC_000338,BEN_000095,,DEV_000055,IP_000122,2026-01-15T22:03:41,70.41,TRANSFER_P2P,SUCCESS,CARD,SCEN_LEGIT_BASELINE,LEGITIMATE,legitimate
TXN_00001713,ACC_000216,,MER_000046,DEV_000041,IP_000007,2026-01-15T23:13:25,1037.21,PAYMENT_P2M,SUCCESS,NETBANKING,SCEN_LEGIT_BASELINE,LEGITIMATE,legitimate
TXN_00000418,ACC_000494,BEN_000084,,DEV_000049,IP_000130,2026-01-15T23:27:54,3746.02,TRANSFER_P2P,SUCCESS,UPI,SCEN_LEGIT_BASELINE,LEGITIMATE,legitimate
TXN_00001801,ACC_000358,,MER_000025,DEV_000054,IP_000005,2026-01-16T03:51:19,267.05,PAYMENT_P2M,SUCCESS,CARD,SCEN_LEGIT_BASELINE,LEGITIMATE,legitimate
TXN_00000778,ACC_000321,,MER_000001,DEV_000005,IP_000072,2026-01-16T04:38:05,1889.04,PAYMENT_P2M,SUCCESS,CARD,SCEN_LEGIT_BASELINE,LEGITIMATE,legitimate
TXN_00000583,ACC_000257,BEN_000016,,DEV_000049,IP_000140,2026-01-16T04:46:31,881.25,TRANSFER_P2P,SUCCESS,UPI,SCEN_LEGIT_BASELINE,LEGITIMATE,legitimate
TXN_00001098,ACC_000392,,MER_000007,DEV_000088,IP_000076,2026-01-16T04:55:36,95.87,PAYMENT_P2M,SUCCESS,UPI,SCEN_LEGIT_BASELINE,LEGITIMATE,legitimate
TXN_00000065,ACC_000296,BEN_000065,,DEV_000059,IP_000094,2026-01-16T05:34:47,48500.0,TRANSFER_P2P,SUCCESS,IMPS,SCEN_COMMON_BEN_001,COMMON_BENEFICIARY_RING,ring
TXN_00001032,ACC_000305,,MER_000007,DEV_000006,IP_000024,2026-01-16T06:04:26,458.02,PAYMENT_P2M,SUCCESS,CARD,SCEN_LEGIT_BASELINE,LEGITIMATE,legitimate
TXN_00001918,ACC_000235,,MER_000028,DEV_000083,IP_000028,2026-01-16T08:09:25,2571.71,PAYMENT_P2M,SUCCESS,UPI,SCEN_LEGIT_BASELINE,LEGITIMATE,legitimate
TXN_00000773,ACC_000389,BEN_000041,,DEV_000011,IP_000133,2026-01-16T08:27:57,2563.25,TRANSFER_P2P,SUCCESS,NETBANKING,SCEN_LEGIT_BASELINE,LEGITIMATE,legitimate
TXN_00001758,ACC_000119,BEN_000054,,DEV_000082,IP_000113,2026-01-16T09:03:07,609.98,TRANSFER_P2P,SUCCESS,NETBANKING,SCEN_LEGIT_BASELINE,LEGITIMATE,legitimate
TXN_00001440,ACC_000295,BEN_000065,,DEV_000078,IP_000141,2026-01-16T10:10:43,426.12,TRANSFER_P2P,SUCCESS,UPI,SCEN_LEGIT_BASELINE,LEGITIMATE,legitimate
TXN_00001188,ACC_000374,,MER_000043,DEV_000051,IP_000078,2026-01-16T13:32:39,92.64,PAYMENT_P2M,SUCCESS,CARD,SCEN_LEGIT_BASELINE,LEGITIMATE,legitimate
TXN_00000064,ACC_000296,BEN_000065,,DEV_000059,IP_000094,2026-01-16T13:34:47,24800.0,TRANSFER_P2P,SUCCESS,IMPS,SCEN_COMMON_BEN_001,COMMON_BENEFICIARY_RING,ring
TXN_00001585,ACC_000039,,MER_000021,DEV_000070,IP_000034,2026-01-16T13:35:02,2990.3,PAYMENT_P2M,SUCCESS,NETBANKING,SCEN_LEGIT_BASELINE,LEGITIMATE,legitimate
TXN_00001495,ACC_000402,,MER_000033,DEV_000074,IP_000049,2026-01-16T14:54:06,1212.41,PAYMENT_P2M,SUCCESS,UPI,SCEN_LEGIT_BASELINE,LEGITIMATE,legitimate
TXN_00000518,ACC_000195,,MER_000048,DEV_000092,IP_000012,2026-01-16T15:32:06,125.16,PAYMENT_P2M,SUCCESS,UPI,SCEN_LEGIT_BASELINE,LEGITIMATE,legitimate
TXN_00000822,ACC_000418,,MER_000018,DEV_000080,IP_000024,2026-01-16T15:37:02,1079.75,PAYMENT_P2M,SUCCESS,UPI,SCEN_LEGIT_BASELINE,LEGITIMATE,legitimate
TXN_00001467,ACC_000489,,MER_000014,DEV_000017,IP_000056,2026-01-16T16:24:56,408.48,PAYMENT_P2M,SUCCESS,UPI,SCEN_LEGIT_BASELINE,LEGITIMATE,legitimate
TXN_00001798,ACC_000029,,MER_000027,DEV_000011,IP_000014,2026-01-16T16:42:37,1467.81,PAYMENT_P2M,SUCCESS,CARD,SCEN_LEGIT_BASELINE,LEGITIMATE,legitimate
TXN_00000845,ACC_000094,,MER_000029,DEV_000043,IP_000133,2026-01-16T16:43:42,1135.66,PAYMENT_P2M,SUCCESS,CARD,SCEN_LEGIT_BASELINE,LEGITIMATE,legitimate
TXN_00001589,ACC_000370,BEN_000014,,DEV_000068,IP_000058,2026-01-16T18:23:17,1541.45,TRANSFER_P2P,SUCCESS,UPI,SCEN_LEGIT_BASELINE,LEGITIMATE,legitimate
TXN_00000740,ACC_000255,BEN_000044,,DEV_000067,IP_000040,2026-01-16T18:26:27,537.11,TRANSFER_P2P,SUCCESS,NETBANKING,SCEN_LEGIT_BASELINE,LEGITIMATE,legitimate
TXN_00001384,ACC_000033,,MER_000038,DEV_000023,IP_000129,2026-01-16T19:55:35,2063.22,PAYMENT_P2M,SUCCESS,UPI,SCEN_LEGIT_BASELINE,LEGITIMATE,legitimate
TXN_00001450,ACC_000445,,MER_000048,DEV_000002,IP_000114,2026-01-16T20:01:29,222.5,PAYMENT_P2M,SUCCESS,UPI,SCEN_LEGIT_BASELINE,LEGITIMATE,legitimate
TXN_00000310,ACC_000329,BEN_000100,,DEV_000075,IP_000058,2026-01-16T20:55:20,2400.0,TRANSFER_P2P,SUCCESS,UPI,SCEN_LOOKALIKE_005,LEGITIMATE_LOOKALIKE,legitimate
TXN_00001252,ACC_000252,,MER_000005,DEV_000006,IP_000057,2026-01-16T21:58:34,1888.27,PAYMENT_P2M,SUCCESS,CARD,SCEN_LEGIT_BASELINE,LEGITIMATE,legitimate
TXN_00000870,ACC_000409,,MER_000029,DEV_000056,IP_000119,2026-01-16T22:06:17,2930.03,PAYMENT_P2M,SUCCESS,UPI,SCEN_LEGIT_BASELINE,LEGITIMATE,legitimate
TXN_00001663,ACC_000384,,MER_000037,DEV_000030,IP_000028,2026-01-16T22:16:11,1133.96,PAYMENT_P2M,SUCCESS,UPI,SCEN_LEGIT_BASELINE,LEGITIMATE,legitimate
TXN_00001593,ACC_000443,,MER_000019,DEV_000018,IP_000089,2026-01-16T22:17:36,331.68,PAYMENT_P2M,SUCCESS,UPI,SCEN_LEGIT_BASELINE,LEGITIMATE,legitimate
TXN_00000462,ACC_000221,,MER_000035,DEV_000052,IP_000009,2026-01-16T23:22:29,1966.37,PAYMENT_P2M,SUCCESS,NETBANKING,SCEN_LEGIT_BASELINE,LEGITIMATE,legitimate
TXN_00001857,ACC_000159,,MER_000043,DEV_000072,IP_000016,2026-01-16T23:31:53,1875.38,PAYMENT_P2M,SUCCESS,NETBANKING,SCEN_LEGIT_BASELINE,LEGITIMATE,legitimate
TXN_00001022,ACC_000045,,MER_000030,DEV_000014,IP_000123,2026-01-17T01:36:41,1257.98,PAYMENT_P2M,SUCCESS,UPI,SCEN_LEGIT_BASELINE,LEGITIMATE,legitimate
TXN_00001404,ACC_000363,,MER_000030,DEV_000015,IP_000115,2026-01-17T01:47:09,3399.48,PAYMENT_P2M,SUCCESS,UPI,SCEN_LEGIT_BASELINE,LEGITIMATE,legitimate
TXN_00000239,ACC_000249,,MER_000022,DEV_000030,IP_000032,2026-01-17T01:57:10,2400.0,PAYMENT_P2M,SUCCESS,NETBANKING,SCEN_LOOKALIKE_001,LEGITIMATE_LOOKALIKE,legitimate
TXN_00000279,ACC_000149,,MER_000042,DEV_000056,IP_000119,2026-01-17T02:06:24,899.0,PAYMENT_P2M,SUCCESS,NETBANKING,SCEN_LOOKALIKE_003,LEGITIMATE_LOOKALIKE,legitimate
TXN_00001207,ACC_000317,,MER_000036,DEV_000072,IP_000059,2026-01-17T02:11:09,1558.8,PAYMENT_P2M,SUCCESS,UPI,SCEN_LEGIT_BASELINE,LEGITIMATE,legitimate
TXN_00000066,ACC_000296,BEN_000065,,DEV_000059,IP_000094,2026-01-17T02:34:47,49500.0,TRANSFER_P2P,SUCCESS,IMPS,SCEN_COMMON_BEN_001,COMMON_BENEFICIARY_RING,ring
TXN_00000067,ACC_000296,BEN_000065,,DEV_000059,IP_000094,2026-01-17T02:34:47,24800.0,TRANSFER_P2P,SUCCESS,IMPS,SCEN_COMMON_BEN_001,COMMON_BENEFICIARY_RING,ring
TXN_00000430,ACC_000032,BEN_000080,,DEV_000019,IP_000071,2026-01-17T02:59:38,79.26,TRANSFER_P2P,SUCCESS,UPI,SCEN_LEGIT_BASELINE,LEGITIMATE,legitimate
TXN_00001081,ACC_000094,,MER_000016,DEV_000043,IP_000133,2026-01-17T03:03:07,553.23,PAYMENT_P2M,SUCCESS,UPI,SCEN_LEGIT_BASELINE,LEGITIMATE,legitimate
TXN_00001139,ACC_000285,BEN_000053,,DEV_000072,IP_000030,2026-01-17T03:55:10,100.93,TRANSFER_P2P,SUCCESS,NETBANKING,SCEN_LEGIT_BASELINE,LEGITIMATE,legitimate
TXN_00001638,ACC_000471,,MER_000007,DEV_000050,IP_000048,2026-01-17T04:32:47,477.23,PAYMENT_P2M,SUCCESS,UPI,SCEN_LEGIT_BASELINE,LEGITIMATE,legitimate
TXN_00000312,ACC_000329,BEN_000100,,DEV_000075,IP_000058,2026-01-17T05:43:19,5000.0,TRANSFER_P2P,SUCCESS,UPI,SCEN_LOOKALIKE_005,LEGITIMATE_LOOKALIKE,legitimate
TXN_00000927,ACC_000288,BEN_000045,,DEV_000100,IP_000072,2026-01-17T08:15:08,2140.77,TRANSFER_P2P,SUCCESS,CARD,SCEN_LEGIT_BASELINE,LEGITIMATE,legitimate
TXN_00001759,ACC_000349,,MER_000026,DEV_000042,IP_000137,2026-01-17T08:25:56,104.95,PAYMENT_P2M,SUCCESS,NETBANKING,SCEN_LEGIT_BASELINE,LEGITIMATE,legitimate
TXN_00001530,ACC_000441,,MER_000028,DEV_000083,IP_000118,2026-01-17T09:38:23,1120.0,PAYMENT_P2M,SUCCESS,UPI,SCEN_LEGIT_BASELINE,LEGITIMATE,legitimate
TXN_00001658,ACC_000114,BEN_000090,,DEV_000079,IP_000103,2026-01-17T09:49:19,1595.01,TRANSFER_P2P,SUCCESS,NETBANKING,SCEN_LEGIT_BASELINE,LEGITIMATE,legitimate
TXN_00000943,ACC_000167,BEN_000042,,DEV_000067,IP_000099,2026-01-17T10:28:16,192.08,TRANSFER_P2P,SUCCESS,CARD,SCEN_LEGIT_BASELINE,LEGITIMATE,legitimate
TXN_00000102,ACC_000430,BEN_000067,,DEV_000028,IP_000121,2026-01-17T10:47:30,30000.0,TRANSFER_P2P,SUCCESS,IMPS,SCEN_RAPID_DISTRIB_001,RAPID_FUND_DISTRIBUTION_RING,ring
TXN_00000103,ACC_000430,BEN_000007,,DEV_000028,IP_000121,2026-01-17T10:49:30,20000.0,TRANSFER_P2P,SUCCESS,IMPS,SCEN_RAPID_DISTRIB_001,RAPID_FUND_DISTRIBUTION_RING,ring
TXN_00000104,ACC_000430,BEN_000012,,DEV_000028,IP_000121,2026-01-17T10:52:30,20000.0,TRANSFER_P2P,SUCCESS,IMPS,SCEN_RAPID_DISTRIB_001,RAPID_FUND_DISTRIBUTION_RING,ring
TXN_00000105,ACC_000430,BEN_000080,,DEV_000028,IP_000121,2026-01-17T10:53:30,25000.0,TRANSFER_P2P,SUCCESS,IMPS,SCEN_RAPID_DISTRIB_001,RAPID_FUND_DISTRIBUTION_RING,ring
TXN_00000106,ACC_000391,BEN_000067,,DEV_000028,IP_000121,2026-01-17T10:58:30,15000.0,TRANSFER_P2P,SUCCESS,IMPS,SCEN_RAPID_DISTRIB_001,RAPID_FUND_DISTRIBUTION_RING,ring
TXN_00000107,ACC_000391,BEN_000007,,DEV_000028,IP_000121,2026-01-17T10:59:30,30000.0,TRANSFER_P2P,SUCCESS,IMPS,SCEN_RAPID_DISTRIB_001,RAPID_FUND_DISTRIBUTION_RING,ring
TXN_00000108,ACC_000391,BEN_000012,,DEV_000028,IP_000121,2026-01-17T11:01:30,25000.0,TRANSFER_P2P,SUCCESS,IMPS,SCEN_RAPID_DISTRIB_001,RAPID_FUND_DISTRIBUTION_RING,ring
TXN_00000109,ACC_000391,BEN_000080,,DEV_000028,IP_000121,2026-01-17T11:04:30,20000.0,TRANSFER_P2P,SUCCESS,IMPS,SCEN_RAPID_DISTRIB_001,RAPID_FUND_DISTRIBUTION_RING,ring
TXN_00000110,ACC_000190,BEN_000067,,DEV_000028,IP_000121,2026-01-17T11:07:30,25000.0,TRANSFER_P2P,SUCCESS,IMPS,SCEN_RAPID_DISTRIB_001,RAPID_FUND_DISTRIBUTION_RING,ring
TXN_00000111,ACC_000190,BEN_000007,,DEV_000028,IP_000121,2026-01-17T11:09:30,25000.0,TRANSFER_P2P,SUCCESS,IMPS,SCEN_RAPID_DISTRIB_001,RAPID_FUND_DISTRIBUTION_RING,ring
TXN_00000112,ACC_000190,BEN_000012,,DEV_000028,IP_000121,2026-01-17T11:11:30,20000.0,TRANSFER_P2P,SUCCESS,IMPS,SCEN_RAPID_DISTRIB_001,RAPID_FUND_DISTRIBUTION_RING,ring
TXN_00000113,ACC_000190,BEN_000080,,DEV_000028,IP_000121,2026-01-17T11:14:30,20000.0,TRANSFER_P2P,SUCCESS,IMPS,SCEN_RAPID_DISTRIB_001,RAPID_FUND_DISTRIBUTION_RING,ring
TXN_00000114,ACC_000099,BEN_000067,,DEV_000028,IP_000121,2026-01-17T11:17:30,20000.0,TRANSFER_P2P,SUCCESS,IMPS,SCEN_RAPID_DISTRIB_001,RAPID_FUND_DISTRIBUTION_RING,ring
TXN_00000115,ACC_000099,BEN_000007,,DEV_000028,IP_000121,2026-01-17T11:19:30,20000.0,TRANSFER_P2P,SUCCESS,IMPS,SCEN_RAPID_DISTRIB_001,RAPID_FUND_DISTRIBUTION_RING,ring
TXN_00000116,ACC_000099,BEN_000012,,DEV_000028,IP_000121,2026-01-17T11:22:30,15000.0,TRANSFER_P2P,SUCCESS,IMPS,SCEN_RAPID_DISTRIB_001,RAPID_FUND_DISTRIBUTION_RING,ring
TXN_00000117,ACC_000099,BEN_000080,,DEV_000028,IP_000121,2026-01-17T11:23:30,15000.0,TRANSFER_P2P,SUCCESS,IMPS,SCEN_RAPID_DISTRIB_001,RAPID_FUND_DISTRIBUTION_RING,ring
TXN_00001502,ACC_000393,,MER_000026,DEV_000083,IP_000078,2026-01-17T11:52:56,323.29,PAYMENT_P2M,SUCCESS,UPI,SCEN_LEGIT_BASELINE,LEGITIMATE,legitimate
TXN_00001428,ACC_000274,,MER_000018,DEV_000077,IP_000031,2026-01-17T12:05:37,1660.18,PAYMENT_P2M,SUCCESS,CARD,SCEN_LEGIT_BASELINE,LEGITIMATE,legitimate
TXN_00000984,ACC_000239,BEN_000029,,DEV_000070,IP_000144,2026-01-17T13:52:49,576.34,TRANSFER_P2P,SUCCESS,UPI,SCEN_LEGIT_BASELINE,LEGITIMATE,legitimate
TXN_00001949,ACC_000444,BEN_000017,,DEV_000010,IP_000067,2026-01-17T14:17:24,889.1,TRANSFER_P2P,SUCCESS,NETBANKING,SCEN_LEGIT_BASELINE,LEGITIMATE,legitimate
TXN_00000664,ACC_000479,BEN_000050,,DEV_000022,IP_000148,2026-01-17T14:29:36,881.41,TRANSFER_P2P,SUCCESS,UPI,SCEN_LEGIT_BASELINE,LEGITIMATE,legitimate
TXN_00000969,ACC_000292,BEN_000011,,DEV_000100,IP_000130,2026-01-17T14:37:59,478.53,TRANSFER_P2P,SUCCESS,UPI,SCEN_LEGIT_BASELINE,LEGITIMATE,legitimate
TXN_00000743,ACC_000500,,MER_000048,DEV_000082,IP_000058,2026-01-17T15:28:00,781.64,PAYMENT_P2M,SUCCESS,NETBANKING,SCEN_LEGIT_BASELINE,LEGITIMATE,legitimate
TXN_00001505,ACC_000109,,MER_000009,DEV_000008,IP_000139,2026-01-17T15:30:47,284.93,PAYMENT_P2M,SUCCESS,CARD,SCEN_LEGIT_BASELINE,LEGITIMATE,legitimate
TXN_00001371,ACC_000314,,MER_000044,DEV_000095,IP_000008,2026-01-17T16:09:23,2711.34,PAYMENT_P2M,SUCCESS,UPI,SCEN_LEGIT_BASELINE,LEGITIMATE,legitimate
TXN_00000387,ACC_000245,,MER_000018,DEV_000016,IP_000097,2026-01-17T16:32:52,481.33,PAYMENT_P2M,SUCCESS,CARD,SCEN_LEGIT_BASELINE,LEGITIMATE,legitimate
TXN_00001557,ACC_000461,BEN_000036,,DEV_000009,IP_000093,2026-01-17T17:16:06,438.56,TRANSFER_P2P,SUCCESS,NETBANKING,SCEN_LEGIT_BASELINE,LEGITIMATE,legitimate
TXN_00001480,ACC_000237,,MER_000012,DEV_000022,IP_000005,2026-01-17T17:16:25,1711.11,PAYMENT_P2M,SUCCESS,UPI,SCEN_LEGIT_BASELINE,LEGITIMATE,legitimate
TXN_00001036,ACC_000436,BEN_000044,,DEV_000085,IP_000016,2026-01-17T17:17:53,801.44,TRANSFER_P2P,SUCCESS,NETBANKING,SCEN_LEGIT_BASELINE,LEGITIMATE,legitimate
TXN_00000077,ACC_000128,BEN_000093,,DEV_000066,IP_000145,2026-01-17T17:26:19,49000.0,TRANSFER_P2P,SUCCESS,IMPS,SCEN_COMMON_BEN_002,COMMON_BENEFICIARY_RING,ring
TXN_00001633,ACC_000029,,MER_000035,DEV_000011,IP_000014,2026-01-17T17:51:07,1260.59,PAYMENT_P2M,SUCCESS,CARD,SCEN_LEGIT_BASELINE,LEGITIMATE,legitimate
TXN_00000576,ACC_000414,BEN_000038,,DEV_000063,IP_000074,2026-01-17T17:52:07,1134.11,TRANSFER_P2P,SUCCESS,CARD,SCEN_LEGIT_BASELINE,LEGITIMATE,legitimate
TXN_00001874,ACC_000153,,MER_000015,DEV_000092,IP_000009,2026-01-17T18:19:48,1863.94,PAYMENT_P2M,SUCCESS,UPI,SCEN_LEGIT_BASELINE,LEGITIMATE,legitimate
TXN_00001243,ACC_000135,BEN_000022,,DEV_000032,IP_000102,2026-01-17T18:57:15,682.15,TRANSFER_P2P,SUCCESS,UPI,SCEN_LEGIT_BASELINE,LEGITIMATE,legitimate
TXN_00001469,ACC_000447,BEN_000015,,DEV_000032,IP_000103,2026-01-17T19:06:38,682.34,TRANSFER_P2P,SUCCESS,UPI,SCEN_LEGIT_BASELINE,LEGITIMATE,legitimate
TXN_00000081,ACC_000124,BEN_000093,,DEV_000066,IP_000045,2026-01-17T19:09:00,24500.0,TRANSFER_P2P,SUCCESS,IMPS,SCEN_COMMON_BEN_002,COMMON_BENEFICIARY_RING,ring
TXN_00001047,ACC_000267,,MER_000019,DEV_000034,IP_000052,2026-01-17T20:34:51,565.04,PAYMENT_P2M,SUCCESS,UPI,SCEN_LEGIT_BASELINE,LEGITIMATE,legitimate
TXN_00001756,ACC_000376,,MER_000043,DEV_000026,IP_000067,2026-01-17T21:21:42,2505.83,PAYMENT_P2M,SUCCESS,NETBANKING,SCEN_LEGIT_BASELINE,LEGITIMATE,legitimate
TXN_00000717,ACC_000189,,MER_000014,DEV_000092,IP_000099,2026-01-17T21:45:44,207.34,PAYMENT_P2M,SUCCESS,UPI,SCEN_LEGIT_BASELINE,LEGITIMATE,legitimate
TXN_00001822,ACC_000091,BEN_000062,,DEV_000032,IP_000123,2026-01-17T21:54:12,1109.04,TRANSFER_P2P,SUCCESS,CARD,SCEN_LEGIT_BASELINE,LEGITIMATE,legitimate
TXN_00000613,ACC_000182,,MER_000010,DEV_000020,IP_000116,2026-01-17T21:56:19,987.07,PAYMENT_P2M,SUCCESS,UPI,SCEN_LEGIT_BASELINE,LEGITIMATE,legitimate
TXN_00001961,ACC_000274,,MER_000012,DEV_000074,IP_000130,2026-01-17T22:18:48,2159.0,PAYMENT_P2M,SUCCESS,CARD,SCEN_LEGIT_BASELINE,LEGITIMATE,legitimate
TXN_00000079,ACC_000128,BEN_000093,,DEV_000066,IP_000145,2026-01-17T22:26:19,48500.0,TRANSFER_P2P,SUCCESS,IMPS,SCEN_COMMON_BEN_002,COMMON_BENEFICIARY_RING,ring
TXN_00001595,ACC_000238,,MER_000007,DEV_000021,IP_000029,2026-01-17T23:53:23,146.65,PAYMENT_P2M,SUCCESS,UPI,SCEN_LEGIT_BASELINE,LEGITIMATE,legitimate
TXN_00000266,ACC_000307,BEN_000059,,DEV_000005,IP_000044,2026-01-18T00:17:20,1250.0,TRANSFER_P2P,SUCCESS,NETBANKING,SCEN_LOOKALIKE_002,LEGITIMATE_LOOKALIKE,legitimate
TXN_00000638,ACC_000040,,MER_000047,DEV_000018,IP_000013,2026-01-18T00:38:19,912.42,PAYMENT_P2M,SUCCESS,NETBANKING,SCEN_LEGIT_BASELINE,LEGITIMATE,legitimate
TXN_00000082,ACC_000124,BEN_000093,,DEV_000066,IP_000045,2026-01-18T01:09:00,24500.0,TRANSFER_P2P,SUCCESS,IMPS,SCEN_COMMON_BEN_002,COMMON_BENEFICIARY_RING,ring
TXN_00000078,ACC_000128,BEN_000093,,DEV_000066,IP_000145,2026-01-18T01:26:19,49000.0,TRANSFER_P2P,SUCCESS,IMPS,SCEN_COMMON_BEN_002,COMMON_BENEFICIARY_RING,ring
TXN_00000966,ACC_000489,BEN_000065,,DEV_000076,IP_000056,2026-01-18T06:23:31,2016.53,TRANSFER_P2P,SUCCESS,UPI,SCEN_LEGIT_BASELINE,LEGITIMATE,legitimate
TXN_00001409,ACC_000116,BEN_000067,,DEV_000010,IP_000138,2026-01-18T07:03:32,430.1,TRANSFER_P2P,SUCCESS,CARD,SCEN_LEGIT_BASELINE,LEGITIMATE,legitimate
TXN_00001906,ACC_000236,BEN_000085,,DEV_000007,IP_000095,2026-01-18T07:07:25,349.63,TRANSFER_P2P,SUCCESS,UPI,SCEN_LEGIT_BASELINE,LEGITIMATE,legitimate
TXN_00000398,ACC_000136,BEN_000008,,DEV_000055,IP_000106,2026-01-18T07:45:50,4191.75,TRANSFER_P2P,SUCCESS,CARD,SCEN_LEGIT_BASELINE,LEGITIMATE,legitimate
TXN_00001575,ACC_000039,,MER_000005,DEV_000045,IP_000034,2026-01-18T08:25:05,455.02,PAYMENT_P2M,SUCCESS,CARD,SCEN_LEGIT_BASELINE,LEGITIMATE,legitimate
TXN_00001689,ACC_000006,,MER_000003,DEV_000071,IP_000078,2026-01-18T12:34:17,179.34,PAYMENT_P2M,SUCCESS,UPI,SCEN_LEGIT_BASELINE,LEGITIMATE,legitimate
TXN_00000707,ACC_000431,,MER_000013,DEV_000077,IP_000122,2026-01-18T13:45:30,1689.49,PAYMENT_P2M,SUCCESS,CARD,SCEN_LEGIT_BASELINE,LEGITIMATE,legitimate
TXN_00001369,ACC_000145,,MER_000038,DEV_000079,IP_000094,2026-01-18T14:56:37,3530.34,PAYMENT_P2M,SUCCESS,NETBANKING,SCEN_LEGIT_BASELINE,LEGITIMATE,legitimate
TXN_00000586,ACC_000186,BEN_000009,,DEV_000047,IP_000099,2026-01-18T15:24:41,4044.39,TRANSFER_P2P,SUCCESS,NETBANKING,SCEN_LEGIT_BASELINE,LEGITIMATE,legitimate
TXN_00000058,ACC_000481,BEN_000065,,DEV_000032,IP_000122,2026-01-18T16:40:13,49000.0,TRANSFER_P2P,SUCCESS,IMPS,SCEN_COMMON_BEN_001,COMMON_BENEFICIARY_RING,ring
TXN_00001016,ACC_000294,BEN_000085,,DEV_000074,IP_000107,2026-01-18T17:46:29,1578.17,TRANSFER_P2P,SUCCESS,NETBANKING,SCEN_LEGIT_BASELINE,LEGITIMATE,legitimate
TXN_00000118,ACC_000254,BEN_000090,,DEV_000041,IP_000092,2026-01-18T18:26:55,15000.0,TRANSFER_P2P,SUCCESS,IMPS,SCEN_RAPID_DISTRIB_002,RAPID_FUND_DISTRIBUTION_RING,ring
TXN_00000119,ACC_000254,BEN_000038,,DEV_000041,IP_000092,2026-01-18T18:27:55,15000.0,TRANSFER_P2P,SUCCESS,IMPS,SCEN_RAPID_DISTRIB_002,RAPID_FUND_DISTRIBUTION_RING,ring
TXN_00000120,ACC_000254,BEN_000016,,DEV_000041,IP_000092,2026-01-18T18:29:55,15000.0,TRANSFER_P2P,SUCCESS,IMPS,SCEN_RAPID_DISTRIB_002,RAPID_FUND_DISTRIBUTION_RING,ring
TXN_00000121,ACC_000254,BEN_000024,,DEV_000041,IP_000092,2026-01-18T18:32:55,20000.0,TRANSFER_P2P,SUCCESS,IMPS,SCEN_RAPID_DISTRIB_002,RAPID_FUND_DISTRIBUTION_RING,ring
TXN_00000122,ACC_000278,BEN_000090,,DEV_000041,IP_000092,2026-01-18T18:35:55,15000.0,TRANSFER_P2P,SUCCESS,IMPS,SCEN_RAPID_DISTRIB_002,RAPID_FUND_DISTRIBUTION_RING,ring
TXN_00000123,ACC_000278,BEN_000038,,DEV_000041,IP_000092,2026-01-18T18:38:55,20000.0,TRANSFER_P2P,SUCCESS,IMPS,SCEN_RAPID_DISTRIB_002,RAPID_FUND_DISTRIBUTION_RING,ring
TXN_00000124,ACC_000278,BEN_000016,,DEV_000041,IP_000092,2026-01-18T18:39:55,20000.0,TRANSFER_P2P,SUCCESS,IMPS,SCEN_RAPID_DISTRIB_002,RAPID_FUND_DISTRIBUTION_RING,ring
TXN_00000125,ACC_000278,BEN_000024,,DEV_000041,IP_000092,2026-01-18T18:42:55,20000.0,TRANSFER_P2P,SUCCESS,IMPS,SCEN_RAPID_DISTRIB_002,RAPID_FUND_DISTRIBUTION_RING,ring
TXN_00001734,ACC_000159,,MER_000007,DEV_000072,IP_000010,2026-01-18T18:43:32,858.93,PAYMENT_P2M,SUCCESS,NETBANKING,SCEN_LEGIT_BASELINE,LEGITIMATE,legitimate
TXN_00000126,ACC_000331,BEN_000090,,DEV_000041,IP_000092,2026-01-18T18:46:55,30000.0,TRANSFER_P2P,SUCCESS,IMPS,SCEN_RAPID_DISTRIB_002,RAPID_FUND_DISTRIBUTION_RING,ring
TXN_00000127,ACC_000331,BEN_000038,,DEV_000041,IP_000092,2026-01-18T18:48:55,25000.0,TRANSFER_P2P,SUCCESS,IMPS,SCEN_RAPID_DISTRIB_002,RAPID_FUND_DISTRIBUTION_RING,ring
TXN_00000128,ACC_000331,BEN_000016,,DEV_000041,IP_000092,2026-01-18T18:49:55,30000.0,TRANSFER_P2P,SUCCESS,IMPS,SCEN_RAPID_DISTRIB_002,RAPID_FUND_DISTRIBUTION_RING,ring
TXN_00000129,ACC_000331,BEN_000024,,DEV_000041,IP_000092,2026-01-18T18:52:55,20000.0,TRANSFER_P2P,SUCCESS,IMPS,SCEN_RAPID_DISTRIB_002,RAPID_FUND_DISTRIBUTION_RING,ring
TXN_00000130,ACC_000440,BEN_000090,,DEV_000041,IP_000092,2026-01-18T18:55:55,15000.0,TRANSFER_P2P,SUCCESS,IMPS,SCEN_RAPID_DISTRIB_002,RAPID_FUND_DISTRIBUTION_RING,ring
TXN_00000131,ACC_000440,BEN_000038,,DEV_000041,IP_000092,2026-01-18T18:57:55,25000.0,TRANSFER_P2P,SUCCESS,IMPS,SCEN_RAPID_DISTRIB_002,RAPID_FUND_DISTRIBUTION_RING,ring
TXN_00000132,ACC_000440,BEN_000016,,DEV_000041,IP_000092,2026-01-18T19:00:55,15000.0,TRANSFER_P2P,SUCCESS,IMPS,SCEN_RAPID_DISTRIB_002,RAPID_FUND_DISTRIBUTION_RING,ring
TXN_00001830,ACC_000081,,MER_000046,DEV_000071,IP_000077,2026-01-18T19:00:58,672.78,PAYMENT_P2M,SUCCESS,NETBANKING,SCEN_LEGIT_BASELINE,LEGITIMATE,legitimate
TXN_00000133,ACC_000440,BEN_000024,,DEV_000041,IP_000092,2026-01-18T19:02:55,20000.0,TRANSFER_P2P,SUCCESS,IMPS,SCEN_RAPID_DISTRIB_002,RAPID_FUND_DISTRIBUTION_RING,ring
TXN_00000134,ACC_000475,BEN_000090,,DEV_000041,IP_000092,2026-01-18T19:06:55,20000.0,TRANSFER_P2P,SUCCESS,IMPS,SCEN_RAPID_DISTRIB_002,RAPID_FUND_DISTRIBUTION_RING,ring
TXN_00000135,ACC_000475,BEN_000038,,DEV_000041,IP_000092,2026-01-18T19:07:55,30000.0,TRANSFER_P2P,SUCCESS,IMPS,SCEN_RAPID_DISTRIB_002,RAPID_FUND_DISTRIBUTION_RING,ring
TXN_00000136,ACC_000475,BEN_000016,,DEV_000041,IP_000092,2026-01-18T19:09:55,25000.0,TRANSFER_P2P,SUCCESS,IMPS,SCEN_RAPID_DISTRIB_002,RAPID_FUND_DISTRIBUTION_RING,ring
TXN_00000137,ACC_000475,BEN_000024,,DEV_000041,IP_000092,2026-01-18T19:11:55,20000.0,TRANSFER_P2P,SUCCESS,IMPS,SCEN_RAPID_DISTRIB_002,RAPID_FUND_DISTRIBUTION_RING,ring
TXN_00000977,ACC_000258,BEN_000091,,DEV_000058,IP_000144,2026-01-18T19:41:07,1014.52,TRANSFER_P2P,SUCCESS,CARD,SCEN_LEGIT_BASELINE,LEGITIMATE,legitimate
TXN_00001212,ACC_000170,,MER_000034,DEV_000055,IP_000116,2026-01-18T19:50:27,588.72,PAYMENT_P2M,SUCCESS,UPI,SCEN_LEGIT_BASELINE,LEGITIMATE,legitimate
TXN_00001762,ACC_000008,,MER_000013,DEV_000021,IP_000143,2026-01-18T20:46:57,225.02,PAYMENT_P2M,SUCCESS,UPI,SCEN_LEGIT_BASELINE,LEGITIMATE,legitimate
TXN_00000080,ACC_000128,BEN_000093,,DEV_000066,IP_000145,2026-01-18T21:26:19,24500.0,TRANSFER_P2P,SUCCESS,IMPS,SCEN_COMMON_BEN_002,COMMON_BENEFICIARY_RING,ring
TXN_00001125,ACC_000010,,MER_000025,DEV_000067,IP_000087,2026-01-18T21:26:43,235.98,PAYMENT_P2M,SUCCESS,CARD,SCEN_LEGIT_BASELINE,LEGITIMATE,legitimate
TXN_00000900,ACC_000053,BEN_000036,,DEV_000025,IP_000148,2026-01-18T21:53:59,1429.07,TRANSFER_P2P,SUCCESS,CARD,SCEN_LEGIT_BASELINE,LEGITIMATE,legitimate
TXN_00000762,ACC_000398,,MER_000027,DEV_000048,IP_000064,2026-01-18T22:02:18,253.05,PAYMENT_P2M,SUCCESS,NETBANKING,SCEN_LEGIT_BASELINE,LEGITIMATE,legitimate
TXN_00000202,ACC_000213,BEN_000063,,DEV_000045,IP_000001,2026-01-18T22:35:28,49999.0,TRANSFER_P2P,SUCCESS,IMPS,SCEN_COMBINED_RING_002,COMBINED_RING,ring
TXN_00000203,ACC_000213,BEN_000063,,DEV_000045,IP_000001,2026-01-18T22:35:45,99500.0,TRANSFER_P2P,SUCCESS,IMPS,SCEN_COMBINED_RING_002,COMBINED_RING,ring
TXN_00000204,ACC_000144,BEN_000063,,DEV_000045,IP_000001,2026-01-18T22:37:30,49500.0,TRANSFER_P2P,SUCCESS,IMPS,SCEN_COMBINED_RING_002,COMBINED_RING,ring
TXN_00000205,ACC_000144,BEN_000063,,DEV_000045,IP_000001,2026-01-18T22:37:46,49999.0,TRANSFER_P2P,SUCCESS,IMPS,SCEN_COMBINED_RING_002,COMBINED_RING,ring
TXN_00000206,ACC_000265,BEN_000063,,DEV_000045,IP_000001,2026-01-18T22:39:31,99500.0,TRANSFER_P2P,SUCCESS,IMPS,SCEN_COMBINED_RING_002,COMBINED_RING,ring
TXN_00000207,ACC_000265,BEN_000063,,DEV_000045,IP_000001,2026-01-18T22:39:43,49000.0,TRANSFER_P2P,SUCCESS,IMPS,SCEN_COMBINED_RING_002,COMBINED_RING,ring
TXN_00000208,ACC_000026,BEN_000063,,DEV_000045,IP_000001,2026-01-18T22:41:25,49000.0,TRANSFER_P2P,SUCCESS,IMPS,SCEN_COMBINED_RING_002,COMBINED_RING,ring
TXN_00000209,ACC_000026,BEN_000063,,DEV_000045,IP_000001,2026-01-18T22:41:51,49999.0,TRANSFER_P2P,SUCCESS,IMPS,SCEN_COMBINED_RING_002,COMBINED_RING,ring
TXN_00000636,ACC_000346,BEN_000040,,DEV_000077,IP_000074,2026-01-18T22:42:37,899.73,TRANSFER_P2P,SUCCESS,UPI,SCEN_LEGIT_BASELINE,LEGITIMATE,legitimate
TXN_00000210,ACC_000007,BEN_000063,,DEV_000045,IP_000001,2026-01-18T22:43:20,49999.0,TRANSFER_P2P,SUCCESS,IMPS,SCEN_COMBINED_RING_002,COMBINED_RING,ring
TXN_00000211,ACC_000007,BEN_000063,,DEV_000045,IP_000001,2026-01-18T22:43:53,49500.0,TRANSFER_P2P,SUCCESS,IMPS,SCEN_COMBINED_RING_002,COMBINED_RING,ring
TXN_00000212,ACC_000007,BEN_000063,,DEV_000045,IP_000001,2026-01-18T22:44:17,49500.0,TRANSFER_P2P,SUCCESS,IMPS,SCEN_COMBINED_RING_002,COMBINED_RING,ring
TXN_00000213,ACC_000007,BEN_000063,,DEV_000045,IP_000001,2026-01-18T22:44:37,49500.0,TRANSFER_P2P,SUCCESS,IMPS,SCEN_COMBINED_RING_002,COMBINED_RING,ring
TXN_00000214,ACC_000347,BEN_000063,,DEV_000045,IP_000001,2026-01-18T22:45:20,49500.0,TRANSFER_P2P,SUCCESS,IMPS,SCEN_COMBINED_RING_002,COMBINED_RING,ring
TXN_00000215,ACC_000347,BEN_000063,,DEV_000045,IP_000001,2026-01-18T22:45:51,99500.0,TRANSFER_P2P,SUCCESS,IMPS,SCEN_COMBINED_RING_002,COMBINED_RING,ring
TXN_00000216,ACC_000347,BEN_000063,,DEV_000045,IP_000001,2026-01-18T22:46:12,99500.0,TRANSFER_P2P,SUCCESS,IMPS,SCEN_COMBINED_RING_002,COMBINED_RING,ring
TXN_00000217,ACC_000347,BEN_000063,,DEV_000045,IP_000001,2026-01-18T22:46:39,49000.0,TRANSFER_P2P,SUCCESS,IMPS,SCEN_COMBINED_RING_002,COMBINED_RING,ring
TXN_00000884,ACC_000427,,MER_000038,DEV_000015,IP_000122,2026-01-18T22:46:46,1896.78,PAYMENT_P2M,SUCCESS,UPI,SCEN_LEGIT_BASELINE,LEGITIMATE,legitimate
TXN_00000218,ACC_000089,BEN_000063,,DEV_000045,IP_000001,2026-01-18T22:47:20,99500.0,TRANSFER_P2P,SUCCESS,IMPS,SCEN_COMBINED_RING_002,COMBINED_RING,ring
TXN_00000219,ACC_000089,BEN_000063,,DEV_000045,IP_000001,2026-01-18T22:47:53,49999.0,TRANSFER_P2P,SUCCESS,IMPS,SCEN_COMBINED_RING_002,COMBINED_RING,ring
TXN_00001559,ACC_000062,,MER_000004,DEV_000018,IP_000118,2026-01-18T23:11:12,1003.35,PAYMENT_P2M,SUCCESS,UPI,SCEN_LEGIT_BASELINE,LEGITIMATE,legitimate
TXN_00001835,ACC_000393,BEN_000077,,DEV_000023,IP_000078,2026-01-19T00:25:59,887.86,TRANSFER_P2P,SUCCESS,CARD,SCEN_LEGIT_BASELINE,LEGITIMATE,legitimate
TXN_00001778,ACC_000262,BEN_000083,,DEV_000017,IP_000108,2026-01-19T00:28:30,1074.6,TRANSFER_P2P,SUCCESS,CARD,SCEN_LEGIT_BASELINE,LEGITIMATE,legitimate
TXN_00001507,ACC_000283,BEN_000094,,DEV_000094,IP_000085,2026-01-19T01:33:11,323.03,TRANSFER_P2P,SUCCESS,UPI,SCEN_LEGIT_BASELINE,LEGITIMATE,legitimate
TXN_00001455,ACC_000084,,MER_000015,DEV_000052,IP_000048,2026-01-19T03:00:26,1715.5,PAYMENT_P2M,SUCCESS,CARD,SCEN_LEGIT_BASELINE,LEGITIMATE,legitimate
TXN_00001093,ACC_000290,,MER_000045,DEV_000088,IP_000059,2026-01-19T04:44:22,650.14,PAYMENT_P2M,SUCCESS,UPI,SCEN_LEGIT_BASELINE,LEGITIMATE,legitimate
TXN_00000425,ACC_000200,,MER_000042,DEV_000048,IP_000027,2026-01-19T04:57:01,3529.81,PAYMENT_P2M,SUCCESS,CARD,SCEN_LEGIT_BASELINE,LEGITIMATE,legitimate
TXN_00001348,ACC_000024,,MER_000029,DEV_000032,IP_000112,2026-01-19T05:32:51,2266.24,PAYMENT_P2M,SUCCESS,NETBANKING,SCEN_LEGIT_BASELINE,LEGITIMATE,legitimate
TXN_00001121,ACC_000417,BEN_000010,,DEV_000022,IP_000149,2026-01-19T06:04:16,294.6,TRANSFER_P2P,SUCCESS,CARD,SCEN_LEGIT_BASELINE,LEGITIMATE,legitimate
TXN_00000685,ACC_000024,BEN_000001,,DEV_000032,IP_000112,2026-01-19T06:31:39,1014.1,TRANSFER_P2P,SUCCESS,NETBANKING,SCEN_LEGIT_BASELINE,LEGITIMATE,legitimate
TXN_00001389,ACC_000218,BEN_000046,,DEV_000092,IP_000049,2026-01-19T06:38:42,2004.65,TRANSFER_P2P,SUCCESS,UPI,SCEN_LEGIT_BASELINE,LEGITIMATE,legitimate
TXN_00000936,ACC_000324,,MER_000045,DEV_000021,IP_000118,2026-01-19T07:14:58,305.79,PAYMENT_P2M,SUCCESS,UPI,SCEN_LEGIT_BASELINE,LEGITIMATE,legitimate
TXN_00000060,ACC_000481,BEN_000065,,DEV_000032,IP_000122,2026-01-19T07:40:13,24800.0,TRANSFER_P2P,SUCCESS,IMPS,SCEN_COMMON_BEN_001,COMMON_BENEFICIARY_RING,ring
TXN_00001179,ACC_000270,,MER_000036,DEV_000089,IP_000093,2026-01-19T08:11:08,1889.8,PAYMENT_P2M,SUCCESS,UPI,SCEN_LEGIT_BASELINE,LEGITIMATE,legitimate
TXN_00001498,ACC_000029,BEN_000080,,DEV_000011,IP_000014,2026-01-19T09:28:42,152.19,TRANSFER_P2P,SUCCESS,UPI,SCEN_LEGIT_BASELINE,LEGITIMATE,legitimate
TXN_00000571,ACC_000094,BEN_000036,,DEV_000064,IP_000133,2026-01-19T09:37:59,821.43,TRANSFER_P2P,SUCCESS,NETBANKING,SCEN_LEGIT_BASELINE,LEGITIMATE,legitimate
TXN_00001935,ACC_000295,,MER_000048,DEV_000078,IP_000141,2026-01-19T09:58:06,1521.29,PAYMENT_P2M,SUCCESS,CARD,SCEN_LEGIT_BASELINE,LEGITIMATE,legitimate
TXN_00001881,ACC_000135,BEN_000070,,DEV_000032,IP_000102,2026-01-19T10:03:43,2378.55,TRANSFER_P2P,SUCCESS,NETBANKING,SCEN_LEGIT_BASELINE,LEGITIMATE,legitimate
TXN_00001915,ACC_000106,,MER_000038,DEV_000046,IP_000074,2026-01-19T11:13:36,1361.42,PAYMENT_P2M,SUCCESS,CARD,SCEN_LEGIT_BASELINE,LEGITIMATE,legitimate
TXN_00000294,ACC_000005,,MER_000045,DEV_000080,IP_000049,2026-01-19T11:45:39,899.0,PAYMENT_P2M,SUCCESS,NETBANKING,SCEN_LOOKALIKE_004,LEGITIMATE_LOOKALIKE,legitimate
TXN_00001411,ACC_000310,BEN_000084,,DEV_000023,IP_000041,2026-01-19T12:04:09,3269.87,TRANSFER_P2P,SUCCESS,UPI,SCEN_LEGIT_BASELINE,LEGITIMATE,legitimate
TXN_00001280,ACC_000040,,MER_000031,DEV_000018,IP_000013,2026-01-19T13:56:56,668.33,PAYMENT_P2M,SUCCESS,NETBANKING,SCEN_LEGIT_BASELINE,LEGITIMATE,legitimate
TXN_00001578,ACC_000145,,MER_000008,DEV_000079,IP_000013,2026-01-19T14:09:58,55.28,PAYMENT_P2M,SUCCESS,CARD,SCEN_LEGIT_BASELINE,LEGITIMATE,legitimate
TXN_00000275,ACC_000073,,MER_000024,DEV_000056,IP_000119,2026-01-19T14:35:46,1250.0,PAYMENT_P2M,SUCCESS,CARD,SCEN_LOOKALIKE_003,LEGITIMATE_LOOKALIKE,legitimate
TXN_00000696,ACC_000173,,MER_000047,DEV_000057,IP_000148,2026-01-19T15:05:37,3252.76,PAYMENT_P2M,SUCCESS,UPI,SCEN_LEGIT_BASELINE,LEGITIMATE,legitimate
TXN_00001695,ACC_000425,BEN_000080,,DEV_000057,IP_000140,2026-01-19T15:38:35,454.2,TRANSFER_P2P,SUCCESS,UPI,SCEN_LEGIT_BASELINE,LEGITIMATE,legitimate
TXN_00000883,ACC_000383,,MER_000012,DEV_000063,IP_000027,2026-01-19T16:28:03,2224.96,PAYMENT_P2M,SUCCESS,UPI,SCEN_LEGIT_BASELINE,LEGITIMATE,legitimate
TXN_00000333,ACC_000222,BEN_000095,,DEV_000033,IP_000093,2026-01-19T17:10:06,389.66,TRANSFER_P2P,SUCCESS,CARD,SCEN_LEGIT_BASELINE,LEGITIMATE,legitimate
TXN_00000059,ACC_000481,BEN_000065,,DEV_000032,IP_000122,2026-01-19T18:40:13,24500.0,TRANSFER_P2P,SUCCESS,IMPS,SCEN_COMMON_BEN_001,COMMON_BENEFICIARY_RING,ring
TXN_00001764,ACC_000367,,MER_000018,DEV_000030,IP_000046,2026-01-19T19:21:52,1828.01,PAYMENT_P2M,SUCCESS,NETBANKING,SCEN_LEGIT_BASELINE,LEGITIMATE,legitimate
TXN_00001438,ACC_000101,BEN_000019,,DEV_000048,IP_000146,2026-01-19T19:48:37,2461.37,TRANSFER_P2P,SUCCESS,UPI,SCEN_LEGIT_BASELINE,LEGITIMATE,legitimate
TXN_00001781,ACC_000468,,MER_000027,DEV_000029,IP_000074,2026-01-19T20:45:09,998.29,PAYMENT_P2M,SUCCESS,UPI,SCEN_LEGIT_BASELINE,LEGITIMATE,legitimate
TXN_00000482,ACC_000308,,MER_000048,DEV_000081,IP_000111,2026-01-19T23:33:34,251.11,PAYMENT_P2M,SUCCESS,UPI,SCEN_LEGIT_BASELINE,LEGITIMATE,legitimate
TXN_00000733,ACC_000081,,MER_000020,DEV_000071,IP_000077,2026-01-19T23:56:27,755.4,PAYMENT_P2M,SUCCESS,UPI,SCEN_LEGIT_BASELINE,LEGITIMATE,legitimate
TXN_00001164,ACC_000021,,MER_000048,DEV_000074,IP_000027,2026-01-20T00:38:40,2210.07,PAYMENT_P2M,SUCCESS,UPI,SCEN_LEGIT_BASELINE,LEGITIMATE,legitimate
TXN_00001700,ACC_000193,,MER_000009,DEV_000072,IP_000003,2026-01-20T00:39:57,303.49,PAYMENT_P2M,SUCCESS,UPI,SCEN_LEGIT_BASELINE,LEGITIMATE,legitimate
TXN_00000321,ACC_000166,,MER_000041,DEV_000077,IP_000070,2026-01-20T03:34:14,931.73,PAYMENT_P2M,SUCCESS,UPI,SCEN_LEGIT_BASELINE,LEGITIMATE,legitimate
TXN_00001554,ACC_000045,BEN_000094,,DEV_000014,IP_000082,2026-01-20T03:49:06,558.15,TRANSFER_P2P,SUCCESS,UPI,SCEN_LEGIT_BASELINE,LEGITIMATE,legitimate
TXN_00001666,ACC_000192,,MER_000022,DEV_000099,IP_000060,2026-01-20T04:18:56,1159.81,PAYMENT_P2M,SUCCESS,CARD,SCEN_LEGIT_BASELINE,LEGITIMATE,legitimate
TXN_00001468,ACC_000008,,MER_000007,DEV_000021,IP_000120,2026-01-20T04:45:29,2505.79,PAYMENT_P2M,SUCCESS,NETBANKING,SCEN_LEGIT_BASELINE,LEGITIMATE,legitimate
TXN_00000278,ACC_000149,,MER_000045,DEV_000056,IP_000119,2026-01-20T05:39:15,899.0,PAYMENT_P2M,SUCCESS,CARD,SCEN_LOOKALIKE_003,LEGITIMATE_LOOKALIKE,legitimate
TXN_00001977,ACC_000469,BEN_000058,,DEV_000001,IP_000037,2026-01-20T06:21:09,1763.22,TRANSFER_P2P,SUCCESS,CARD,SCEN_LEGIT_BASELINE,LEGITIMATE,legitimate
TXN_00000532,ACC_000054,,MER_000035,DEV_000039,IP_000105,2026-01-20T06:49:48,744.85,PAYMENT_P2M,SUCCESS,UPI,SCEN_LEGIT_BASELINE,LEGITIMATE,legitimate
TXN_00000341,ACC_000460,,MER_000013,DEV_000050,IP_000085,2026-01-20T08:50:02,510.85,PAYMENT_P2M,SUCCESS,UPI,SCEN_LEGIT_BASELINE,LEGITIMATE,legitimate
TXN_00000694,ACC_000020,,MER_000024,DEV_000097,IP_000025,2026-01-20T08:54:57,2010.36,PAYMENT_P2M,SUCCESS,NETBANKING,SCEN_LEGIT_BASELINE,LEGITIMATE,legitimate
TXN_00001784,ACC_000060,BEN_000043,,DEV_000055,IP_000106,2026-01-20T08:59:15,949.66,TRANSFER_P2P,SUCCESS,UPI,SCEN_LEGIT_BASELINE,LEGITIMATE,legitimate
TXN_00001102,ACC_000051,BEN_000076,,DEV_000092,IP_000140,2026-01-20T09:51:32,832.94,TRANSFER_P2P,SUCCESS,UPI,SCEN_LEGIT_BASELINE,LEGITIMATE,legitimate
TXN_00000922,ACC_000389,,MER_000004,DEV_000043,IP_000133,2026-01-20T10:58:22,2888.87,PAYMENT_P2M,SUCCESS,CARD,SCEN_LEGIT_BASELINE,LEGITIMATE,legitimate
TXN_00000626,ACC_000489,BEN_000040,,DEV_000076,IP_000056,2026-01-20T11:34:31,678.27,TRANSFER_P2P,SUCCESS,CARD,SCEN_LEGIT_BASELINE,LEGITIMATE,legitimate
TXN_00000393,ACC_000087,,MER_000038,DEV_000091,IP_000118,2026-01-20T12:48:48,1602.66,PAYMENT_P2M,SUCCESS,NETBANKING,SCEN_LEGIT_BASELINE,LEGITIMATE,legitimate
TXN_00001754,ACC_000081,,MER_000002,DEV_000071,IP_000077,2026-01-20T13:48:38,506.02,PAYMENT_P2M,SUCCESS,UPI,SCEN_LEGIT_BASELINE,LEGITIMATE,legitimate
TXN_00000285,ACC_000385,,MER_000006,DEV_000056,IP_000119,2026-01-20T14:46:59,3500.0,PAYMENT_P2M,SUCCESS,NETBANKING,SCEN_LOOKALIKE_003,LEGITIMATE_LOOKALIKE,legitimate
TXN_00000541,ACC_000039,,MER_000009,DEV_000070,IP_000034,2026-01-20T16:06:05,798.52,PAYMENT_P2M,SUCCESS,UPI,SCEN_LEGIT_BASELINE,LEGITIMATE,legitimate
TXN_00001825,ACC_000004,,MER_000047,DEV_000093,IP_000005,2026-01-20T16:36:57,977.09,PAYMENT_P2M,SUCCESS,UPI,SCEN_LEGIT_BASELINE,LEGITIMATE,legitimate
TXN_00000412,ACC_000338,,MER_000043,DEV_000055,IP_000122,2026-01-20T17:14:38,298.33,PAYMENT_P2M,SUCCESS,UPI,SCEN_LEGIT_BASELINE,LEGITIMATE,legitimate
TXN_00001834,ACC_000286,,MER_000042,DEV_000053,IP_000061,2026-01-20T17:15:58,368.88,PAYMENT_P2M,SUCCESS,CARD,SCEN_LEGIT_BASELINE,LEGITIMATE,legitimate
TXN_00000272,ACC_000202,,MER_000035,DEV_000056,IP_000119,2026-01-20T17:26:20,899.0,PAYMENT_P2M,SUCCESS,CARD,SCEN_LOOKALIKE_003,LEGITIMATE_LOOKALIKE,legitimate
TXN_00001856,ACC_000239,BEN_000029,,DEV_000070,IP_000144,2026-01-20T18:18:55,726.78,TRANSFER_P2P,SUCCESS,CARD,SCEN_LEGIT_BASELINE,LEGITIMATE,legitimate
TXN_00001006,ACC_000341,,MER_000033,DEV_000074,IP_000124,2026-01-20T18:32:23,274.92,PAYMENT_P2M,SUCCESS,NETBANKING,SCEN_LEGIT_BASELINE,LEGITIMATE,legitimate
TXN_00000996,ACC_000284,,MER_000013,DEV_000004,IP_000130,2026-01-20T19:11:35,89.33,PAYMENT_P2M,SUCCESS,UPI,SCEN_LEGIT_BASELINE,LEGITIMATE,legitimate
TXN_00000811,ACC_000351,,MER_000029,DEV_000082,IP_000106,2026-01-20T20:37:13,74.01,PAYMENT_P2M,SUCCESS,UPI,SCEN_LEGIT_BASELINE,LEGITIMATE,legitimate
TXN_00001088,ACC_000303,,MER_000049,DEV_000034,IP_000058,2026-01-20T20:40:29,2138.92,PAYMENT_P2M,SUCCESS,UPI,SCEN_LEGIT_BASELINE,LEGITIMATE,legitimate
TXN_00001823,ACC_000017,,MER_000024,DEV_000060,IP_000086,2026-01-20T21:04:24,348.44,PAYMENT_P2M,SUCCESS,UPI,SCEN_LEGIT_BASELINE,LEGITIMATE,legitimate
TXN_00001418,ACC_000414,,MER_000005,DEV_000063,IP_000074,2026-01-20T21:15:35,2682.49,PAYMENT_P2M,SUCCESS,NETBANKING,SCEN_LEGIT_BASELINE,LEGITIMATE,legitimate
TXN_00000464,ACC_000151,,MER_000001,DEV_000055,IP_000099,2026-01-20T21:25:24,1183.81,PAYMENT_P2M,SUCCESS,UPI,SCEN_LEGIT_BASELINE,LEGITIMATE,legitimate
TXN_00000537,ACC_000164,,MER_000015,DEV_000093,IP_000114,2026-01-20T21:42:04,236.14,PAYMENT_P2M,SUCCESS,UPI,SCEN_LEGIT_BASELINE,LEGITIMATE,legitimate
TXN_00000644,ACC_000375,BEN_000034,,DEV_000037,IP_000054,2026-01-20T22:55:13,758.92,TRANSFER_P2P,SUCCESS,CARD,SCEN_LEGIT_BASELINE,LEGITIMATE,legitimate
TXN_00000396,ACC_000251,BEN_000049,,DEV_000099,IP_000127,2026-01-20T23:35:06,315.33,TRANSFER_P2P,SUCCESS,UPI,SCEN_LEGIT_BASELINE,LEGITIMATE,legitimate
TXN_00001917,ACC_000400,,MER_000033,DEV_000057,IP_000108,2026-01-21T00:23:02,4084.74,PAYMENT_P2M,SUCCESS,UPI,SCEN_LEGIT_BASELINE,LEGITIMATE,legitimate
TXN_00001186,ACC_000407,,MER_000010,DEV_000100,IP_000043,2026-01-21T03:51:45,1129.94,PAYMENT_P2M,SUCCESS,NETBANKING,SCEN_LEGIT_BASELINE,LEGITIMATE,legitimate
TXN_00001321,ACC_000340,BEN_000058,,DEV_000077,IP_000129,2026-01-21T07:01:45,1086.46,TRANSFER_P2P,SUCCESS,CARD,SCEN_LEGIT_BASELINE,LEGITIMATE,legitimate
TXN_00000908,ACC_000282,,MER_000011,DEV_000001,IP_000013,2026-01-21T07:08:54,806.51,PAYMENT_P2M,SUCCESS,CARD,SCEN_LEGIT_BASELINE,LEGITIMATE,legitimate
TXN_00000918,ACC_000457,BEN_000067,,DEV_000032,IP_000034,2026-01-21T07:11:59,5158.49,TRANSFER_P2P,SUCCESS,UPI,SCEN_LEGIT_BASELINE,LEGITIMATE,legitimate
TXN_00000919,ACC_000395,BEN_000078,,DEV_000061,IP_000117,2026-01-21T07:15:39,593.49,TRANSFER_P2P,SUCCESS,NETBANKING,SCEN_LEGIT_BASELINE,LEGITIMATE,legitimate
TXN_00001178,ACC_000075,,MER_000026,DEV_000013,IP_000028,2026-01-21T08:45:42,1045.5,PAYMENT_P2M,SUCCESS,NETBANKING,SCEN_LEGIT_BASELINE,LEGITIMATE,legitimate
TXN_00001560,ACC_000146,,MER_000012,DEV_000095,IP_000006,2026-01-21T08:45:52,2733.15,PAYMENT_P2M,SUCCESS,UPI,SCEN_LEGIT_BASELINE,LEGITIMATE,legitimate
TXN_00000627,ACC_000116,BEN_000094,,DEV_000010,IP_000014,2026-01-21T08:49:28,899.82,TRANSFER_P2P,SUCCESS,NETBANKING,SCEN_LEGIT_BASELINE,LEGITIMATE,legitimate
TXN_00001937,ACC_000363,,MER_000043,DEV_000072,IP_000115,2026-01-21T08:59:19,898.29,PAYMENT_P2M,SUCCESS,NETBANKING,SCEN_LEGIT_BASELINE,LEGITIMATE,legitimate
TXN_00001649,ACC_000141,,MER_000002,DEV_000001,IP_000102,2026-01-21T09:00:28,209.98,PAYMENT_P2M,SUCCESS,CARD,SCEN_LEGIT_BASELINE,LEGITIMATE,legitimate
TXN_00001790,ACC_000236,,MER_000023,DEV_000007,IP_000095,2026-01-21T09:48:10,2167.5,PAYMENT_P2M,SUCCESS,UPI,SCEN_LEGIT_BASELINE,LEGITIMATE,legitimate
TXN_00001650,ACC_000199,,MER_000040,DEV_000030,IP_000093,2026-01-21T09:53:22,2433.39,PAYMENT_P2M,SUCCESS,CARD,SCEN_LEGIT_BASELINE,LEGITIMATE,legitimate
TXN_00000624,ACC_000158,,MER_000027,DEV_000082,IP_000102,2026-01-21T10:33:33,187.15,PAYMENT_P2M,SUCCESS,NETBANKING,SCEN_LEGIT_BASELINE,LEGITIMATE,legitimate
TXN_00000640,ACC_000310,,MER_000022,DEV_000023,IP_000041,2026-01-21T12:18:17,1810.1,PAYMENT_P2M,SUCCESS,CARD,SCEN_LEGIT_BASELINE,LEGITIMATE,legitimate
TXN_00001482,ACC_000006,,MER_000009,DEV_000071,IP_000078,2026-01-21T12:40:30,1257.55,PAYMENT_P2M,SUCCESS,CARD,SCEN_LEGIT_BASELINE,LEGITIMATE,legitimate
TXN_00000551,ACC_000100,BEN_000021,,DEV_000076,IP_000033,2026-01-21T12:41:13,845.46,TRANSFER_P2P,SUCCESS,CARD,SCEN_LEGIT_BASELINE,LEGITIMATE,legitimate
TXN_00001201,ACC_000415,,MER_000038,DEV_000067,IP_000024,2026-01-21T12:50:07,1886.53,PAYMENT_P2M,SUCCESS,CARD,SCEN_LEGIT_BASELINE,LEGITIMATE,legitimate
TXN_00001345,ACC_000308,,MER_000022,DEV_000081,IP_000004,2026-01-21T12:58:39,347.26,PAYMENT_P2M,SUCCESS,UPI,SCEN_LEGIT_BASELINE,LEGITIMATE,legitimate
TXN_00000948,ACC_000487,,MER_000013,DEV_000066,IP_000006,2026-01-21T14:23:54,1527.62,PAYMENT_P2M,SUCCESS,UPI,SCEN_LEGIT_BASELINE,LEGITIMATE,legitimate
TXN_00001496,ACC_000371,BEN_000012,,DEV_000079,IP_000046,2026-01-21T15:05:23,1446.12,TRANSFER_P2P,SUCCESS,UPI,SCEN_LEGIT_BASELINE,LEGITIMATE,legitimate
TXN_00000949,ACC_000255,,MER_000043,DEV_000067,IP_000040,2026-01-21T15:31:12,4408.99,PAYMENT_P2M,SUCCESS,NETBANKING,SCEN_LEGIT_BASELINE,LEGITIMATE,legitimate
TXN_00001370,ACC_000362,,MER_000024,DEV_000028,IP_000071,2026-01-21T15:34:56,397.89,PAYMENT_P2M,SUCCESS,UPI,SCEN_LEGIT_BASELINE,LEGITIMATE,legitimate
TXN_00000597,ACC_000148,BEN_000017,,DEV_000004,IP_000016,2026-01-21T15:39:54,594.58,TRANSFER_P2P,SUCCESS,NETBANKING,SCEN_LEGIT_BASELINE,LEGITIMATE,legitimate
TXN_00000625,ACC_000294,,MER_000014,DEV_000079,IP_000107,2026-01-21T16:57:59,448.94,PAYMENT_P2M,SUCCESS,NETBANKING,SCEN_LEGIT_BASELINE,LEGITIMATE,legitimate
TXN_00001112,ACC_000399,BEN_000069,,DEV_000068,IP_000130,2026-01-21T17:06:46,1899.4,TRANSFER_P2P,SUCCESS,UPI,SCEN_LEGIT_BASELINE,LEGITIMATE,legitimate
TXN_00000714,ACC_000459,,MER_000041,DEV_000006,IP_000021,2026-01-21T17:22:26,498.94,PAYMENT_P2M,SUCCESS,UPI,SCEN_LEGIT_BASELINE,LEGITIMATE,legitimate
TXN_00001308,ACC_000446,,MER_000043,DEV_000056,IP_000074,2026-01-21T18:06:46,1072.67,PAYMENT_P2M,SUCCESS,UPI,SCEN_LEGIT_BASELINE,LEGITIMATE,legitimate
TXN_00000916,ACC_000353,,MER_000023,DEV_000053,IP_000075,2026-01-21T19:24:44,1750.41,PAYMENT_P2M,SUCCESS,NETBANKING,SCEN_LEGIT_BASELINE,LEGITIMATE,legitimate
TXN_00000794,ACC_000463,,MER_000033,DEV_000054,IP_000013,2026-01-21T20:08:06,204.15,PAYMENT_P2M,SUCCESS,CARD,SCEN_LEGIT_BASELINE,LEGITIMATE,legitimate
TXN_00001828,ACC_000342,,MER_000021,DEV_000078,IP_000109,2026-01-21T22:02:28,1691.92,PAYMENT_P2M,SUCCESS,NETBANKING,SCEN_LEGIT_BASELINE,LEGITIMATE,legitimate
TXN_00001769,ACC_000112,,MER_000031,DEV_000055,IP_000081,2026-01-21T22:51:37,1273.43,PAYMENT_P2M,SUCCESS,UPI,SCEN_LEGIT_BASELINE,LEGITIMATE,legitimate
TXN_00001105,ACC_000419,BEN_000067,,DEV_000036,IP_000124,2026-01-21T23:49:30,4174.72,TRANSFER_P2P,SUCCESS,UPI,SCEN_LEGIT_BASELINE,LEGITIMATE,legitimate
TXN_00000793,ACC_000205,BEN_000006,,DEV_000030,IP_000010,2026-01-22T00:47:03,1824.58,TRANSFER_P2P,SUCCESS,CARD,SCEN_LEGIT_BASELINE,LEGITIMATE,legitimate
TXN_00001642,ACC_000284,,MER_000039,DEV_000004,IP_000068,2026-01-22T01:08:07,888.05,PAYMENT_P2M,SUCCESS,UPI,SCEN_LEGIT_BASELINE,LEGITIMATE,legitimate
TXN_00001365,ACC_000153,,MER_000043,DEV_000092,IP_000009,2026-01-22T01:14:21,154.44,PAYMENT_P2M,SUCCESS,NETBANKING,SCEN_LEGIT_BASELINE,LEGITIMATE,legitimate
TXN_00001000,ACC_000324,,MER_000039,DEV_000011,IP_000124,2026-01-22T01:18:10,1932.91,PAYMENT_P2M,SUCCESS,UPI,SCEN_LEGIT_BASELINE,LEGITIMATE,legitimate
TXN_00000612,ACC_000188,BEN_000011,,DEV_000032,IP_000037,2026-01-22T01:41:13,443.71,TRANSFER_P2P,SUCCESS,NETBANKING,SCEN_LEGIT_BASELINE,LEGITIMATE,legitimate
TXN_00000368,ACC_000070,,MER_000023,DEV_000095,IP_000068,2026-01-22T01:51:16,975.03,PAYMENT_P2M,SUCCESS,CARD,SCEN_LEGIT_BASELINE,LEGITIMATE,legitimate
TXN_00001888,ACC_000349,,MER_000032,DEV_000042,IP_000137,2026-01-22T03:11:04,2314.95,PAYMENT_P2M,SUCCESS,UPI,SCEN_LEGIT_BASELINE,LEGITIMATE,legitimate
TXN_00001255,ACC_000235,,MER_000005,DEV_000055,IP_000028,2026-01-22T04:11:02,165.14,PAYMENT_P2M,SUCCESS,UPI,SCEN_LEGIT_BASELINE,LEGITIMATE,legitimate
TXN_00000874,ACC_000395,BEN_000001,,DEV_000061,IP_000117,2026-01-22T04:52:07,364.67,TRANSFER_P2P,SUCCESS,UPI,SCEN_LEGIT_BASELINE,LEGITIMATE,legitimate
TXN_00001708,ACC_000070,,MER_000037,DEV_000095,IP_000068,2026-01-22T04:54:23,548.65,PAYMENT_P2M,SUCCESS,UPI,SCEN_LEGIT_BASELINE,LEGITIMATE,legitimate
TXN_00001563,ACC_000232,BEN_000059,,DEV_000034,IP_000003,2026-01-22T05:24:14,364.19,TRANSFER_P2P,SUCCESS,CARD,SCEN_LEGIT_BASELINE,LEGITIMATE,legitimate
TXN_00001143,ACC_000479,,MER_000046,DEV_000022,IP_000148,2026-01-22T05:34:53,2575.8,PAYMENT_P2M,SUCCESS,UPI,SCEN_LEGIT_BASELINE,LEGITIMATE,legitimate
TXN_00001168,ACC_000294,,MER_000022,DEV_000066,IP_000107,2026-01-22T05:47:18,1328.87,PAYMENT_P2M,SUCCESS,CARD,SCEN_LEGIT_BASELINE,LEGITIMATE,legitimate
TXN_00001910,ACC_000114,BEN_000046,,DEV_000079,IP_000103,2026-01-22T05:48:03,2815.57,TRANSFER_P2P,SUCCESS,CARD,SCEN_LEGIT_BASELINE,LEGITIMATE,legitimate
TXN_00000630,ACC_000138,BEN_000082,,DEV_000078,IP_000050,2026-01-22T06:07:57,1111.19,TRANSFER_P2P,SUCCESS,UPI,SCEN_LEGIT_BASELINE,LEGITIMATE,legitimate
TXN_00001336,ACC_000020,,MER_000039,DEV_000074,IP_000127,2026-01-22T06:56:08,345.04,PAYMENT_P2M,SUCCESS,CARD,SCEN_LEGIT_BASELINE,LEGITIMATE,legitimate
TXN_00001052,ACC_000466,,MER_000012,DEV_000055,IP_000100,2026-01-22T10:21:23,293.45,PAYMENT_P2M,SUCCESS,UPI,SCEN_LEGIT_BASELINE,LEGITIMATE,legitimate
TXN_00001863,ACC_000117,,MER_000031,DEV_000031,IP_000059,2026-01-22T11:09:30,606.9,PAYMENT_P2M,SUCCESS,UPI,SCEN_LEGIT_BASELINE,LEGITIMATE,legitimate
TXN_00001078,ACC_000340,BEN_000032,,DEV_000077,IP_000129,2026-01-22T12:01:18,3659.16,TRANSFER_P2P,SUCCESS,NETBANKING,SCEN_LEGIT_BASELINE,LEGITIMATE,legitimate
TXN_00001634,ACC_000003,,MER_000005,DEV_000025,IP_000122,2026-01-22T12:36:09,712.06,PAYMENT_P2M,SUCCESS,CARD,SCEN_LEGIT_BASELINE,LEGITIMATE,legitimate
TXN_00000309,ACC_000482,BEN_000100,,DEV_000030,IP_000102,2026-01-22T13:35:38,150.0,TRANSFER_P2P,SUCCESS,CARD,SCEN_LOOKALIKE_005,LEGITIMATE_LOOKALIKE,legitimate
TXN_00000565,ACC_000335,BEN_000074,,DEV_000053,IP_000082,2026-01-22T13:56:06,1262.69,TRANSFER_P2P,SUCCESS,CARD,SCEN_LEGIT_BASELINE,LEGITIMATE,legitimate
TXN_00001614,ACC_000085,BEN_000085,,DEV_000068,IP_000039,2026-01-22T14:10:08,897.19,TRANSFER_P2P,SUCCESS,NETBANKING,SCEN_LEGIT_BASELINE,LEGITIMATE,legitimate
TXN_00001231,ACC_000083,BEN_000005,,DEV_000052,IP_000062,2026-01-22T14:21:12,1145.27,TRANSFER_P2P,SUCCESS,CARD,SCEN_LEGIT_BASELINE,LEGITIMATE,legitimate
TXN_00001529,ACC_000284,,MER_000009,DEV_000036,IP_000068,2026-01-22T18:15:01,578.48,PAYMENT_P2M,SUCCESS,CARD,SCEN_LEGIT_BASELINE,LEGITIMATE,legitimate
TXN_00001203,ACC_000471,,MER_000019,DEV_000050,IP_000048,2026-01-22T18:25:11,5445.86,PAYMENT_P2M,SUCCESS,UPI,SCEN_LEGIT_BASELINE,LEGITIMATE,legitimate
TXN_00000695,ACC_000407,,MER_000045,DEV_000100,IP_000043,2026-01-22T18:25:32,169.63,PAYMENT_P2M,SUCCESS,NETBANKING,SCEN_LEGIT_BASELINE,LEGITIMATE,legitimate
TXN_00000511,ACC_000036,BEN_000076,,DEV_000077,IP_000102,2026-01-22T19:09:32,1511.07,TRANSFER_P2P,SUCCESS,CARD,SCEN_LEGIT_BASELINE,LEGITIMATE,legitimate
TXN_00001684,ACC_000223,,MER_000013,DEV_000097,IP_000138,2026-01-22T19:11:31,405.29,PAYMENT_P2M,SUCCESS,NETBANKING,SCEN_LEGIT_BASELINE,LEGITIMATE,legitimate
TXN_00000723,ACC_000429,,MER_000003,DEV_000022,IP_000091,2026-01-22T19:16:58,906.31,PAYMENT_P2M,SUCCESS,UPI,SCEN_LEGIT_BASELINE,LEGITIMATE,legitimate
TXN_00001562,ACC_000148,,MER_000039,DEV_000097,IP_000016,2026-01-22T20:37:34,1513.67,PAYMENT_P2M,SUCCESS,UPI,SCEN_LEGIT_BASELINE,LEGITIMATE,legitimate
TXN_00001611,ACC_000382,BEN_000095,,DEV_000074,IP_000088,2026-01-22T21:39:06,1272.62,TRANSFER_P2P,SUCCESS,UPI,SCEN_LEGIT_BASELINE,LEGITIMATE,legitimate
TXN_00001024,ACC_000413,,MER_000023,DEV_000040,IP_000055,2026-01-22T21:53:29,261.66,PAYMENT_P2M,SUCCESS,NETBANKING,SCEN_LEGIT_BASELINE,LEGITIMATE,legitimate
TXN_00001326,ACC_000446,BEN_000083,,DEV_000056,IP_000010,2026-01-22T23:09:06,158.16,TRANSFER_P2P,SUCCESS,CARD,SCEN_LEGIT_BASELINE,LEGITIMATE,legitimate
TXN_00001900,ACC_000434,BEN_000029,,DEV_000099,IP_000145,2026-01-22T23:56:44,806.05,TRANSFER_P2P,SUCCESS,NETBANKING,SCEN_LEGIT_BASELINE,LEGITIMATE,legitimate
TXN_00001999,ACC_000021,,MER_000012,DEV_000074,IP_000027,2026-01-23T00:39:26,4284.74,PAYMENT_P2M,SUCCESS,CARD,SCEN_LEGIT_BASELINE,LEGITIMATE,legitimate
TXN_00000259,ACC_000412,BEN_000059,,DEV_000011,IP_000038,2026-01-23T01:06:41,2400.0,TRANSFER_P2P,SUCCESS,CARD,SCEN_LOOKALIKE_002,LEGITIMATE_LOOKALIKE,legitimate
TXN_00000466,ACC_000129,,MER_000028,DEV_000041,IP_000079,2026-01-23T02:19:33,1158.76,PAYMENT_P2M,SUCCESS,CARD,SCEN_LEGIT_BASELINE,LEGITIMATE,legitimate
TXN_00001727,ACC_000131,BEN_000052,,DEV_000041,IP_000100,2026-01-23T03:45:06,2385.41,TRANSFER_P2P,SUCCESS,UPI,SCEN_LEGIT_BASELINE,LEGITIMATE,legitimate
TXN_00001141,ACC_000284,BEN_000038,,DEV_000004,IP_000068,2026-01-23T03:47:13,255.17,TRANSFER_P2P,SUCCESS,UPI,SCEN_LEGIT_BASELINE,LEGITIMATE,legitimate
TXN_00001972,ACC_000232,,MER_000018,DEV_000034,IP_000003,2026-01-23T05:45:33,1738.65,PAYMENT_P2M,SUCCESS,UPI,SCEN_LEGIT_BASELINE,LEGITIMATE,legitimate
TXN_00000405,ACC_000175,,MER_000037,DEV_000099,IP_000103,2026-01-23T06:15:54,116.16,PAYMENT_P2M,SUCCESS,UPI,SCEN_LEGIT_BASELINE,LEGITIMATE,legitimate
TXN_00000325,ACC_000130,,MER_000046,DEV_000040,IP_000117,2026-01-23T07:49:17,1751.94,PAYMENT_P2M,SUCCESS,UPI,SCEN_LEGIT_BASELINE,LEGITIMATE,legitimate
TXN_00000786,ACC_000312,,MER_000012,DEV_000015,IP_000149,2026-01-23T08:21:33,2157.69,PAYMENT_P2M,SUCCESS,CARD,SCEN_LEGIT_BASELINE,LEGITIMATE,legitimate
TXN_00000503,ACC_000107,,MER_000029,DEV_000069,IP_000009,2026-01-23T09:45:34,490.99,PAYMENT_P2M,SUCCESS,NETBANKING,SCEN_LEGIT_BASELINE,LEGITIMATE,legitimate
TXN_00001349,ACC_000156,,MER_000040,DEV_000037,IP_000122,2026-01-23T10:20:02,738.35,PAYMENT_P2M,SUCCESS,CARD,SCEN_LEGIT_BASELINE,LEGITIMATE,legitimate
TXN_00001508,ACC_000427,,MER_000040,DEV_000015,IP_000122,2026-01-23T10:36:39,4396.63,PAYMENT_P2M,SUCCESS,CARD,SCEN_LEGIT_BASELINE,LEGITIMATE,legitimate
TXN_00001676,ACC_000105,BEN_000044,,DEV_000077,IP_000138,2026-01-23T11:11:55,487.95,TRANSFER_P2P,SUCCESS,UPI,SCEN_LEGIT_BASELINE,LEGITIMATE,legitimate
TXN_00000346,ACC_000017,,MER_000007,DEV_000060,IP_000116,2026-01-23T11:52:35,344.3,PAYMENT_P2M,SUCCESS,UPI,SCEN_LEGIT_BASELINE,LEGITIMATE,legitimate
TXN_00000925,ACC_000051,,MER_000002,DEV_000092,IP_000140,2026-01-23T11:56:48,2059.96,PAYMENT_P2M,SUCCESS,NETBANKING,SCEN_LEGIT_BASELINE,LEGITIMATE,legitimate
TXN_00000890,ACC_000340,,MER_000006,DEV_000077,IP_000129,2026-01-23T12:28:55,806.51,PAYMENT_P2M,SUCCESS,UPI,SCEN_LEGIT_BASELINE,LEGITIMATE,legitimate
TXN_00000557,ACC_000167,,MER_000037,DEV_000067,IP_000099,2026-01-23T12:32:16,427.7,PAYMENT_P2M,SUCCESS,CARD,SCEN_LEGIT_BASELINE,LEGITIMATE,legitimate
TXN_00001981,ACC_000077,BEN_000065,,DEV_000027,IP_000049,2026-01-23T13:21:39,1773.57,TRANSFER_P2P,SUCCESS,CARD,SCEN_LEGIT_BASELINE,LEGITIMATE,legitimate
TXN_00001135,ACC_000439,,MER_000012,DEV_000059,IP_000124,2026-01-23T13:25:42,262.86,PAYMENT_P2M,SUCCESS,CARD,SCEN_LEGIT_BASELINE,LEGITIMATE,legitimate
TXN_00001132,ACC_000016,BEN_000047,,DEV_000048,IP_000128,2026-01-23T14:59:11,1118.43,TRANSFER_P2P,SUCCESS,CARD,SCEN_LEGIT_BASELINE,LEGITIMATE,legitimate
TXN_00001951,ACC_000291,,MER_000027,DEV_000058,IP_000044,2026-01-23T15:49:57,124.42,PAYMENT_P2M,SUCCESS,CARD,SCEN_LEGIT_BASELINE,LEGITIMATE,legitimate
TXN_00001273,ACC_000480,BEN_000093,,DEV_000056,IP_000098,2026-01-23T18:02:07,1540.13,TRANSFER_P2P,SUCCESS,UPI,SCEN_LEGIT_BASELINE,LEGITIMATE,legitimate
TXN_00001627,ACC_000483,BEN_000003,,DEV_000031,IP_000138,2026-01-23T19:02:20,1362.71,TRANSFER_P2P,SUCCESS,CARD,SCEN_LEGIT_BASELINE,LEGITIMATE,legitimate
TXN_00000280,ACC_000149,,MER_000008,DEV_000056,IP_000119,2026-01-23T20:45:10,3500.0,PAYMENT_P2M,SUCCESS,NETBANKING,SCEN_LOOKALIKE_003,LEGITIMATE_LOOKALIKE,legitimate
TXN_00000581,ACC_000479,,MER_000008,DEV_000078,IP_000148,2026-01-23T21:23:20,378.55,PAYMENT_P2M,SUCCESS,NETBANKING,SCEN_LEGIT_BASELINE,LEGITIMATE,legitimate
TXN_00000377,ACC_000403,,MER_000006,DEV_000060,IP_000029,2026-01-23T21:34:45,1025.67,PAYMENT_P2M,SUCCESS,UPI,SCEN_LEGIT_BASELINE,LEGITIMATE,legitimate
TXN_00001149,ACC_000386,,MER_000018,DEV_000082,IP_000004,2026-01-23T21:39:02,1742.4,PAYMENT_P2M,SUCCESS,UPI,SCEN_LEGIT_BASELINE,LEGITIMATE,legitimate
TXN_00000376,ACC_000052,,MER_000010,DEV_000025,IP_000081,2026-01-23T22:37:05,2943.03,PAYMENT_P2M,SUCCESS,UPI,SCEN_LEGIT_BASELINE,LEGITIMATE,legitimate
TXN_00001413,ACC_000195,,MER_000035,DEV_000092,IP_000012,2026-01-23T22:53:29,78.86,PAYMENT_P2M,SUCCESS,UPI,SCEN_LEGIT_BASELINE,LEGITIMATE,legitimate
TXN_00000572,ACC_000488,,MER_000025,DEV_000059,IP_000059,2026-01-23T23:23:57,1010.51,PAYMENT_P2M,SUCCESS,NETBANKING,SCEN_LEGIT_BASELINE,LEGITIMATE,legitimate
TXN_00000965,ACC_000467,,MER_000039,DEV_000075,IP_000099,2026-01-23T23:37:31,2649.96,PAYMENT_P2M,SUCCESS,NETBANKING,SCEN_LEGIT_BASELINE,LEGITIMATE,legitimate
TXN_00001339,ACC_000239,,MER_000023,DEV_000070,IP_000144,2026-01-24T02:10:37,112.9,PAYMENT_P2M,SUCCESS,CARD,SCEN_LEGIT_BASELINE,LEGITIMATE,legitimate
TXN_00001412,ACC_000029,,MER_000042,DEV_000011,IP_000014,2026-01-24T04:38:37,4483.31,PAYMENT_P2M,SUCCESS,CARD,SCEN_LEGIT_BASELINE,LEGITIMATE,legitimate
TXN_00001191,ACC_000343,,MER_000031,DEV_000008,IP_000118,2026-01-24T05:04:45,634.43,PAYMENT_P2M,SUCCESS,NETBANKING,SCEN_LEGIT_BASELINE,LEGITIMATE,legitimate
TXN_00001484,ACC_000448,,MER_000048,DEV_000002,IP_000099,2026-01-24T06:05:35,1119.94,PAYMENT_P2M,SUCCESS,UPI,SCEN_LEGIT_BASELINE,LEGITIMATE,legitimate
TXN_00000665,ACC_000328,,MER_000045,DEV_000038,IP_000149,2026-01-24T07:25:14,665.45,PAYMENT_P2M,SUCCESS,NETBANKING,SCEN_LEGIT_BASELINE,LEGITIMATE,legitimate
TXN_00001904,ACC_000494,BEN_000017,,DEV_000056,IP_000130,2026-01-24T08:27:12,142.85,TRANSFER_P2P,SUCCESS,CARD,SCEN_LEGIT_BASELINE,LEGITIMATE,legitimate
TXN_00001936,ACC_000182,,MER_000009,DEV_000020,IP_000116,2026-01-24T09:53:09,240.44,PAYMENT_P2M,SUCCESS,CARD,SCEN_LEGIT_BASELINE,LEGITIMATE,legitimate
TXN_00001743,ACC_000332,,MER_000034,DEV_000075,IP_000009,2026-01-24T10:21:56,2778.08,PAYMENT_P2M,SUCCESS,UPI,SCEN_LEGIT_BASELINE,LEGITIMATE,legitimate
TXN_00000658,ACC_000402,,MER_000024,DEV_000074,IP_000049,2026-01-24T10:43:33,1589.35,PAYMENT_P2M,SUCCESS,NETBANKING,SCEN_LEGIT_BASELINE,LEGITIMATE,legitimate
TXN_00000515,ACC_000496,,MER_000006,DEV_000003,IP_000061,2026-01-24T10:50:07,710.97,PAYMENT_P2M,SUCCESS,UPI,SCEN_LEGIT_BASELINE,LEGITIMATE,legitimate
TXN_00000921,ACC_000488,BEN_000009,,DEV_000059,IP_000141,2026-01-24T11:06:14,222.16,TRANSFER_P2P,SUCCESS,CARD,SCEN_LEGIT_BASELINE,LEGITIMATE,legitimate
TXN_00001104,ACC_000407,,MER_000043,DEV_000100,IP_000103,2026-01-24T11:59:12,847.62,PAYMENT_P2M,SUCCESS,CARD,SCEN_LEGIT_BASELINE,LEGITIMATE,legitimate
TXN_00001199,ACC_000258,,MER_000036,DEV_000090,IP_000144,2026-01-24T13:44:35,1515.76,PAYMENT_P2M,SUCCESS,UPI,SCEN_LEGIT_BASELINE,LEGITIMATE,legitimate
TXN_00001063,ACC_000006,,MER_000050,DEV_000071,IP_000065,2026-01-24T13:56:49,617.23,PAYMENT_P2M,SUCCESS,UPI,SCEN_LEGIT_BASELINE,LEGITIMATE,legitimate
TXN_00001534,ACC_000161,,MER_000019,DEV_000033,IP_000126,2026-01-24T15:15:56,1016.53,PAYMENT_P2M,SUCCESS,CARD,SCEN_LEGIT_BASELINE,LEGITIMATE,legitimate
TXN_00001114,ACC_000155,,MER_000020,DEV_000084,IP_000072,2026-01-24T15:54:39,1074.99,PAYMENT_P2M,SUCCESS,NETBANKING,SCEN_LEGIT_BASELINE,LEGITIMATE,legitimate
TXN_00000661,ACC_000417,,MER_000023,DEV_000022,IP_000079,2026-01-24T16:31:58,66.01,PAYMENT_P2M,SUCCESS,UPI,SCEN_LEGIT_BASELINE,LEGITIMATE,legitimate
TXN_00001041,ACC_000036,BEN_000033,,DEV_000077,IP_000102,2026-01-24T17:03:41,636.67,TRANSFER_P2P,SUCCESS,NETBANKING,SCEN_LEGIT_BASELINE,LEGITIMATE,legitimate
TXN_00000631,ACC_000052,,MER_000015,DEV_000019,IP_000081,2026-01-24T17:26:47,77.96,PAYMENT_P2M,SUCCESS,NETBANKING,SCEN_LEGIT_BASELINE,LEGITIMATE,legitimate
TXN_00000524,ACC_000247,,MER_000010,DEV_000100,IP_000099,2026-01-24T17:30:56,412.67,PAYMENT_P2M,SUCCESS,UPI,SCEN_LEGIT_BASELINE,LEGITIMATE,legitimate
TXN_00001916,ACC_000181,,MER_000027,DEV_000087,IP_000065,2026-01-24T17:35:32,1513.09,PAYMENT_P2M,SUCCESS,NETBANKING,SCEN_LEGIT_BASELINE,LEGITIMATE,legitimate
TXN_00000568,ACC_000175,,MER_000032,DEV_000099,IP_000103,2026-01-24T17:58:13,1192.13,PAYMENT_P2M,SUCCESS,NETBANKING,SCEN_LEGIT_BASELINE,LEGITIMATE,legitimate
TXN_00000676,ACC_000066,,MER_000006,DEV_000028,IP_000111,2026-01-24T21:46:20,537.23,PAYMENT_P2M,SUCCESS,UPI,SCEN_LEGIT_BASELINE,LEGITIMATE,legitimate
TXN_00000951,ACC_000152,,MER_000013,DEV_000074,IP_000117,2026-01-24T22:42:16,2631.09,PAYMENT_P2M,SUCCESS,NETBANKING,SCEN_LEGIT_BASELINE,LEGITIMATE,legitimate
TXN_00001069,ACC_000069,,MER_000045,DEV_000094,IP_000136,2026-01-25T00:18:18,906.4,PAYMENT_P2M,SUCCESS,NETBANKING,SCEN_LEGIT_BASELINE,LEGITIMATE,legitimate
TXN_00001596,ACC_000459,BEN_000070,,DEV_000064,IP_000021,2026-01-25T00:33:33,2493.72,TRANSFER_P2P,SUCCESS,CARD,SCEN_LEGIT_BASELINE,LEGITIMATE,legitimate
TXN_00000841,ACC_000088,,MER_000043,DEV_000057,IP_000054,2026-01-25T00:36:20,3233.95,PAYMENT_P2M,SUCCESS,CARD,SCEN_LEGIT_BASELINE,LEGITIMATE,legitimate
TXN_00001400,ACC_000233,,MER_000025,DEV_000057,IP_000067,2026-01-25T00:49:45,1018.45,PAYMENT_P2M,SUCCESS,CARD,SCEN_LEGIT_BASELINE,LEGITIMATE,legitimate
TXN_00001463,ACC_000193,,MER_000050,DEV_000072,IP_000003,2026-01-25T02:43:13,354.73,PAYMENT_P2M,SUCCESS,CARD,SCEN_LEGIT_BASELINE,LEGITIMATE,legitimate
TXN_00001230,ACC_000247,,MER_000019,DEV_000100,IP_000071,2026-01-25T03:55:08,179.12,PAYMENT_P2M,SUCCESS,UPI,SCEN_LEGIT_BASELINE,LEGITIMATE,legitimate
TXN_00001812,ACC_000436,,MER_000041,DEV_000085,IP_000016,2026-01-25T04:10:39,166.72,PAYMENT_P2M,SUCCESS,NETBANKING,SCEN_LEGIT_BASELINE,LEGITIMATE,legitimate
TXN_00000001,ACC_000002,BEN_000050,,DEV_000034,IP_000087,2026-01-25T04:25:22,14500.0,TRANSFER_P2P,SUCCESS,UPI,SCEN_SHARED_DEVICE_001,SHARED_DEVICE_RING,ring
TXN_00000002,ACC_000002,BEN_000050,,DEV_000034,IP_000087,2026-01-25T04:29:22,9900.0,TRANSFER_P2P,SUCCESS,UPI,SCEN_SHARED_DEVICE_001,SHARED_DEVICE_RING,ring
TXN_00000003,ACC_000002,BEN_000050,,DEV_000034,IP_000087,2026-01-25T04:33:22,14500.0,TRANSFER_P2P,SUCCESS,UPI,SCEN_SHARED_DEVICE_001,SHARED_DEVICE_RING,ring
TXN_00000004,ACC_000002,BEN_000050,,DEV_000034,IP_000087,2026-01-25T04:37:22,9800.0,TRANSFER_P2P,SUCCESS,UPI,SCEN_SHARED_DEVICE_001,SHARED_DEVICE_RING,ring
TXN_00000267,ACC_000307,BEN_000059,,DEV_000005,IP_000044,2026-01-25T04:39:20,450.0,TRANSFER_P2P,SUCCESS,NETBANKING,SCEN_LOOKALIKE_002,LEGITIMATE_LOOKALIKE,legitimate
TXN_00000005,ACC_000023,BEN_000050,,DEV_000034,IP_000087,2026-01-25T04:40:22,9800.0,TRANSFER_P2P,SUCCESS,UPI,SCEN_SHARED_DEVICE_001,SHARED_DEVICE_RING,ring
TXN_00000006,ACC_000023,BEN_000050,,DEV_000034,IP_000087,2026-01-25T04:44:22,19800.0,TRANSFER_P2P,SUCCESS,UPI,SCEN_SHARED_DEVICE_001,SHARED_DEVICE_RING,ring
TXN_00000007,ACC_000023,BEN_000050,,DEV_000034,IP_000087,2026-01-25T04:48:22,9800.0,TRANSFER_P2P,SUCCESS,UPI,SCEN_SHARED_DEVICE_001,SHARED_DEVICE_RING,ring
TXN_00000008,ACC_000023,BEN_000050,,DEV_000034,IP_000087,2026-01-25T04:52:22,9900.0,TRANSFER_P2P,SUCCESS,UPI,SCEN_SHARED_DEVICE_001,SHARED_DEVICE_RING,ring
TXN_00000009,ACC_000113,BEN_000050,,DEV_000034,IP_000087,2026-01-25T04:55:22,19800.0,TRANSFER_P2P,SUCCESS,UPI,SCEN_SHARED_DEVICE_001,SHARED_DEVICE_RING,ring
TXN_00000010,ACC_000113,BEN_000050,,DEV_000034,IP_000087,2026-01-25T04:59:22,19800.0,TRANSFER_P2P,SUCCESS,UPI,SCEN_SHARED_DEVICE_001,SHARED_DEVICE_RING,ring
TXN_00000011,ACC_000113,BEN_000050,,DEV_000034,IP_000087,2026-01-25T05:03:22,9500.0,TRANSFER_P2P,SUCCESS,UPI,SCEN_SHARED_DEVICE_001,SHARED_DEVICE_RING,ring
TXN_00000012,ACC_000113,BEN_000050,,DEV_000034,IP_000087,2026-01-25T05:07:22,19800.0,TRANSFER_P2P,SUCCESS,UPI,SCEN_SHARED_DEVICE_001,SHARED_DEVICE_RING,ring
TXN_00000014,ACC_000183,BEN_000050,,DEV_000034,IP_000087,2026-01-25T05:10:22,19800.0,TRANSFER_P2P,SUCCESS,UPI,SCEN_SHARED_DEVICE_001,SHARED_DEVICE_RING,ring
TXN_00000013,ACC_000113,BEN_000050,,DEV_000034,IP_000087,2026-01-25T05:11:22,9900.0,TRANSFER_P2P,SUCCESS,UPI,SCEN_SHARED_DEVICE_001,SHARED_DEVICE_RING,ring
TXN_00000015,ACC_000183,BEN_000050,,DEV_000034,IP_000087,2026-01-25T05:14:22,19800.0,TRANSFER_P2P,SUCCESS,UPI,SCEN_SHARED_DEVICE_001,SHARED_DEVICE_RING,ring
TXN_00000016,ACC_000183,BEN_000050,,DEV_000034,IP_000087,2026-01-25T05:18:22,19800.0,TRANSFER_P2P,SUCCESS,UPI,SCEN_SHARED_DEVICE_001,SHARED_DEVICE_RING,ring
TXN_00001883,ACC_000378,,MER_000042,DEV_000092,IP_000028,2026-01-25T05:21:32,996.25,PAYMENT_P2M,SUCCESS,NETBANKING,SCEN_LEGIT_BASELINE,LEGITIMATE,legitimate
TXN_00000017,ACC_000183,BEN_000050,,DEV_000034,IP_000087,2026-01-25T05:22:22,19800.0,TRANSFER_P2P,SUCCESS,UPI,SCEN_SHARED_DEVICE_001,SHARED_DEVICE_RING,ring
TXN_00000913,ACC_000163,,MER_000001,DEV_000070,IP_000110,2026-01-25T06:11:33,657.68,PAYMENT_P2M,SUCCESS,UPI,SCEN_LEGIT_BASELINE,LEGITIMATE,legitimate
TXN_00001151,ACC_000290,BEN_000063,,DEV_000088,IP_000059,2026-01-25T06:19:25,2879.72,TRANSFER_P2P,SUCCESS,CARD,SCEN_LEGIT_BASELINE,LEGITIMATE,legitimate
TXN_00000704,ACC_000372,BEN_000096,,DEV_000092,IP_000090,2026-01-25T06:27:48,4093.11,TRANSFER_P2P,SUCCESS,UPI,SCEN_LEGIT_BASELINE,LEGITIMATE,legitimate
TXN_00001378,ACC_000163,BEN_000061,,DEV_000070,IP_000110,2026-01-25T07:09:54,178.46,TRANSFER_P2P,SUCCESS,NETBANKING,SCEN_LEGIT_BASELINE,LEGITIMATE,legitimate
TXN_00001457,ACC_000076,,MER_000033,DEV_000077,IP_000064,2026-01-25T07:56:16,891.12,PAYMENT_P2M,SUCCESS,UPI,SCEN_LEGIT_BASELINE,LEGITIMATE,legitimate
TXN_00000253,ACC_000472,,MER_000029,DEV_000066,IP_000032,2026-01-25T08:35:46,450.0,PAYMENT_P2M,SUCCESS,CARD,SCEN_LOOKALIKE_001,LEGITIMATE_LOOKALIKE,legitimate
TXN_00000315,ACC_000352,BEN_000100,,DEV_000081,IP_000089,2026-01-25T10:51:22,2400.0,TRANSFER_P2P,SUCCESS,CARD,SCEN_LOOKALIKE_005,LEGITIMATE_LOOKALIKE,legitimate
TXN_00000250,ACC_000473,,MER_000021,DEV_000081,IP_000032,2026-01-25T11:27:19,450.0,PAYMENT_P2M,SUCCESS,CARD,SCEN_LOOKALIKE_001,LEGITIMATE_LOOKALIKE,legitimate
TXN_00000708,ACC_000399,BEN_000035,,DEV_000068,IP_000130,2026-01-25T13:40:56,1128.18,TRANSFER_P2P,SUCCESS,NETBANKING,SCEN_LEGIT_BASELINE,LEGITIMATE,legitimate
TXN_00000769,ACC_000184,,MER_000018,DEV_000012,IP_000061,2026-01-25T13:54:11,3075.89,PAYMENT_P2M,SUCCESS,NETBANKING,SCEN_LEGIT_BASELINE,LEGITIMATE,legitimate
TXN_00001180,ACC_000163,,MER_000001,DEV_000070,IP_000110,2026-01-25T14:16:54,1150.63,PAYMENT_P2M,SUCCESS,UPI,SCEN_LEGIT_BASELINE,LEGITIMATE,legitimate
TXN_00001270,ACC_000178,,MER_000014,DEV_000060,IP_000020,2026-01-25T14:26:29,1249.2,PAYMENT_P2M,SUCCESS,CARD,SCEN_LEGIT_BASELINE,LEGITIMATE,legitimate
TXN_00001551,ACC_000211,,MER_000022,DEV_000016,IP_000087,2026-01-25T15:29:10,3416.58,PAYMENT_P2M,SUCCESS,UPI,SCEN_LEGIT_BASELINE,LEGITIMATE,legitimate
TXN_00000901,ACC_000220,BEN_000075,,DEV_000036,IP_000052,2026-01-25T17:15:14,484.77,TRANSFER_P2P,SUCCESS,CARD,SCEN_LEGIT_BASELINE,LEGITIMATE,legitimate
TXN_00001697,ACC_000293,,MER_000010,DEV_000025,IP_000005,2026-01-25T17:22:55,2052.73,PAYMENT_P2M,SUCCESS,UPI,SCEN_LEGIT_BASELINE,LEGITIMATE,legitimate
TXN_00000907,ACC_000360,,MER_000028,DEV_000020,IP_000114,2026-01-25T19:25:36,770.48,PAYMENT_P2M,SUCCESS,UPI,SCEN_LEGIT_BASELINE,LEGITIMATE,legitimate
TXN_00001284,ACC_000208,BEN_000057,,DEV_000089,IP_000042,2026-01-25T19:34:48,2618.82,TRANSFER_P2P,SUCCESS,CARD,SCEN_LEGIT_BASELINE,LEGITIMATE,legitimate
TXN_00000306,ACC_000482,BEN_000100,,DEV_000030,IP_000102,2026-01-25T20:11:15,2400.0,TRANSFER_P2P,SUCCESS,NETBANKING,SCEN_LOOKALIKE_005,LEGITIMATE_LOOKALIKE,legitimate
TXN_00000891,ACC_000188,,MER_000011,DEV_000081,IP_000037,2026-01-25T21:59:16,2106.19,PAYMENT_P2M,SUCCESS,CARD,SCEN_LEGIT_BASELINE,LEGITIMATE,legitimate
TXN_00001144,ACC_000136,,MER_000040,DEV_000055,IP_000063,2026-01-25T23:05:38,133.37,PAYMENT_P2M,SUCCESS,UPI,SCEN_LEGIT_BASELINE,LEGITIMATE,legitimate
TXN_00001602,ACC_000020,,MER_000017,DEV_000097,IP_000127,2026-01-25T23:17:22,1092.85,PAYMENT_P2M,SUCCESS,UPI,SCEN_LEGIT_BASELINE,LEGITIMATE,legitimate
TXN_00001606,ACC_000408,,MER_000028,DEV_000084,IP_000086,2026-01-25T23:54:34,318.14,PAYMENT_P2M,SUCCESS,NETBANKING,SCEN_LEGIT_BASELINE,LEGITIMATE,legitimate
TXN_00001804,ACC_000180,,MER_000016,DEV_000035,IP_000050,2026-01-26T00:15:29,1039.64,PAYMENT_P2M,SUCCESS,UPI,SCEN_LEGIT_BASELINE,LEGITIMATE,legitimate
TXN_00001877,ACC_000198,,MER_000007,DEV_000065,IP_000116,2026-01-26T02:23:07,568.05,PAYMENT_P2M,SUCCESS,CARD,SCEN_LEGIT_BASELINE,LEGITIMATE,legitimate
TXN_00001479,ACC_000170,,MER_000029,DEV_000055,IP_000116,2026-01-26T02:40:19,333.11,PAYMENT_P2M,SUCCESS,NETBANKING,SCEN_LEGIT_BASELINE,LEGITIMATE,legitimate
TXN_00000792,ACC_000048,,MER_000034,DEV_000015,IP_000035,2026-01-26T05:02:11,2973.63,PAYMENT_P2M,SUCCESS,UPI,SCEN_LEGIT_BASELINE,LEGITIMATE,legitimate
TXN_00001621,ACC_000024,,MER_000029,DEV_000032,IP_000112,2026-01-26T05:22:30,2217.8,PAYMENT_P2M,SUCCESS,NETBANKING,SCEN_LEGIT_BASELINE,LEGITIMATE,legitimate
TXN_00001486,ACC_000079,,MER_000003,DEV_000005,IP_000039,2026-01-26T05:24:28,2523.1,PAYMENT_P2M,SUCCESS,UPI,SCEN_LEGIT_BASELINE,LEGITIMATE,legitimate
TXN_00000602,ACC_000442,,MER_000005,DEV_000068,IP_000089,2026-01-26T05:54:31,240.73,PAYMENT_P2M,SUCCESS,UPI,SCEN_LEGIT_BASELINE,LEGITIMATE,legitimate
TXN_00001831,ACC_000087,,MER_000043,DEV_000091,IP_000118,2026-01-26T06:25:54,275.33,PAYMENT_P2M,SUCCESS,UPI,SCEN_LEGIT_BASELINE,LEGITIMATE,legitimate
TXN_00001545,ACC_000477,,MER_000028,DEV_000018,IP_000089,2026-01-26T06:48:10,2227.17,PAYMENT_P2M,SUCCESS,UPI,SCEN_LEGIT_BASELINE,LEGITIMATE,legitimate
TXN_00000451,ACC_000319,BEN_000076,,DEV_000057,IP_000102,2026-01-26T07:11:37,1455.84,TRANSFER_P2P,SUCCESS,CARD,SCEN_LEGIT_BASELINE,LEGITIMATE,legitimate
TXN_00000958,ACC_000103,,MER_000011,DEV_000088,IP_000133,2026-01-26T08:00:46,161.99,PAYMENT_P2M,SUCCESS,NETBANKING,SCEN_LEGIT_BASELINE,LEGITIMATE,legitimate
TXN_00001817,ACC_000013,,MER_000028,DEV_000002,IP_000128,2026-01-26T11:13:13,2502.63,PAYMENT_P2M,SUCCESS,NETBANKING,SCEN_LEGIT_BASELINE,LEGITIMATE,legitimate
TXN_00001664,ACC_000445,BEN_000031,,DEV_000079,IP_000114,2026-01-26T11:20:27,1370.25,TRANSFER_P2P,SUCCESS,UPI,SCEN_LEGIT_BASELINE,LEGITIMATE,legitimate
TXN_00000799,ACC_000156,,MER_000023,DEV_000037,IP_000050,2026-01-26T11:37:38,6442.35,PAYMENT_P2M,SUCCESS,UPI,SCEN_LEGIT_BASELINE,LEGITIMATE,legitimate
TXN_00000580,ACC_000342,BEN_000098,,DEV_000078,IP_000109,2026-01-26T14:17:59,323.46,TRANSFER_P2P,SUCCESS,UPI,SCEN_LEGIT_BASELINE,LEGITIMATE,legitimate
TXN_00001100,ACC_000377,,MER_000015,DEV_000094,IP_000061,2026-01-26T14:23:46,194.64,PAYMENT_P2M,SUCCESS,CARD,SCEN_LEGIT_BASELINE,LEGITIMATE,legitimate
TXN_00001932,ACC_000067,,MER_000020,DEV_000066,IP_000117,2026-01-26T14:30:01,68.6,PAYMENT_P2M,SUCCESS,CARD,SCEN_LEGIT_BASELINE,LEGITIMATE,legitimate
TXN_00000516,ACC_000490,,MER_000038,DEV_000044,IP_000025,2026-01-26T15:09:14,96.2,PAYMENT_P2M,SUCCESS,UPI,SCEN_LEGIT_BASELINE,LEGITIMATE,legitimate
TXN_00000395,ACC_000477,,MER_000041,DEV_000018,IP_000089,2026-01-26T15:19:55,197.17,PAYMENT_P2M,SUCCESS,CARD,SCEN_LEGIT_BASELINE,LEGITIMATE,legitimate
TXN_00001101,ACC_000427,,MER_000035,DEV_000015,IP_000122,2026-01-26T16:29:50,899.28,PAYMENT_P2M,SUCCESS,NETBANKING,SCEN_LEGIT_BASELINE,LEGITIMATE,legitimate
TXN_00001777,ACC_000228,,MER_000025,DEV_000053,IP_000142,2026-01-26T17:58:44,430.36,PAYMENT_P2M,SUCCESS,UPI,SCEN_LEGIT_BASELINE,LEGITIMATE,legitimate
TXN_00001268,ACC_000001,,MER_000039,DEV_000014,IP_000134,2026-01-26T18:11:07,6624.39,PAYMENT_P2M,SUCCESS,CARD,SCEN_LEGIT_BASELINE,LEGITIMATE,legitimate
TXN_00000955,ACC_000173,,MER_000042,DEV_000033,IP_000148,2026-01-26T19:42:07,770.33,PAYMENT_P2M,SUCCESS,NETBANKING,SCEN_LEGIT_BASELINE,LEGITIMATE,legitimate
TXN_00001385,ACC_000497,,MER_000018,DEV_000034,IP_000074,2026-01-26T20:09:43,827.23,PAYMENT_P2M,SUCCESS,UPI,SCEN_LEGIT_BASELINE,LEGITIMATE,legitimate
TXN_00000589,ACC_000469,,MER_000015,DEV_000001,IP_000095,2026-01-26T21:02:07,679.52,PAYMENT_P2M,SUCCESS,UPI,SCEN_LEGIT_BASELINE,LEGITIMATE,legitimate
TXN_00001415,ACC_000001,,MER_000023,DEV_000088,IP_000134,2026-01-26T21:29:38,2888.26,PAYMENT_P2M,SUCCESS,UPI,SCEN_LEGIT_BASELINE,LEGITIMATE,legitimate
TXN_00001722,ACC_000204,,MER_000045,DEV_000046,IP_000107,2026-01-26T22:18:08,293.29,PAYMENT_P2M,SUCCESS,UPI,SCEN_LEGIT_BASELINE,LEGITIMATE,legitimate
TXN_00000426,ACC_000094,,MER_000014,DEV_000043,IP_000133,2026-01-27T00:51:06,2225.18,PAYMENT_P2M,SUCCESS,NETBANKING,SCEN_LEGIT_BASELINE,LEGITIMATE,legitimate
TXN_00000566,ACC_000283,BEN_000029,,DEV_000030,IP_000085,2026-01-27T02:13:43,4521.04,TRANSFER_P2P,SUCCESS,NETBANKING,SCEN_LEGIT_BASELINE,LEGITIMATE,legitimate
TXN_00001796,ACC_000355,BEN_000035,,DEV_000094,IP_000061,2026-01-27T03:00:34,357.29,TRANSFER_P2P,SUCCESS,UPI,SCEN_LEGIT_BASELINE,LEGITIMATE,legitimate
TXN_00001934,ACC_000251,BEN_000093,,DEV_000099,IP_000127,2026-01-27T06:46:39,3133.01,TRANSFER_P2P,SUCCESS,NETBANKING,SCEN_LEGIT_BASELINE,LEGITIMATE,legitimate
TXN_00000789,ACC_000192,,MER_000019,DEV_000099,IP_000060,2026-01-27T06:47:52,3360.2,PAYMENT_P2M,SUCCESS,UPI,SCEN_LEGIT_BASELINE,LEGITIMATE,legitimate
TXN_00001780,ACC_000398,,MER_000030,DEV_000048,IP_000064,2026-01-27T07:28:22,610.65,PAYMENT_P2M,SUCCESS,UPI,SCEN_LEGIT_BASELINE,LEGITIMATE,legitimate
TXN_00000257,ACC_000055,BEN_000059,,DEV_000005,IP_000011,2026-01-27T08:14:20,1250.0,TRANSFER_P2P,SUCCESS,NETBANKING,SCEN_LOOKALIKE_002,LEGITIMATE_LOOKALIKE,legitimate
TXN_00000701,ACC_000217,,MER_000001,DEV_000098,IP_000087,2026-01-27T09:14:10,1172.55,PAYMENT_P2M,SUCCESS,UPI,SCEN_LEGIT_BASELINE,LEGITIMATE,legitimate
TXN_00001641,ACC_000120,BEN_000057,,DEV_000036,IP_000074,2026-01-27T09:15:19,1449.91,TRANSFER_P2P,SUCCESS,UPI,SCEN_LEGIT_BASELINE,LEGITIMATE,legitimate
TXN_00001811,ACC_000072,,MER_000016,DEV_000004,IP_000118,2026-01-27T11:35:36,627.06,PAYMENT_P2M,SUCCESS,NETBANKING,SCEN_LEGIT_BASELINE,LEGITIMATE,legitimate
TXN_00001592,ACC_000123,,MER_000016,DEV_000005,IP_000110,2026-01-27T11:40:46,4534.42,PAYMENT_P2M,SUCCESS,NETBANKING,SCEN_LEGIT_BASELINE,LEGITIMATE,legitimate
TXN_00001473,ACC_000083,,MER_000047,DEV_000052,IP_000062,2026-01-27T12:40:54,1441.41,PAYMENT_P2M,SUCCESS,UPI,SCEN_LEGIT_BASELINE,LEGITIMATE,legitimate
TXN_00000656,ACC_000004,,MER_000012,DEV_000016,IP_000117,2026-01-27T14:48:50,253.2,PAYMENT_P2M,SUCCESS,UPI,SCEN_LEGIT_BASELINE,LEGITIMATE,legitimate
TXN_00001622,ACC_000133,,MER_000039,DEV_000036,IP_000112,2026-01-27T16:08:05,2184.41,PAYMENT_P2M,SUCCESS,CARD,SCEN_LEGIT_BASELINE,LEGITIMATE,legitimate
TXN_00001681,ACC_000136,BEN_000037,,DEV_000055,IP_000125,2026-01-27T16:27:26,648.01,TRANSFER_P2P,SUCCESS,CARD,SCEN_LEGIT_BASELINE,LEGITIMATE,legitimate
TXN_00001556,ACC_000260,,MER_000020,DEV_000014,IP_000077,2026-01-27T17:46:12,981.8,PAYMENT_P2M,SUCCESS,UPI,SCEN_LEGIT_BASELINE,LEGITIMATE,legitimate
TXN_00001292,ACC_000434,,MER_000026,DEV_000059,IP_000145,2026-01-27T18:56:49,228.87,PAYMENT_P2M,SUCCESS,NETBANKING,SCEN_LEGIT_BASELINE,LEGITIMATE,legitimate
TXN_00000902,ACC_000342,BEN_000050,,DEV_000078,IP_000052,2026-01-27T20:43:56,716.12,TRANSFER_P2P,SUCCESS,UPI,SCEN_LEGIT_BASELINE,LEGITIMATE,legitimate
TXN_00001612,ACC_000311,,MER_000005,DEV_000058,IP_000143,2026-01-27T21:00:46,1659.19,PAYMENT_P2M,SUCCESS,UPI,SCEN_LEGIT_BASELINE,LEGITIMATE,legitimate
TXN_00001679,ACC_000293,,MER_000011,DEV_000025,IP_000148,2026-01-27T22:41:12,1102.73,PAYMENT_P2M,SUCCESS,UPI,SCEN_LEGIT_BASELINE,LEGITIMATE,legitimate
TXN_00000768,ACC_000306,,MER_000002,DEV_000056,IP_000079,2026-01-27T23:43:17,769.59,PAYMENT_P2M,SUCCESS,UPI,SCEN_LEGIT_BASELINE,LEGITIMATE,legitimate
TXN_00000546,ACC_000321,,MER_000015,DEV_000019,IP_000045,2026-01-28T00:26:15,1360.77,PAYMENT_P2M,SUCCESS,UPI,SCEN_LEGIT_BASELINE,LEGITIMATE,legitimate
TXN_00001929,ACC_000358,,MER_000042,DEV_000054,IP_000005,2026-01-28T02:36:06,254.22,PAYMENT_P2M,SUCCESS,UPI,SCEN_LEGIT_BASELINE,LEGITIMATE,legitimate
TXN_00000729,ACC_000161,,MER_000012,DEV_000033,IP_000052,2026-01-28T02:41:44,188.69,PAYMENT_P2M,SUCCESS,UPI,SCEN_LEGIT_BASELINE,LEGITIMATE,legitimate
TXN_00000782,ACC_000269,,MER_000045,DEV_000092,IP_000020,2026-01-28T04:57:11,337.23,PAYMENT_P2M,SUCCESS,UPI,SCEN_LEGIT_BASELINE,LEGITIMATE,legitimate
TXN_00000703,ACC_000110,,MER_000005,DEV_000078,IP_000050,2026-01-28T05:58:47,2134.14,PAYMENT_P2M,SUCCESS,UPI,SCEN_LEGIT_BASELINE,LEGITIMATE,legitimate
TXN_00000992,ACC_000342,BEN_000039,,DEV_000088,IP_000109,2026-01-28T06:15:33,832.5,TRANSFER_P2P,SUCCESS,NETBANKING,SCEN_LEGIT_BASELINE,LEGITIMATE,legitimate
TXN_00001984,ACC_000443,,MER_000047,DEV_000018,IP_000089,2026-01-28T07:05:29,2576.89,PAYMENT_P2M,SUCCESS,UPI,SCEN_LEGIT_BASELINE,LEGITIMATE,legitimate
TXN_00000427,ACC_000036,,MER_000019,DEV_000077,IP_000102,2026-01-28T08:20:19,57.72,PAYMENT_P2M,SUCCESS,UPI,SCEN_LEGIT_BASELINE,LEGITIMATE,legitimate
TXN_00001004,ACC_000143,,MER_000033,DEV_000054,IP_000063,2026-01-28T08:49:19,2079.2,PAYMENT_P2M,SUCCESS,UPI,SCEN_LEGIT_BASELINE,LEGITIMATE,legitimate
TXN_00001403,ACC_000184,,MER_000006,DEV_000012,IP_000061,2026-01-28T09:33:10,389.28,PAYMENT_P2M,SUCCESS,CARD,SCEN_LEGIT_BASELINE,LEGITIMATE,legitimate
TXN_00001405,ACC_000459,,MER_000017,DEV_000090,IP_000021,2026-01-28T10:49:47,389.42,PAYMENT_P2M,SUCCESS,CARD,SCEN_LEGIT_BASELINE,LEGITIMATE,legitimate
TXN_00000629,ACC_000141,BEN_000099,,DEV_000001,IP_000119,2026-01-28T11:13:48,528.31,TRANSFER_P2P,SUCCESS,CARD,SCEN_LEGIT_BASELINE,LEGITIMATE,legitimate
TXN_00001264,ACC_000498,,MER_000033,DEV_000084,IP_000074,2026-01-28T11:28:58,1290.74,PAYMENT_P2M,SUCCESS,UPI,SCEN_LEGIT_BASELINE,LEGITIMATE,legitimate
TXN_00000650,ACC_000220,BEN_000065,,DEV_000036,IP_000119,2026-01-28T11:56:21,1766.6,TRANSFER_P2P,SUCCESS,CARD,SCEN_LEGIT_BASELINE,LEGITIMATE,legitimate
TXN_00000797,ACC_000120,,MER_000019,DEV_000036,IP_000074,2026-01-28T12:33:48,1531.96,PAYMENT_P2M,SUCCESS,UPI,SCEN_LEGIT_BASELINE,LEGITIMATE,legitimate
TXN_00000802,ACC_000236,,MER_000046,DEV_000007,IP_000095,2026-01-28T12:44:04,116.49,PAYMENT_P2M,SUCCESS,NETBANKING,SCEN_LEGIT_BASELINE,LEGITIMATE,legitimate
TXN_00001813,ACC_000436,,MER_000040,DEV_000085,IP_000016,2026-01-28T12:48:53,697.51,PAYMENT_P2M,SUCCESS,CARD,SCEN_LEGIT_BASELINE,LEGITIMATE,legitimate
TXN_00001875,ACC_000297,,MER_000036,DEV_000014,IP_000003,2026-01-28T13:01:08,54.5,PAYMENT_P2M,SUCCESS,UPI,SCEN_LEGIT_BASELINE,LEGITIMATE,legitimate
TXN_00001487,ACC_000006,,MER_000043,DEV_000071,IP_000078,2026-01-28T13:15:29,436.37,PAYMENT_P2M,SUCCESS,CARD,SCEN_LEGIT_BASELINE,LEGITIMATE,legitimate
TXN_00000971,ACC_000205,BEN_000018,,DEV_000059,IP_000010,2026-01-28T13:34:35,360.19,TRANSFER_P2P,SUCCESS,NETBANKING,SCEN_LEGIT_BASELINE,LEGITIMATE,legitimate
TXN_00000998,ACC_000030,,MER_000050,DEV_000018,IP_000071,2026-01-28T14:33:38,668.05,PAYMENT_P2M,SUCCESS,UPI,SCEN_LEGIT_BASELINE,LEGITIMATE,legitimate
TXN_00001462,ACC_000400,BEN_000070,,DEV_000057,IP_000078,2026-01-28T14:39:21,990.27,TRANSFER_P2P,SUCCESS,UPI,SCEN_LEGIT_BASELINE,LEGITIMATE,legitimate
TXN_00001217,ACC_000164,BEN_000097,,DEV_000093,IP_000114,2026-01-28T15:44:50,3842.7,TRANSFER_P2P,SUCCESS,UPI,SCEN_LEGIT_BASELINE,LEGITIMATE,legitimate
TXN_00000300,ACC_000344,,MER_000015,DEV_000023,IP_000049,2026-01-28T17:22:08,899.0,PAYMENT_P2M,SUCCESS,CARD,SCEN_LOOKALIKE_004,LEGITIMATE_LOOKALIKE,legitimate
TXN_00001597,ACC_000282,,MER_000029,DEV_000001,IP_000013,2026-01-28T19:27:51,6055.78,PAYMENT_P2M,SUCCESS,CARD,SCEN_LEGIT_BASELINE,LEGITIMATE,legitimate
TXN_00001630,ACC_000373,,MER_000002,DEV_000069,IP_000117,2026-01-28T19:56:10,183.19,PAYMENT_P2M,SUCCESS,UPI,SCEN_LEGIT_BASELINE,LEGITIMATE,legitimate
TXN_00001672,ACC_000057,,MER_000025,DEV_000004,IP_000086,2026-01-28T20:21:27,1720.54,PAYMENT_P2M,SUCCESS,NETBANKING,SCEN_LEGIT_BASELINE,LEGITIMATE,legitimate
TXN_00000509,ACC_000134,BEN_000092,,DEV_000017,IP_000083,2026-01-28T20:37:05,2271.36,TRANSFER_P2P,SUCCESS,NETBANKING,SCEN_LEGIT_BASELINE,LEGITIMATE,legitimate
TXN_00001846,ACC_000192,,MER_000031,DEV_000099,IP_000060,2026-01-28T21:00:47,4231.56,PAYMENT_P2M,SUCCESS,UPI,SCEN_LEGIT_BASELINE,LEGITIMATE,legitimate
TXN_00000255,ACC_000472,,MER_000010,DEV_000066,IP_000032,2026-01-28T21:02:45,1250.0,PAYMENT_P2M,SUCCESS,NETBANKING,SCEN_LOOKALIKE_001,LEGITIMATE_LOOKALIKE,legitimate
TXN_00001513,ACC_000134,,MER_000003,DEV_000017,IP_000083,2026-01-28T22:27:15,3602.57,PAYMENT_P2M,SUCCESS,UPI,SCEN_LEGIT_BASELINE,LEGITIMATE,legitimate
TXN_00001079,ACC_000216,,MER_000002,DEV_000041,IP_000007,2026-01-28T23:35:59,841.43,PAYMENT_P2M,SUCCESS,CARD,SCEN_LEGIT_BASELINE,LEGITIMATE,legitimate
TXN_00000369,ACC_000401,,MER_000015,DEV_000071,IP_000031,2026-01-29T00:22:02,2356.22,PAYMENT_P2M,SUCCESS,UPI,SCEN_LEGIT_BASELINE,LEGITIMATE,legitimate
TXN_00000034,ACC_000280,BEN_000026,,DEV_000045,IP_000055,2026-01-29T02:01:04,14500.0,TRANSFER_P2P,SUCCESS,UPI,SCEN_SHARED_DEVICE_003,SHARED_DEVICE_RING,ring
TXN_00000035,ACC_000280,BEN_000026,,DEV_000045,IP_000055,2026-01-29T02:05:04,9900.0,TRANSFER_P2P,SUCCESS,UPI,SCEN_SHARED_DEVICE_003,SHARED_DEVICE_RING,ring
TXN_00000036,ACC_000280,BEN_000026,,DEV_000045,IP_000055,2026-01-29T02:09:04,19800.0,TRANSFER_P2P,SUCCESS,UPI,SCEN_SHARED_DEVICE_003,SHARED_DEVICE_RING,ring
TXN_00000037,ACC_000280,BEN_000026,,DEV_000045,IP_000055,2026-01-29T02:13:04,19800.0,TRANSFER_P2P,SUCCESS,UPI,SCEN_SHARED_DEVICE_003,SHARED_DEVICE_RING,ring
TXN_00000039,ACC_000092,BEN_000026,,DEV_000045,IP_000055,2026-01-29T02:16:04,19800.0,TRANSFER_P2P,SUCCESS,UPI,SCEN_SHARED_DEVICE_003,SHARED_DEVICE_RING,ring
TXN_00000038,ACC_000280,BEN_000026,,DEV_000045,IP_000055,2026-01-29T02:17:04,9900.0,TRANSFER_P2P,SUCCESS,UPI,SCEN_SHARED_DEVICE_003,SHARED_DEVICE_RING,ring
TXN_00000040,ACC_000092,BEN_000026,,DEV_000045,IP_000055,2026-01-29T02:20:04,19800.0,TRANSFER_P2P,SUCCESS,UPI,SCEN_SHARED_DEVICE_003,SHARED_DEVICE_RING,ring
TXN_00000041,ACC_000092,BEN_000026,,DEV_000045,IP_000055,2026-01-29T02:24:04,9500.0,TRANSFER_P2P,SUCCESS,UPI,SCEN_SHARED_DEVICE_003,SHARED_DEVICE_RING,ring
TXN_00000042,ACC_000214,BEN_000026,,DEV_000045,IP_000055,2026-01-29T02:31:04,9800.0,TRANSFER_P2P,SUCCESS,UPI,SCEN_SHARED_DEVICE_003,SHARED_DEVICE_RING,ring
TXN_00000043,ACC_000214,BEN_000026,,DEV_000045,IP_000055,2026-01-29T02:35:04,9800.0,TRANSFER_P2P,SUCCESS,UPI,SCEN_SHARED_DEVICE_003,SHARED_DEVICE_RING,ring
TXN_00000044,ACC_000214,BEN_000026,,DEV_000045,IP_000055,2026-01-29T02:39:04,9800.0,TRANSFER_P2P,SUCCESS,UPI,SCEN_SHARED_DEVICE_003,SHARED_DEVICE_RING,ring
TXN_00000045,ACC_000214,BEN_000026,,DEV_000045,IP_000055,2026-01-29T02:43:04,9900.0,TRANSFER_P2P,SUCCESS,UPI,SCEN_SHARED_DEVICE_003,SHARED_DEVICE_RING,ring
TXN_00000047,ACC_000411,BEN_000026,,DEV_000045,IP_000055,2026-01-29T02:46:04,9900.0,TRANSFER_P2P,SUCCESS,UPI,SCEN_SHARED_DEVICE_003,SHARED_DEVICE_RING,ring
TXN_00000046,ACC_000214,BEN_000026,,DEV_000045,IP_000055,2026-01-29T02:47:04,9800.0,TRANSFER_P2P,SUCCESS,UPI,SCEN_SHARED_DEVICE_003,SHARED_DEVICE_RING,ring
TXN_00000048,ACC_000411,BEN_000026,,DEV_000045,IP_000055,2026-01-29T02:50:04,19800.0,TRANSFER_P2P,SUCCESS,UPI,SCEN_SHARED_DEVICE_003,SHARED_DEVICE_RING,ring
TXN_00000049,ACC_000411,BEN_000026,,DEV_000045,IP_000055,2026-01-29T02:54:04,9500.0,TRANSFER_P2P,SUCCESS,UPI,SCEN_SHARED_DEVICE_003,SHARED_DEVICE_RING,ring
TXN_00000050,ACC_000411,BEN_000026,,DEV_000045,IP_000055,2026-01-29T02:58:04,14500.0,TRANSFER_P2P,SUCCESS,UPI,SCEN_SHARED_DEVICE_003,SHARED_DEVICE_RING,ring
TXN_00000051,ACC_000108,BEN_000026,,DEV_000045,IP_000055,2026-01-29T03:01:04,9500.0,TRANSFER_P2P,SUCCESS,UPI,SCEN_SHARED_DEVICE_003,SHARED_DEVICE_RING,ring
TXN_00000052,ACC_000108,BEN_000026,,DEV_000045,IP_000055,2026-01-29T03:05:04,9500.0,TRANSFER_P2P,SUCCESS,UPI,SCEN_SHARED_DEVICE_003,SHARED_DEVICE_RING,ring
TXN_00000053,ACC_000108,BEN_000026,,DEV_000045,IP_000055,2026-01-29T03:09:04,9500.0,TRANSFER_P2P,SUCCESS,UPI,SCEN_SHARED_DEVICE_003,SHARED_DEVICE_RING,ring
TXN_00000559,ACC_000080,,MER_000031,DEV_000085,IP_000049,2026-01-29T03:21:08,167.29,PAYMENT_P2M,SUCCESS,NETBANKING,SCEN_LEGIT_BASELINE,LEGITIMATE,legitimate
TXN_00001094,ACC_000397,,MER_000034,DEV_000075,IP_000131,2026-01-29T03:53:14,236.61,PAYMENT_P2M,SUCCESS,CARD,SCEN_LEGIT_BASELINE,LEGITIMATE,legitimate
TXN_00001656,ACC_000255,BEN_000013,,DEV_000067,IP_000040,2026-01-29T04:49:15,3390.71,TRANSFER_P2P,SUCCESS,UPI,SCEN_LEGIT_BASELINE,LEGITIMATE,legitimate
TXN_00000604,ACC_000406,BEN_000014,,DEV_000052,IP_000146,2026-01-29T05:02:23,179.04,TRANSFER_P2P,SUCCESS,UPI,SCEN_LEGIT_BASELINE,LEGITIMATE,legitimate
TXN_00000441,ACC_000288,,MER_000002,DEV_000003,IP_000072,2026-01-29T06:53:23,5842.31,PAYMENT_P2M,SUCCESS,UPI,SCEN_LEGIT_BASELINE,LEGITIMATE,legitimate
TXN_00000869,ACC_000306,,MER_000017,DEV_000064,IP_000043,2026-01-29T07:45:29,3808.02,PAYMENT_P2M,SUCCESS,UPI,SCEN_LEGIT_BASELINE,LEGITIMATE,legitimate
TXN_00000667,ACC_000155,BEN_000045,,DEV_000084,IP_000072,2026-01-29T08:31:40,461.48,TRANSFER_P2P,SUCCESS,NETBANKING,SCEN_LEGIT_BASELINE,LEGITIMATE,legitimate
TXN_00001147,ACC_000499,BEN_000063,,DEV_000002,IP_000110,2026-01-29T09:46:20,383.16,TRANSFER_P2P,SUCCESS,NETBANKING,SCEN_LEGIT_BASELINE,LEGITIMATE,legitimate
TXN_00000018,ACC_000207,BEN_000014,,DEV_000098,IP_000114,2026-01-29T10:25:30,9900.0,TRANSFER_P2P,SUCCESS,UPI,SCEN_SHARED_DEVICE_002,SHARED_DEVICE_RING,ring
TXN_00000019,ACC_000207,BEN_000014,,DEV_000098,IP_000114,2026-01-29T10:29:30,9500.0,TRANSFER_P2P,SUCCESS,UPI,SCEN_SHARED_DEVICE_002,SHARED_DEVICE_RING,ring
TXN_00000020,ACC_000207,BEN_000014,,DEV_000098,IP_000114,2026-01-29T10:33:30,9900.0,TRANSFER_P2P,SUCCESS,UPI,SCEN_SHARED_DEVICE_002,SHARED_DEVICE_RING,ring
TXN_00000021,ACC_000207,BEN_000014,,DEV_000098,IP_000114,2026-01-29T10:37:30,14500.0,TRANSFER_P2P,SUCCESS,UPI,SCEN_SHARED_DEVICE_002,SHARED_DEVICE_RING,ring
TXN_00000023,ACC_000082,BEN_000014,,DEV_000098,IP_000114,2026-01-29T10:40:30,14500.0,TRANSFER_P2P,SUCCESS,UPI,SCEN_SHARED_DEVICE_002,SHARED_DEVICE_RING,ring
TXN_00000022,ACC_000207,BEN_000014,,DEV_000098,IP_000114,2026-01-29T10:41:30,9900.0,TRANSFER_P2P,SUCCESS,UPI,SCEN_SHARED_DEVICE_002,SHARED_DEVICE_RING,ring
TXN_00000024,ACC_000082,BEN_000014,,DEV_000098,IP_000114,2026-01-29T10:44:30,14500.0,TRANSFER_P2P,SUCCESS,UPI,SCEN_SHARED_DEVICE_002,SHARED_DEVICE_RING,ring
TXN_00000025,ACC_000082,BEN_000014,,DEV_000098,IP_000114,2026-01-29T10:48:30,9800.0,TRANSFER_P2P,SUCCESS,UPI,SCEN_SHARED_DEVICE_002,SHARED_DEVICE_RING,ring
TXN_00000026,ACC_000082,BEN_000014,,DEV_000098,IP_000114,2026-01-29T10:52:30,19800.0,TRANSFER_P2P,SUCCESS,UPI,SCEN_SHARED_DEVICE_002,SHARED_DEVICE_RING,ring
TXN_00000028,ACC_000201,BEN_000014,,DEV_000098,IP_000114,2026-01-29T10:55:30,14500.0,TRANSFER_P2P,SUCCESS,UPI,SCEN_SHARED_DEVICE_002,SHARED_DEVICE_RING,ring
TXN_00000027,ACC_000082,BEN_000014,,DEV_000098,IP_000114,2026-01-29T10:56:30,19800.0,TRANSFER_P2P,SUCCESS,UPI,SCEN_SHARED_DEVICE_002,SHARED_DEVICE_RING,ring
TXN_00000029,ACC_000201,BEN_000014,,DEV_000098,IP_000114,2026-01-29T10:59:30,19800.0,TRANSFER_P2P,SUCCESS,UPI,SCEN_SHARED_DEVICE_002,SHARED_DEVICE_RING,ring
TXN_00000030,ACC_000201,BEN_000014,,DEV_000098,IP_000114,2026-01-29T11:03:30,9500.0,TRANSFER_P2P,SUCCESS,UPI,SCEN_SHARED_DEVICE_002,SHARED_DEVICE_RING,ring
TXN_00000384,ACC_000306,,MER_000046,DEV_000056,IP_000043,2026-01-29T11:03:51,1314.29,PAYMENT_P2M,SUCCESS,UPI,SCEN_LEGIT_BASELINE,LEGITIMATE,legitimate
TXN_00000031,ACC_000068,BEN_000014,,DEV_000098,IP_000114,2026-01-29T11:10:30,9800.0,TRANSFER_P2P,SUCCESS,UPI,SCEN_SHARED_DEVICE_002,SHARED_DEVICE_RING,ring
TXN_00000032,ACC_000068,BEN_000014,,DEV_000098,IP_000114,2026-01-29T11:14:30,9500.0,TRANSFER_P2P,SUCCESS,UPI,SCEN_SHARED_DEVICE_002,SHARED_DEVICE_RING,ring
TXN_00000033,ACC_000068,BEN_000014,,DEV_000098,IP_000114,2026-01-29T11:18:30,14500.0,TRANSFER_P2P,SUCCESS,UPI,SCEN_SHARED_DEVICE_002,SHARED_DEVICE_RING,ring
TXN_00001226,ACC_000313,,MER_000040,DEV_000032,IP_000140,2026-01-29T11:43:44,181.14,PAYMENT_P2M,SUCCESS,UPI,SCEN_LEGIT_BASELINE,LEGITIMATE,legitimate
TXN_00001163,ACC_000067,,MER_000033,DEV_000067,IP_000117,2026-01-29T12:08:08,196.72,PAYMENT_P2M,SUCCESS,UPI,SCEN_LEGIT_BASELINE,LEGITIMATE,legitimate
TXN_00000730,ACC_000339,,MER_000036,DEV_000005,IP_000033,2026-01-29T12:22:54,833.56,PAYMENT_P2M,SUCCESS,UPI,SCEN_LEGIT_BASELINE,LEGITIMATE,legitimate
TXN_00001023,ACC_000024,BEN_000051,,DEV_000032,IP_000112,2026-01-29T12:44:46,1585.02,TRANSFER_P2P,SUCCESS,CARD,SCEN_LEGIT_BASELINE,LEGITIMATE,legitimate
TXN_00000092,ACC_000302,BEN_000047,,DEV_000012,IP_000067,2026-01-29T12:59:07,49000.0,TRANSFER_P2P,SUCCESS,IMPS,SCEN_COMMON_BEN_003,COMMON_BENEFICIARY_RING,ring
TXN_00001092,ACC_000451,,MER_000029,DEV_000093,IP_000065,2026-01-29T13:20:27,245.15,PAYMENT_P2M,SUCCESS,UPI,SCEN_LEGIT_BASELINE,LEGITIMATE,legitimate
TXN_00000790,ACC_000217,,MER_000038,DEV_000068,IP_000078,2026-01-29T13:29:17,776.89,PAYMENT_P2M,SUCCESS,UPI,SCEN_LEGIT_BASELINE,LEGITIMATE,legitimate
TXN_00001478,ACC_000240,BEN_000030,,DEV_000030,IP_000146,2026-01-29T13:31:25,1043.13,TRANSFER_P2P,SUCCESS,NETBANKING,SCEN_LEGIT_BASELINE,LEGITIMATE,legitimate
TXN_00001794,ACC_000246,,MER_000020,DEV_000064,IP_000139,2026-01-29T14:49:36,2942.92,PAYMENT_P2M,SUCCESS,UPI,SCEN_LEGIT_BASELINE,LEGITIMATE,legitimate
TXN_00000709,ACC_000258,,MER_000026,DEV_000090,IP_000144,2026-01-29T15:01:57,421.79,PAYMENT_P2M,SUCCESS,NETBANKING,SCEN_LEGIT_BASELINE,LEGITIMATE,legitimate
TXN_00001976,ACC_000420,BEN_000075,,DEV_000058,IP_000042,2026-01-29T15:05:14,4981.93,TRANSFER_P2P,SUCCESS,NETBANKING,SCEN_LEGIT_BASELINE,LEGITIMATE,legitimate
TXN_00001453,ACC_000054,,MER_000046,DEV_000039,IP_000105,2026-01-29T16:40:49,200.35,PAYMENT_P2M,SUCCESS,UPI,SCEN_LEGIT_BASELINE,LEGITIMATE,legitimate
TXN_00000864,ACC_000163,,MER_000016,DEV_000070,IP_000110,2026-01-29T18:08:34,1269.31,PAYMENT_P2M,SUCCESS,UPI,SCEN_LEGIT_BASELINE,LEGITIMATE,legitimate
TXN_00001398,ACC_000116,BEN_000073,,DEV_000076,IP_000014,2026-01-29T19:36:34,784.56,TRANSFER_P2P,SUCCESS,UPI,SCEN_LEGIT_BASELINE,LEGITIMATE,legitimate
TXN_00001122,ACC_000244,,MER_000030,DEV_000056,IP_000012,2026-01-29T19:47:44,237.98,PAYMENT_P2M,SUCCESS,CARD,SCEN_LEGIT_BASELINE,LEGITIMATE,legitimate
TXN_00000357,ACC_000241,,MER_000037,DEV_000079,IP_000062,2026-01-29T20:21:00,1477.15,PAYMENT_P2M,SUCCESS,UPI,SCEN_LEGIT_BASELINE,LEGITIMATE,legitimate
TXN_00001896,ACC_000116,,MER_000009,DEV_000010,IP_000014,2026-01-29T20:56:29,427.84,PAYMENT_P2M,SUCCESS,UPI,SCEN_LEGIT_BASELINE,LEGITIMATE,legitimate
TXN_00000091,ACC_000302,BEN_000047,,DEV_000012,IP_000067,2026-01-29T20:59:07,49500.0,TRANSFER_P2P,SUCCESS,IMPS,SCEN_COMMON_BEN_003,COMMON_BENEFICIARY_RING,ring
TXN_00001302,ACC_000462,,MER_000036,DEV_000021,IP_000082,2026-01-29T21:05:29,1456.45,PAYMENT_P2M,SUCCESS,UPI,SCEN_LEGIT_BASELINE,LEGITIMATE,legitimate
TXN_00000885,ACC_000330,,MER_000005,DEV_000088,IP_000091,2026-01-29T23:02:46,431.27,PAYMENT_P2M,SUCCESS,UPI,SCEN_LEGIT_BASELINE,LEGITIMATE,legitimate
TXN_00000420,ACC_000375,,MER_000027,DEV_000037,IP_000054,2026-01-29T23:18:54,1784.8,PAYMENT_P2M,SUCCESS,NETBANKING,SCEN_LEGIT_BASELINE,LEGITIMATE,legitimate
TXN_00000833,ACC_000218,BEN_000034,,DEV_000006,IP_000049,2026-01-29T23:42:27,2180.2,TRANSFER_P2P,SUCCESS,UPI,SCEN_LEGIT_BASELINE,LEGITIMATE,legitimate
TXN_00001601,ACC_000093,,MER_000024,DEV_000009,IP_000146,2026-01-29T23:56:44,3165.7,PAYMENT_P2M,SUCCESS,UPI,SCEN_LEGIT_BASELINE,LEGITIMATE,legitimate
TXN_00001636,ACC_000109,BEN_000019,,DEV_000008,IP_000139,2026-01-30T00:20:24,1711.64,TRANSFER_P2P,SUCCESS,NETBANKING,SCEN_LEGIT_BASELINE,LEGITIMATE,legitimate
TXN_00000535,ACC_000453,,MER_000048,DEV_000017,IP_000134,2026-01-30T00:20:47,610.1,PAYMENT_P2M,SUCCESS,UPI,SCEN_LEGIT_BASELINE,LEGITIMATE,legitimate
TXN_00000434,ACC_000462,BEN_000100,,DEV_000021,IP_000082,2026-01-30T02:20:06,518.36,TRANSFER_P2P,SUCCESS,UPI,SCEN_LEGIT_BASELINE,LEGITIMATE,legitimate
TXN_00001661,ACC_000045,BEN_000075,,DEV_000014,IP_000082,2026-01-30T02:31:55,408.75,TRANSFER_P2P,SUCCESS,UPI,SCEN_LEGIT_BASELINE,LEGITIMATE,legitimate
TXN_00001948,ACC_000076,,MER_000049,DEV_000077,IP_000130,2026-01-30T03:12:33,1705.56,PAYMENT_P2M,SUCCESS,NETBANKING,SCEN_LEGIT_BASELINE,LEGITIMATE,legitimate
TXN_00000270,ACC_000307,BEN_000059,,DEV_000005,IP_000044,2026-01-30T03:38:25,899.0,TRANSFER_P2P,SUCCESS,NETBANKING,SCEN_LOOKALIKE_002,LEGITIMATE_LOOKALIKE,legitimate
TXN_00001982,ACC_000006,BEN_000059,,DEV_000071,IP_000013,2026-01-30T04:24:44,195.25,TRANSFER_P2P,SUCCESS,UPI,SCEN_LEGIT_BASELINE,LEGITIMATE,legitimate
TXN_00001895,ACC_000308,,MER_000010,DEV_000081,IP_000004,2026-01-30T04:44:18,2138.65,PAYMENT_P2M,SUCCESS,UPI,SCEN_LEGIT_BASELINE,LEGITIMATE,legitimate
TXN_00000863,ACC_000110,BEN_000075,,DEV_000078,IP_000087,2026-01-30T06:57:56,1428.41,TRANSFER_P2P,SUCCESS,CARD,SCEN_LEGIT_BASELINE,LEGITIMATE,legitimate
TXN_00001258,ACC_000221,,MER_000026,DEV_000036,IP_000009,2026-01-30T07:29:50,1629.53,PAYMENT_P2M,SUCCESS,NETBANKING,SCEN_LEGIT_BASELINE,LEGITIMATE,legitimate
TXN_00001488,ACC_000496,,MER_000045,DEV_000097,IP_000061,2026-01-30T08:59:23,1066.76,PAYMENT_P2M,SUCCESS,CARD,SCEN_LEGIT_BASELINE,LEGITIMATE,legitimate
TXN_00001704,ACC_000016,,MER_000038,DEV_000048,IP_000128,2026-01-30T10:12:21,493.46,PAYMENT_P2M,SUCCESS,CARD,SCEN_LEGIT_BASELINE,LEGITIMATE,legitimate
TXN_00001049,ACC_000177,BEN_000018,,DEV_000011,IP_000148,2026-01-30T11:59:38,3910.87,TRANSFER_P2P,SUCCESS,UPI,SCEN_LEGIT_BASELINE,LEGITIMATE,legitimate
TXN_00001019,ACC_000491,BEN_000035,,DEV_000100,IP_000085,2026-01-30T12:47:03,1693.55,TRANSFER_P2P,SUCCESS,CARD,SCEN_LEGIT_BASELINE,LEGITIMATE,legitimate
TXN_00001748,ACC_000368,,MER_000034,DEV_000097,IP_000062,2026-01-30T15:18:36,1193.06,PAYMENT_P2M,SUCCESS,CARD,SCEN_LEGIT_BASELINE,LEGITIMATE,legitimate
TXN_00000093,ACC_000302,BEN_000047,,DEV_000012,IP_000067,2026-01-30T15:59:07,24800.0,TRANSFER_P2P,SUCCESS,IMPS,SCEN_COMMON_BEN_003,COMMON_BENEFICIARY_RING,ring
TXN_00001738,ACC_000355,,MER_000029,DEV_000094,IP_000061,2026-01-30T19:44:59,2951.06,PAYMENT_P2M,SUCCESS,UPI,SCEN_LEGIT_BASELINE,LEGITIMATE,legitimate
TXN_00001395,ACC_000295,,MER_000005,DEV_000078,IP_000104,2026-01-30T19:59:41,1695.34,PAYMENT_P2M,SUCCESS,CARD,SCEN_LEGIT_BASELINE,LEGITIMATE,legitimate
TXN_00001481,ACC_000478,,MER_000012,DEV_000002,IP_000014,2026-01-30T20:15:03,932.21,PAYMENT_P2M,SUCCESS,UPI,SCEN_LEGIT_BASELINE,LEGITIMATE,legitimate
TXN_00000303,ACC_000476,BEN_000100,,DEV_000022,IP_000018,2026-01-30T23:05:54,150.0,TRANSFER_P2P,SUCCESS,NETBANKING,SCEN_LOOKALIKE_005,LEGITIMATE_LOOKALIKE,legitimate
TXN_00000876,ACC_000459,,MER_000027,DEV_000090,IP_000050,2026-01-30T23:56:38,1649.23,PAYMENT_P2M,SUCCESS,NETBANKING,SCEN_LEGIT_BASELINE,LEGITIMATE,legitimate
TXN_00001733,ACC_000204,,MER_000014,DEV_000046,IP_000107,2026-01-31T01:26:26,436.45,PAYMENT_P2M,SUCCESS,CARD,SCEN_LEGIT_BASELINE,LEGITIMATE,legitimate
TXN_00001686,ACC_000398,BEN_000023,,DEV_000048,IP_000064,2026-01-31T01:39:27,302.02,TRANSFER_P2P,SUCCESS,NETBANKING,SCEN_LEGIT_BASELINE,LEGITIMATE,legitimate
TXN_00000400,ACC_000398,BEN_000076,,DEV_000048,IP_000064,2026-01-31T03:34:15,1017.36,TRANSFER_P2P,SUCCESS,NETBANKING,SCEN_LEGIT_BASELINE,LEGITIMATE,legitimate
TXN_00001129,ACC_000410,,MER_000002,DEV_000026,IP_000086,2026-01-31T03:37:00,2735.78,PAYMENT_P2M,SUCCESS,CARD,SCEN_LEGIT_BASELINE,LEGITIMATE,legitimate
TXN_00000852,ACC_000044,,MER_000036,DEV_000053,IP_000082,2026-01-31T03:40:10,1806.94,PAYMENT_P2M,SUCCESS,NETBANKING,SCEN_LEGIT_BASELINE,LEGITIMATE,legitimate
TXN_00001558,ACC_000483,,MER_000033,DEV_000031,IP_000043,2026-01-31T03:48:10,1773.41,PAYMENT_P2M,SUCCESS,UPI,SCEN_LEGIT_BASELINE,LEGITIMATE,legitimate
TXN_00001246,ACC_000459,,MER_000046,DEV_000090,IP_000021,2026-01-31T04:33:01,289.47,PAYMENT_P2M,SUCCESS,UPI,SCEN_LEGIT_BASELINE,LEGITIMATE,legitimate
TXN_00001338,ACC_000016,,MER_000027,DEV_000048,IP_000128,2026-01-31T04:41:52,1394.91,PAYMENT_P2M,SUCCESS,UPI,SCEN_LEGIT_BASELINE,LEGITIMATE,legitimate
TXN_00000450,ACC_000119,,MER_000044,DEV_000082,IP_000113,2026-01-31T04:55:08,784.82,PAYMENT_P2M,SUCCESS,CARD,SCEN_LEGIT_BASELINE,LEGITIMATE,legitimate
TXN_00000373,ACC_000349,BEN_000074,,DEV_000042,IP_000137,2026-01-31T05:05:31,1858.99,TRANSFER_P2P,SUCCESS,UPI,SCEN_LEGIT_BASELINE,LEGITIMATE,legitimate
TXN_00000399,ACC_000049,BEN_000045,,DEV_000006,IP_000142,2026-01-31T05:25:54,502.48,TRANSFER_P2P,SUCCESS,NETBANKING,SCEN_LEGIT_BASELINE,LEGITIMATE,legitimate
TXN_00000415,ACC_000374,BEN_000053,,DEV_000051,IP_000078,2026-01-31T05:28:26,559.28,TRANSFER_P2P,SUCCESS,UPI,SCEN_LEGIT_BASELINE,LEGITIMATE,legitimate
TXN_00001012,ACC_000288,,MER_000032,DEV_000081,IP_000072,2026-01-31T07:10:02,1158.34,PAYMENT_P2M,SUCCESS,UPI,SCEN_LEGIT_BASELINE,LEGITIMATE,legitimate
TXN_00001318,ACC_000416,,MER_000001,DEV_000008,IP_000126,2026-01-31T07:29:11,1926.8,PAYMENT_P2M,SUCCESS,UPI,SCEN_LEGIT_BASELINE,LEGITIMATE,legitimate
TXN_00000500,ACC_000456,BEN_000011,,DEV_000050,IP_000076,2026-01-31T09:03:40,764.87,TRANSFER_P2P,SUCCESS,UPI,SCEN_LEGIT_BASELINE,LEGITIMATE,legitimate
TXN_00001742,ACC_000310,,MER_000018,DEV_000023,IP_000041,2026-01-31T09:47:02,1524.77,PAYMENT_P2M,SUCCESS,UPI,SCEN_LEGIT_BASELINE,LEGITIMATE,legitimate
TXN_00000807,ACC_000316,BEN_000012,,DEV_000011,IP_000055,2026-01-31T09:51:16,563.01,TRANSFER_P2P,SUCCESS,CARD,SCEN_LEGIT_BASELINE,LEGITIMATE,legitimate
TXN_00000862,ACC_000474,,MER_000016,DEV_000075,IP_000045,2026-01-31T10:19:20,237.5,PAYMENT_P2M,SUCCESS,CARD,SCEN_LEGIT_BASELINE,LEGITIMATE,legitimate
TXN_00001755,ACC_000119,,MER_000034,DEV_000082,IP_000113,2026-01-31T12:11:36,2114.31,PAYMENT_P2M,SUCCESS,UPI,SCEN_LEGIT_BASELINE,LEGITIMATE,legitimate
TXN_00000452,ACC_000488,,MER_000016,DEV_000060,IP_000030,2026-01-31T12:21:37,1571.29,PAYMENT_P2M,SUCCESS,UPI,SCEN_LEGIT_BASELINE,LEGITIMATE,legitimate
TXN_00001171,ACC_000437,,MER_000011,DEV_000046,IP_000009,2026-01-31T13:03:59,509.28,PAYMENT_P2M,SUCCESS,NETBANKING,SCEN_LEGIT_BASELINE,LEGITIMATE,legitimate
TXN_00001859,ACC_000376,,MER_000027,DEV_000020,IP_000067,2026-01-31T13:44:00,193.76,PAYMENT_P2M,SUCCESS,CARD,SCEN_LEGIT_BASELINE,LEGITIMATE,legitimate
TXN_00000084,ACC_000333,BEN_000093,,DEV_000016,IP_000062,2026-01-31T15:09:08,24800.0,TRANSFER_P2P,SUCCESS,IMPS,SCEN_COMMON_BEN_002,COMMON_BENEFICIARY_RING,ring
TXN_00001293,ACC_000129,BEN_000023,,DEV_000041,IP_000079,2026-01-31T15:56:41,3319.81,TRANSFER_P2P,SUCCESS,UPI,SCEN_LEGIT_BASELINE,LEGITIMATE,legitimate
TXN_00001239,ACC_000420,BEN_000036,,DEV_000058,IP_000089,2026-01-31T17:41:13,620.85,TRANSFER_P2P,SUCCESS,CARD,SCEN_LEGIT_BASELINE,LEGITIMATE,legitimate
TXN_00000954,ACC_000288,,MER_000036,DEV_000003,IP_000072,2026-01-31T17:45:12,1168.59,PAYMENT_P2M,SUCCESS,UPI,SCEN_LEGIT_BASELINE,LEGITIMATE,legitimate
TXN_00001876,ACC_000342,,MER_000049,DEV_000078,IP_000109,2026-01-31T18:01:42,1327.93,PAYMENT_P2M,SUCCESS,NETBANKING,SCEN_LEGIT_BASELINE,LEGITIMATE,legitimate
TXN_00000287,ACC_000318,,MER_000022,DEV_000069,IP_000049,2026-01-31T18:26:38,1250.0,PAYMENT_P2M,SUCCESS,UPI,SCEN_LOOKALIKE_004,LEGITIMATE_LOOKALIKE,legitimate
TXN_00000083,ACC_000333,BEN_000093,,DEV_000016,IP_000062,2026-01-31T19:09:08,49500.0,TRANSFER_P2P,SUCCESS,IMPS,SCEN_COMMON_BEN_002,COMMON_BENEFICIARY_RING,ring
TXN_00001313,ACC_000170,,MER_000032,DEV_000055,IP_000116,2026-01-31T19:24:33,2280.4,PAYMENT_P2M,SUCCESS,NETBANKING,SCEN_LEGIT_BASELINE,LEGITIMATE,legitimate
TXN_00001475,ACC_000130,BEN_000046,,DEV_000038,IP_000117,2026-01-31T22:03:38,1585.17,TRANSFER_P2P,SUCCESS,CARD,SCEN_LEGIT_BASELINE,LEGITIMATE,legitimate
TXN_00001735,ACC_000484,BEN_000062,,DEV_000082,IP_000012,2026-01-31T23:16:28,1513.89,TRANSFER_P2P,SUCCESS,NETBANKING,SCEN_LEGIT_BASELINE,LEGITIMATE,legitimate
TXN_00001567,ACC_000155,BEN_000056,,DEV_000084,IP_000072,2026-01-31T23:27:52,159.18,TRANSFER_P2P,SUCCESS,UPI,SCEN_LEGIT_BASELINE,LEGITIMATE,legitimate
TXN_00000554,ACC_000171,,MER_000028,DEV_000018,IP_000122,2026-01-31T23:37:51,1084.75,PAYMENT_P2M,SUCCESS,CARD,SCEN_LEGIT_BASELINE,LEGITIMATE,legitimate
TXN_00001043,ACC_000044,BEN_000038,,DEV_000053,IP_000082,2026-02-01T00:02:02,3234.07,TRANSFER_P2P,SUCCESS,UPI,SCEN_LEGIT_BASELINE,LEGITIMATE,legitimate
TXN_00001988,ACC_000032,,MER_000050,DEV_000019,IP_000071,2026-02-01T06:58:48,645.91,PAYMENT_P2M,SUCCESS,UPI,SCEN_LEGIT_BASELINE,LEGITIMATE,legitimate
TXN_00001111,ACC_000276,BEN_000046,,DEV_000037,IP_000105,2026-02-01T07:27:58,4150.37,TRANSFER_P2P,SUCCESS,NETBANKING,SCEN_LEGIT_BASELINE,LEGITIMATE,legitimate
TXN_00000324,ACC_000121,BEN_000058,,DEV_000025,IP_000052,2026-02-01T08:50:21,2055.16,TRANSFER_P2P,SUCCESS,UPI,SCEN_LEGIT_BASELINE,LEGITIMATE,legitimate
TXN_00000857,ACC_000053,,MER_000041,DEV_000025,IP_000148,2026-02-01T09:04:32,588.76,PAYMENT_P2M,SUCCESS,UPI,SCEN_LEGIT_BASELINE,LEGITIMATE,legitimate
TXN_00001587,ACC_000206,,MER_000012,DEV_000020,IP_000122,2026-02-01T09:25:54,54.72,PAYMENT_P2M,SUCCESS,UPI,SCEN_LEGIT_BASELINE,LEGITIMATE,legitimate
TXN_00001544,ACC_000060,,MER_000031,DEV_000055,IP_000106,2026-02-01T11:05:22,220.44,PAYMENT_P2M,SUCCESS,CARD,SCEN_LEGIT_BASELINE,LEGITIMATE,legitimate
TXN_00000820,ACC_000382,BEN_000057,,DEV_000074,IP_000088,2026-02-01T11:14:11,292.87,TRANSFER_P2P,SUCCESS,CARD,SCEN_LEGIT_BASELINE,LEGITIMATE,legitimate
TXN_00001632,ACC_000037,,MER_000038,DEV_000071,IP_000144,2026-02-01T11:36:54,6463.43,PAYMENT_P2M,SUCCESS,UPI,SCEN_LEGIT_BASELINE,LEGITIMATE,legitimate
TXN_00000906,ACC_000238,,MER_000037,DEV_000021,IP_000029,2026-02-01T13:59:34,2746.95,PAYMENT_P2M,SUCCESS,UPI,SCEN_LEGIT_BASELINE,LEGITIMATE,legitimate
TXN_00000332,ACC_000315,,MER_000019,DEV_000056,IP_000070,2026-02-01T14:09:22,3044.54,PAYMENT_P2M,SUCCESS,CARD,SCEN_LEGIT_BASELINE,LEGITIMATE,legitimate
TXN_00001017,ACC_000059,BEN_000098,,DEV_000006,IP_000067,2026-02-01T15:49:20,1330.73,TRANSFER_P2P,SUCCESS,CARD,SCEN_LEGIT_BASELINE,LEGITIMATE,legitimate
TXN_00001506,ACC_000478,BEN_000017,,DEV_000002,IP_000145,2026-02-01T16:02:07,1594.42,TRANSFER_P2P,SUCCESS,CARD,SCEN_LEGIT_BASELINE,LEGITIMATE,legitimate
TXN_00001034,ACC_000217,BEN_000080,,DEV_000012,IP_000087,2026-02-01T19:18:24,2349.33,TRANSFER_P2P,SUCCESS,CARD,SCEN_LEGIT_BASELINE,LEGITIMATE,legitimate
TXN_00000742,ACC_000184,,MER_000043,DEV_000012,IP_000108,2026-02-01T21:45:45,3222.91,PAYMENT_P2M,SUCCESS,UPI,SCEN_LEGIT_BASELINE,LEGITIMATE,legitimate
TXN_00000088,ACC_000433,BEN_000047,,DEV_000030,IP_000004,2026-02-01T22:44:46,24800.0,TRANSFER_P2P,SUCCESS,IMPS,SCEN_COMMON_BEN_003,COMMON_BENEFICIARY_RING,ring
TXN_00001926,ACC_000090,,MER_000038,DEV_000063,IP_000052,2026-02-01T22:55:38,721.46,PAYMENT_P2M,SUCCESS,CARD,SCEN_LEGIT_BASELINE,LEGITIMATE,legitimate
TXN_00001025,ACC_000357,,MER_000039,DEV_000051,IP_000043,2026-02-01T23:03:54,4880.03,PAYMENT_P2M,SUCCESS,CARD,SCEN_LEGIT_BASELINE,LEGITIMATE,legitimate
TXN_00001192,ACC_000178,BEN_000097,,DEV_000060,IP_000020,2026-02-01T23:22:48,4157.24,TRANSFER_P2P,SUCCESS,UPI,SCEN_LEGIT_BASELINE,LEGITIMATE,legitimate
TXN_00001287,ACC_000174,,MER_000028,DEV_000012,IP_000128,2026-02-01T23:28:06,811.83,PAYMENT_P2M,SUCCESS,NETBANKING,SCEN_LEGIT_BASELINE,LEGITIMATE,legitimate
TXN_00000888,ACC_000300,,MER_000008,DEV_000034,IP_000042,2026-02-02T00:22:19,870.97,PAYMENT_P2M,SUCCESS,UPI,SCEN_LEGIT_BASELINE,LEGITIMATE,legitimate
TXN_00000087,ACC_000433,BEN_000047,,DEV_000030,IP_000004,2026-02-02T00:44:46,49000.0,TRANSFER_P2P,SUCCESS,IMPS,SCEN_COMMON_BEN_003,COMMON_BENEFICIARY_RING,ring
TXN_00000755,ACC_000240,BEN_000051,,DEV_000098,IP_000146,2026-02-02T02:35:22,4025.28,TRANSFER_P2P,SUCCESS,UPI,SCEN_LEGIT_BASELINE,LEGITIMATE,legitimate
TXN_00001605,ACC_000060,,MER_000018,DEV_000005,IP_000106,2026-02-02T05:20:22,531.1,PAYMENT_P2M,SUCCESS,NETBANKING,SCEN_LEGIT_BASELINE,LEGITIMATE,legitimate
TXN_00001064,ACC_000051,BEN_000070,,DEV_000092,IP_000140,2026-02-02T05:25:09,524.81,TRANSFER_P2P,SUCCESS,CARD,SCEN_LEGIT_BASELINE,LEGITIMATE,legitimate
TXN_00001441,ACC_000116,,MER_000048,DEV_000010,IP_000014,2026-02-02T06:28:04,1591.13,PAYMENT_P2M,SUCCESS,UPI,SCEN_LEGIT_BASELINE,LEGITIMATE,legitimate
TXN_00000838,ACC_000272,,MER_000013,DEV_000064,IP_000099,2026-02-02T07:26:53,317.55,PAYMENT_P2M,SUCCESS,NETBANKING,SCEN_LEGIT_BASELINE,LEGITIMATE,legitimate
TXN_00001131,ACC_000084,,MER_000012,DEV_000052,IP_000048,2026-02-02T07:45:59,1306.09,PAYMENT_P2M,SUCCESS,NETBANKING,SCEN_LEGIT_BASELINE,LEGITIMATE,legitimate
TXN_00000999,ACC_000219,BEN_000011,,DEV_000098,IP_000057,2026-02-02T09:31:08,302.06,TRANSFER_P2P,SUCCESS,NETBANKING,SCEN_LEGIT_BASELINE,LEGITIMATE,legitimate
TXN_00001068,ACC_000263,,MER_000041,DEV_000020,IP_000094,2026-02-02T11:10:58,307.86,PAYMENT_P2M,SUCCESS,UPI,SCEN_LEGIT_BASELINE,LEGITIMATE,legitimate
TXN_00001045,ACC_000346,BEN_000019,,DEV_000071,IP_000074,2026-02-02T11:44:39,916.85,TRANSFER_P2P,SUCCESS,CARD,SCEN_LEGIT_BASELINE,LEGITIMATE,legitimate
TXN_00000990,ACC_000070,,MER_000050,DEV_000095,IP_000068,2026-02-02T12:14:37,3260.73,PAYMENT_P2M,SUCCESS,NETBANKING,SCEN_LEGIT_BASELINE,LEGITIMATE,legitimate
TXN_00001962,ACC_000322,,MER_000009,DEV_000030,IP_000129,2026-02-02T12:31:29,786.16,PAYMENT_P2M,SUCCESS,UPI,SCEN_LEGIT_BASELINE,LEGITIMATE,legitimate
TXN_00000478,ACC_000339,,MER_000049,DEV_000069,IP_000086,2026-02-02T15:22:19,490.01,PAYMENT_P2M,SUCCESS,CARD,SCEN_LEGIT_BASELINE,LEGITIMATE,legitimate
TXN_00001620,ACC_000353,,MER_000027,DEV_000030,IP_000075,2026-02-02T15:40:38,2235.61,PAYMENT_P2M,SUCCESS,NETBANKING,SCEN_LEGIT_BASELINE,LEGITIMATE,legitimate
TXN_00001730,ACC_000390,,MER_000016,DEV_000061,IP_000033,2026-02-02T16:18:38,775.38,PAYMENT_P2M,SUCCESS,UPI,SCEN_LEGIT_BASELINE,LEGITIMATE,legitimate
TXN_00001957,ACC_000027,,MER_000001,DEV_000026,IP_000123,2026-02-02T16:47:22,187.8,PAYMENT_P2M,SUCCESS,UPI,SCEN_LEGIT_BASELINE,LEGITIMATE,legitimate
TXN_00001647,ACC_000274,BEN_000070,,DEV_000077,IP_000130,2026-02-02T17:23:44,1030.69,TRANSFER_P2P,SUCCESS,UPI,SCEN_LEGIT_BASELINE,LEGITIMATE,legitimate
TXN_00001354,ACC_000095,,MER_000018,DEV_000003,IP_000028,2026-02-02T18:05:10,1415.01,PAYMENT_P2M,SUCCESS,UPI,SCEN_LEGIT_BASELINE,LEGITIMATE,legitimate
TXN_00001772,ACC_000235,,MER_000047,DEV_000080,IP_000028,2026-02-02T19:27:40,516.67,PAYMENT_P2M,SUCCESS,UPI,SCEN_LEGIT_BASELINE,LEGITIMATE,legitimate
TXN_00001893,ACC_000356,,MER_000034,DEV_000091,IP_000011,2026-02-02T19:59:21,401.96,PAYMENT_P2M,SUCCESS,NETBANKING,SCEN_LEGIT_BASELINE,LEGITIMATE,legitimate
TXN_00001146,ACC_000164,,MER_000023,DEV_000093,IP_000114,2026-02-02T20:18:44,1056.19,PAYMENT_P2M,SUCCESS,UPI,SCEN_LEGIT_BASELINE,LEGITIMATE,legitimate
TXN_00000089,ACC_000433,BEN_000047,,DEV_000030,IP_000004,2026-02-02T20:44:46,48500.0,TRANSFER_P2P,SUCCESS,IMPS,SCEN_COMMON_BEN_003,COMMON_BENEFICIARY_RING,ring
TXN_00001547,ACC_000195,BEN_000066,,DEV_000092,IP_000012,2026-02-02T21:28:18,1878.88,TRANSFER_P2P,SUCCESS,CARD,SCEN_LEGIT_BASELINE,LEGITIMATE,legitimate
TXN_00001419,ACC_000184,BEN_000082,,DEV_000012,IP_000061,2026-02-02T21:30:06,767.42,TRANSFER_P2P,SUCCESS,UPI,SCEN_LEGIT_BASELINE,LEGITIMATE,legitimate
TXN_00001994,ACC_000215,BEN_000035,,DEV_000046,IP_000004,2026-02-02T22:09:04,409.81,TRANSFER_P2P,SUCCESS,UPI,SCEN_LEGIT_BASELINE,LEGITIMATE,legitimate
TXN_00000994,ACC_000069,,MER_000002,DEV_000094,IP_000136,2026-02-02T22:39:27,2163.03,PAYMENT_P2M,SUCCESS,UPI,SCEN_LEGIT_BASELINE,LEGITIMATE,legitimate
TXN_00000423,ACC_000079,,MER_000021,DEV_000005,IP_000039,2026-02-02T23:26:06,295.2,PAYMENT_P2M,SUCCESS,CARD,SCEN_LEGIT_BASELINE,LEGITIMATE,legitimate
TXN_00001075,ACC_000446,,MER_000015,DEV_000056,IP_000139,2026-02-03T01:14:48,2001.62,PAYMENT_P2M,SUCCESS,NETBANKING,SCEN_LEGIT_BASELINE,LEGITIMATE,legitimate
TXN_00001549,ACC_000403,,MER_000046,DEV_000085,IP_000029,2026-02-03T01:28:04,951.43,PAYMENT_P2M,SUCCESS,NETBANKING,SCEN_LEGIT_BASELINE,LEGITIMATE,legitimate
TXN_00000666,ACC_000242,,MER_000047,DEV_000095,IP_000058,2026-02-03T01:52:42,280.99,PAYMENT_P2M,SUCCESS,NETBANKING,SCEN_LEGIT_BASELINE,LEGITIMATE,legitimate
TXN_00000905,ACC_000299,BEN_000092,,DEV_000014,IP_000088,2026-02-03T02:40:45,901.97,TRANSFER_P2P,SUCCESS,UPI,SCEN_LEGIT_BASELINE,LEGITIMATE,legitimate
TXN_00000917,ACC_000250,BEN_000012,,DEV_000031,IP_000031,2026-02-03T03:14:25,655.17,TRANSFER_P2P,SUCCESS,CARD,SCEN_LEGIT_BASELINE,LEGITIMATE,legitimate
TXN_00000738,ACC_000471,BEN_000029,,DEV_000050,IP_000048,2026-02-03T03:16:20,591.67,TRANSFER_P2P,SUCCESS,NETBANKING,SCEN_LEGIT_BASELINE,LEGITIMATE,legitimate
TXN_00000090,ACC_000433,BEN_000047,,DEV_000030,IP_000004,2026-02-03T03:44:46,49500.0,TRANSFER_P2P,SUCCESS,IMPS,SCEN_COMMON_BEN_003,COMMON_BENEFICIARY_RING,ring
TXN_00001543,ACC_000261,,MER_000021,DEV_000074,IP_000096,2026-02-03T04:29:04,1645.35,PAYMENT_P2M,SUCCESS,UPI,SCEN_LEGIT_BASELINE,LEGITIMATE,legitimate
TXN_00001566,ACC_000025,,MER_000010,DEV_000037,IP_000138,2026-02-03T04:54:51,2561.15,PAYMENT_P2M,SUCCESS,NETBANKING,SCEN_LEGIT_BASELINE,LEGITIMATE,legitimate
TXN_00001617,ACC_000410,,MER_000048,DEV_000063,IP_000086,2026-02-03T06:03:25,574.19,PAYMENT_P2M,SUCCESS,UPI,SCEN_LEGIT_BASELINE,LEGITIMATE,legitimate
TXN_00000611,ACC_000195,,MER_000031,DEV_000092,IP_000012,2026-02-03T07:41:36,101.22,PAYMENT_P2M,SUCCESS,CARD,SCEN_LEGIT_BASELINE,LEGITIMATE,legitimate
TXN_00001182,ACC_000126,,MER_000008,DEV_000025,IP_000040,2026-02-03T08:02:12,171.82,PAYMENT_P2M,SUCCESS,UPI,SCEN_LEGIT_BASELINE,LEGITIMATE,legitimate
TXN_00001433,ACC_000287,,MER_000013,DEV_000012,IP_000108,2026-02-03T08:16:55,1740.35,PAYMENT_P2M,SUCCESS,UPI,SCEN_LEGIT_BASELINE,LEGITIMATE,legitimate
TXN_00001731,ACC_000311,,MER_000014,DEV_000058,IP_000143,2026-02-03T08:31:39,346.38,PAYMENT_P2M,SUCCESS,UPI,SCEN_LEGIT_BASELINE,LEGITIMATE,legitimate
TXN_00000320,ACC_000024,,MER_000018,DEV_000049,IP_000112,2026-02-03T08:47:22,166.47,PAYMENT_P2M,SUCCESS,UPI,SCEN_LEGIT_BASELINE,LEGITIMATE,legitimate
TXN_00001954,ACC_000288,,MER_000003,DEV_000003,IP_000072,2026-02-03T09:26:23,2538.28,PAYMENT_P2M,SUCCESS,CARD,SCEN_LEGIT_BASELINE,LEGITIMATE,legitimate
TXN_00000314,ACC_000352,BEN_000100,,DEV_000081,IP_000089,2026-02-03T10:20:56,1250.0,TRANSFER_P2P,SUCCESS,UPI,SCEN_LOOKALIKE_005,LEGITIMATE_LOOKALIKE,legitimate
TXN_00001461,ACC_000150,BEN_000090,,DEV_000022,IP_000010,2026-02-03T11:33:58,776.56,TRANSFER_P2P,SUCCESS,CARD,SCEN_LEGIT_BASELINE,LEGITIMATE,legitimate
TXN_00001671,ACC_000311,BEN_000050,,DEV_000058,IP_000143,2026-02-03T12:07:09,4212.51,TRANSFER_P2P,SUCCESS,UPI,SCEN_LEGIT_BASELINE,LEGITIMATE,legitimate
TXN_00001808,ACC_000094,,MER_000014,DEV_000043,IP_000062,2026-02-03T12:26:17,1272.32,PAYMENT_P2M,SUCCESS,UPI,SCEN_LEGIT_BASELINE,LEGITIMATE,legitimate
TXN_00000716,ACC_000419,,MER_000049,DEV_000036,IP_000124,2026-02-03T12:56:01,2062.92,PAYMENT_P2M,SUCCESS,NETBANKING,SCEN_LEGIT_BASELINE,LEGITIMATE,legitimate
TXN_00001448,ACC_000477,,MER_000032,DEV_000018,IP_000089,2026-02-03T16:21:59,1661.06,PAYMENT_P2M,SUCCESS,NETBANKING,SCEN_LEGIT_BASELINE,LEGITIMATE,legitimate
TXN_00000248,ACC_000473,,MER_000015,DEV_000081,IP_000032,2026-02-03T16:33:04,899.0,PAYMENT_P2M,SUCCESS,CARD,SCEN_LOOKALIKE_001,LEGITIMATE_LOOKALIKE,legitimate
TXN_00000816,ACC_000301,,MER_000020,DEV_000062,IP_000072,2026-02-03T19:52:48,1167.64,PAYMENT_P2M,SUCCESS,CARD,SCEN_LEGIT_BASELINE,LEGITIMATE,legitimate
TXN_00001459,ACC_000146,,MER_000046,DEV_000095,IP_000006,2026-02-03T20:02:31,1950.54,PAYMENT_P2M,SUCCESS,NETBANKING,SCEN_LEGIT_BASELINE,LEGITIMATE,legitimate
TXN_00000702,ACC_000371,,MER_000037,DEV_000091,IP_000046,2026-02-03T20:04:07,1409.12,PAYMENT_P2M,SUCCESS,CARD,SCEN_LEGIT_BASELINE,LEGITIMATE,legitimate
TXN_00001774,ACC_000374,,MER_000034,DEV_000051,IP_000078,2026-02-03T21:25:22,70.94,PAYMENT_P2M,SUCCESS,UPI,SCEN_LEGIT_BASELINE,LEGITIMATE,legitimate
TXN_00000642,ACC_000448,,MER_000042,DEV_000002,IP_000099,2026-02-03T22:52:41,1833.32,PAYMENT_P2M,SUCCESS,CARD,SCEN_LEGIT_BASELINE,LEGITIMATE,legitimate
TXN_00000558,ACC_000462,,MER_000022,DEV_000021,IP_000082,2026-02-03T23:43:26,292.25,PAYMENT_P2M,SUCCESS,CARD,SCEN_LEGIT_BASELINE,LEGITIMATE,legitimate
TXN_00001688,ACC_000208,,MER_000012,DEV_000089,IP_000130,2026-02-04T00:17:37,1123.7,PAYMENT_P2M,SUCCESS,CARD,SCEN_LEGIT_BASELINE,LEGITIMATE,legitimate
TXN_00000849,ACC_000395,BEN_000029,,DEV_000061,IP_000117,2026-02-04T00:32:27,1459.49,TRANSFER_P2P,SUCCESS,UPI,SCEN_LEGIT_BASELINE,LEGITIMATE,legitimate
TXN_00001561,ACC_000419,BEN_000014,,DEV_000036,IP_000124,2026-02-04T01:05:34,1877.14,TRANSFER_P2P,SUCCESS,UPI,SCEN_LEGIT_BASELINE,LEGITIMATE,legitimate
TXN_00001128,ACC_000120,,MER_000049,DEV_000036,IP_000074,2026-02-04T01:31:46,568.24,PAYMENT_P2M,SUCCESS,UPI,SCEN_LEGIT_BASELINE,LEGITIMATE,legitimate
TXN_00001782,ACC_000065,BEN_000086,,DEV_000035,IP_000050,2026-02-04T01:38:30,246.25,TRANSFER_P2P,SUCCESS,UPI,SCEN_LEGIT_BASELINE,LEGITIMATE,legitimate
TXN_00000698,ACC_000210,BEN_000075,,DEV_000025,IP_000138,2026-02-04T02:13:31,430.8,TRANSFER_P2P,SUCCESS,UPI,SCEN_LEGIT_BASELINE,LEGITIMATE,legitimate
TXN_00001477,ACC_000066,,MER_000043,DEV_000028,IP_000111,2026-02-04T02:13:52,1006.11,PAYMENT_P2M,SUCCESS,CARD,SCEN_LEGIT_BASELINE,LEGITIMATE,legitimate
TXN_00001160,ACC_000271,,MER_000007,DEV_000019,IP_000051,2026-02-04T03:25:15,1020.12,PAYMENT_P2M,SUCCESS,NETBANKING,SCEN_LEGIT_BASELINE,LEGITIMATE,legitimate
TXN_00001392,ACC_000377,BEN_000042,,DEV_000094,IP_000004,2026-02-04T04:42:18,1574.11,TRANSFER_P2P,SUCCESS,NETBANKING,SCEN_LEGIT_BASELINE,LEGITIMATE,legitimate
TXN_00000338,ACC_000028,,MER_000030,DEV_000031,IP_000113,2026-02-04T06:39:46,254.52,PAYMENT_P2M,SUCCESS,UPI,SCEN_LEGIT_BASELINE,LEGITIMATE,legitimate
TXN_00000930,ACC_000106,,MER_000047,DEV_000046,IP_000074,2026-02-04T07:57:25,2373.77,PAYMENT_P2M,SUCCESS,UPI,SCEN_LEGIT_BASELINE,LEGITIMATE,legitimate
TXN_00000362,ACC_000358,,MER_000047,DEV_000054,IP_000005,2026-02-04T08:57:06,443.82,PAYMENT_P2M,SUCCESS,CARD,SCEN_LEGIT_BASELINE,LEGITIMATE,legitimate
TXN_00001347,ACC_000096,,MER_000013,DEV_000037,IP_000136,2026-02-04T10:35:13,1652.93,PAYMENT_P2M,SUCCESS,UPI,SCEN_LEGIT_BASELINE,LEGITIMATE,legitimate
TXN_00000564,ACC_000181,,MER_000014,DEV_000006,IP_000065,2026-02-04T11:09:31,1526.52,PAYMENT_P2M,SUCCESS,NETBANKING,SCEN_LEGIT_BASELINE,LEGITIMATE,legitimate
TXN_00000749,ACC_000042,,MER_000016,DEV_000099,IP_000036,2026-02-04T12:49:14,777.07,PAYMENT_P2M,SUCCESS,CARD,SCEN_LEGIT_BASELINE,LEGITIMATE,legitimate
TXN_00001692,ACC_000444,,MER_000030,DEV_000010,IP_000067,2026-02-04T13:51:02,848.16,PAYMENT_P2M,SUCCESS,UPI,SCEN_LEGIT_BASELINE,LEGITIMATE,legitimate
TXN_00000721,ACC_000410,,MER_000048,DEV_000014,IP_000086,2026-02-04T14:53:59,682.78,PAYMENT_P2M,SUCCESS,UPI,SCEN_LEGIT_BASELINE,LEGITIMATE,legitimate
TXN_00000240,ACC_000249,,MER_000039,DEV_000030,IP_000032,2026-02-04T15:29:04,899.0,PAYMENT_P2M,SUCCESS,CARD,SCEN_LOOKALIKE_001,LEGITIMATE_LOOKALIKE,legitimate
TXN_00000777,ACC_000020,,MER_000010,DEV_000097,IP_000127,2026-02-04T16:00:45,394.75,PAYMENT_P2M,SUCCESS,UPI,SCEN_LEGIT_BASELINE,LEGITIMATE,legitimate
TXN_00000725,ACC_000097,,MER_000037,DEV_000074,IP_000049,2026-02-04T16:53:39,617.66,PAYMENT_P2M,SUCCESS,CARD,SCEN_LEGIT_BASELINE,LEGITIMATE,legitimate
TXN_00000471,ACC_000488,,MER_000045,DEV_000059,IP_000141,2026-02-04T17:59:59,1044.2,PAYMENT_P2M,SUCCESS,NETBANKING,SCEN_LEGIT_BASELINE,LEGITIMATE,legitimate
TXN_00000872,ACC_000350,,MER_000018,DEV_000048,IP_000123,2026-02-04T18:14:16,1462.47,PAYMENT_P2M,SUCCESS,NETBANKING,SCEN_LEGIT_BASELINE,LEGITIMATE,legitimate
TXN_00001853,ACC_000437,,MER_000040,DEV_000081,IP_000082,2026-02-04T18:29:03,473.98,PAYMENT_P2M,SUCCESS,NETBANKING,SCEN_LEGIT_BASELINE,LEGITIMATE,legitimate
TXN_00001209,ACC_000021,,MER_000039,DEV_000074,IP_000027,2026-02-04T20:30:08,769.01,PAYMENT_P2M,SUCCESS,UPI,SCEN_LEGIT_BASELINE,LEGITIMATE,legitimate
TXN_00000734,ACC_000223,,MER_000041,DEV_000074,IP_000138,2026-02-04T20:36:42,1049.67,PAYMENT_P2M,SUCCESS,NETBANKING,SCEN_LEGIT_BASELINE,LEGITIMATE,legitimate
TXN_00000345,ACC_000088,BEN_000036,,DEV_000057,IP_000054,2026-02-04T21:28:03,356.73,TRANSFER_P2P,SUCCESS,NETBANKING,SCEN_LEGIT_BASELINE,LEGITIMATE,legitimate
TXN_00001035,ACC_000272,BEN_000008,,DEV_000042,IP_000034,2026-02-04T22:51:51,226.94,TRANSFER_P2P,SUCCESS,CARD,SCEN_LEGIT_BASELINE,LEGITIMATE,legitimate
TXN_00000935,ACC_000390,,MER_000003,DEV_000061,IP_000067,2026-02-04T23:08:26,506.19,PAYMENT_P2M,SUCCESS,NETBANKING,SCEN_LEGIT_BASELINE,LEGITIMATE,legitimate
TXN_00001372,ACC_000360,BEN_000026,,DEV_000020,IP_000114,2026-02-05T00:41:00,140.87,TRANSFER_P2P,SUCCESS,NETBANKING,SCEN_LEGIT_BASELINE,LEGITIMATE,legitimate
TXN_00000795,ACC_000247,BEN_000038,,DEV_000100,IP_000038,2026-02-05T00:46:05,1098.94,TRANSFER_P2P,SUCCESS,UPI,SCEN_LEGIT_BASELINE,LEGITIMATE,legitimate
TXN_00000634,ACC_000277,,MER_000038,DEV_000092,IP_000016,2026-02-05T00:46:30,712.06,PAYMENT_P2M,SUCCESS,UPI,SCEN_LEGIT_BASELINE,LEGITIMATE,legitimate
TXN_00000547,ACC_000238,,MER_000048,DEV_000021,IP_000029,2026-02-05T01:14:19,2999.71,PAYMENT_P2M,SUCCESS,NETBANKING,SCEN_LEGIT_BASELINE,LEGITIMATE,legitimate
TXN_00000499,ACC_000431,,MER_000024,DEV_000077,IP_000122,2026-02-05T01:42:35,190.56,PAYMENT_P2M,SUCCESS,CARD,SCEN_LEGIT_BASELINE,LEGITIMATE,legitimate
TXN_00001210,ACC_000343,,MER_000032,DEV_000008,IP_000081,2026-02-05T01:51:39,2320.2,PAYMENT_P2M,SUCCESS,UPI,SCEN_LEGIT_BASELINE,LEGITIMATE,legitimate
TXN_00000875,ACC_000350,BEN_000083,,DEV_000048,IP_000123,2026-02-05T02:19:11,2357.89,TRANSFER_P2P,SUCCESS,CARD,SCEN_LEGIT_BASELINE,LEGITIMATE,legitimate
TXN_00000570,ACC_000402,,MER_000049,DEV_000074,IP_000049,2026-02-05T02:26:29,134.13,PAYMENT_P2M,SUCCESS,NETBANKING,SCEN_LEGIT_BASELINE,LEGITIMATE,legitimate
TXN_00001042,ACC_000067,,MER_000024,DEV_000066,IP_000117,2026-02-05T03:20:22,628.44,PAYMENT_P2M,SUCCESS,CARD,SCEN_LEGIT_BASELINE,LEGITIMATE,legitimate
TXN_00001439,ACC_000362,,MER_000041,DEV_000028,IP_000071,2026-02-05T05:39:38,234.93,PAYMENT_P2M,SUCCESS,UPI,SCEN_LEGIT_BASELINE,LEGITIMATE,legitimate
TXN_00000375,ACC_000065,,MER_000015,DEV_000035,IP_000050,2026-02-05T05:41:10,707.67,PAYMENT_P2M,SUCCESS,NETBANKING,SCEN_LEGIT_BASELINE,LEGITIMATE,legitimate
TXN_00000985,ACC_000453,,MER_000021,DEV_000017,IP_000024,2026-02-05T06:34:30,3684.67,PAYMENT_P2M,SUCCESS,NETBANKING,SCEN_LEGIT_BASELINE,LEGITIMATE,legitimate
TXN_00000477,ACC_000252,,MER_000048,DEV_000006,IP_000057,2026-02-05T07:59:29,2350.42,PAYMENT_P2M,SUCCESS,UPI,SCEN_LEGIT_BASELINE,LEGITIMATE,legitimate
TXN_00000242,ACC_000127,,MER_000022,DEV_000010,IP_000032,2026-02-05T08:29:12,150.0,PAYMENT_P2M,SUCCESS,CARD,SCEN_LOOKALIKE_001,LEGITIMATE_LOOKALIKE,legitimate
TXN_00001449,ACC_000241,,MER_000004,DEV_000079,IP_000098,2026-02-05T10:27:23,262.99,PAYMENT_P2M,SUCCESS,CARD,SCEN_LEGIT_BASELINE,LEGITIMATE,legitimate
TXN_00000074,ACC_000196,BEN_000093,,DEV_000013,IP_000051,2026-02-05T10:42:05,48500.0,TRANSFER_P2P,SUCCESS,IMPS,SCEN_COMMON_BEN_002,COMMON_BENEFICIARY_RING,ring
TXN_00000944,ACC_000432,BEN_000099,,DEV_000060,IP_000020,2026-02-05T11:35:44,1495.29,TRANSFER_P2P,SUCCESS,NETBANKING,SCEN_LEGIT_BASELINE,LEGITIMATE,legitimate
TXN_00001330,ACC_000161,,MER_000004,DEV_000033,IP_000070,2026-02-05T11:49:50,592.28,PAYMENT_P2M,SUCCESS,NETBANKING,SCEN_LEGIT_BASELINE,LEGITIMATE,legitimate
TXN_00001852,ACC_000220,,MER_000049,DEV_000036,IP_000052,2026-02-05T11:50:15,2465.41,PAYMENT_P2M,SUCCESS,CARD,SCEN_LEGIT_BASELINE,LEGITIMATE,legitimate
TXN_00001599,ACC_000499,BEN_000062,,DEV_000002,IP_000011,2026-02-05T12:13:23,194.44,TRANSFER_P2P,SUCCESS,UPI,SCEN_LEGIT_BASELINE,LEGITIMATE,legitimate
TXN_00001253,ACC_000429,,MER_000015,DEV_000022,IP_000091,2026-02-05T15:02:27,501.29,PAYMENT_P2M,SUCCESS,UPI,SCEN_LEGIT_BASELINE,LEGITIMATE,legitimate
TXN_00000540,ACC_000450,BEN_000059,,DEV_000065,IP_000070,2026-02-05T16:43:12,1138.65,TRANSFER_P2P,SUCCESS,UPI,SCEN_LEGIT_BASELINE,LEGITIMATE,legitimate
TXN_00000473,ACC_000222,,MER_000004,DEV_000068,IP_000068,2026-02-05T17:16:46,998.62,PAYMENT_P2M,SUCCESS,CARD,SCEN_LEGIT_BASELINE,LEGITIMATE,legitimate
TXN_00001913,ACC_000164,,MER_000014,DEV_000031,IP_000114,2026-02-05T19:57:07,1696.28,PAYMENT_P2M,SUCCESS,UPI,SCEN_LEGIT_BASELINE,LEGITIMATE,legitimate
TXN_00001579,ACC_000233,,MER_000044,DEV_000057,IP_000051,2026-02-05T20:25:22,1243.11,PAYMENT_P2M,SUCCESS,CARD,SCEN_LEGIT_BASELINE,LEGITIMATE,legitimate
TXN_00001960,ACC_000490,,MER_000007,DEV_000015,IP_000024,2026-02-05T21:12:29,1552.22,PAYMENT_P2M,SUCCESS,CARD,SCEN_LEGIT_BASELINE,LEGITIMATE,legitimate
TXN_00000715,ACC_000499,,MER_000036,DEV_000002,IP_000070,2026-02-05T21:32:26,324.02,PAYMENT_P2M,SUCCESS,NETBANKING,SCEN_LEGIT_BASELINE,LEGITIMATE,legitimate
TXN_00000498,ACC_000277,,MER_000022,DEV_000092,IP_000016,2026-02-05T22:21:52,984.92,PAYMENT_P2M,SUCCESS,NETBANKING,SCEN_LEGIT_BASELINE,LEGITIMATE,legitimate
TXN_00001386,ACC_000351,,MER_000043,DEV_000082,IP_000068,2026-02-05T22:25:54,145.1,PAYMENT_P2M,SUCCESS,UPI,SCEN_LEGIT_BASELINE,LEGITIMATE,legitimate
TXN_00000076,ACC_000196,BEN_000093,,DEV_000013,IP_000051,2026-02-05T22:42:05,48500.0,TRANSFER_P2P,SUCCESS,IMPS,SCEN_COMMON_BEN_002,COMMON_BENEFICIARY_RING,ring
TXN_00000553,ACC_000304,,MER_000034,DEV_000091,IP_000065,2026-02-05T22:42:16,593.29,PAYMENT_P2M,SUCCESS,UPI,SCEN_LEGIT_BASELINE,LEGITIMATE,legitimate
TXN_00001732,ACC_000048,,MER_000043,DEV_000015,IP_000035,2026-02-05T22:59:13,2402.11,PAYMENT_P2M,SUCCESS,UPI,SCEN_LEGIT_BASELINE,LEGITIMATE,legitimate
TXN_00000931,ACC_000353,,MER_000027,DEV_000030,IP_000075,2026-02-05T23:18:28,183.24,PAYMENT_P2M,SUCCESS,UPI,SCEN_LEGIT_BASELINE,LEGITIMATE,legitimate
TXN_00000932,ACC_000260,BEN_000043,,DEV_000003,IP_000078,2026-02-05T23:48:52,578.3,TRANSFER_P2P,SUCCESS,NETBANKING,SCEN_LEGIT_BASELINE,LEGITIMATE,legitimate
TXN_00000493,ACC_000258,,MER_000011,DEV_000090,IP_000144,2026-02-05T23:57:51,145.79,PAYMENT_P2M,SUCCESS,UPI,SCEN_LEGIT_BASELINE,LEGITIMATE,legitimate
TXN_00001447,ACC_000173,BEN_000097,,DEV_000008,IP_000148,2026-02-06T01:13:36,1566.38,TRANSFER_P2P,SUCCESS,UPI,SCEN_LEGIT_BASELINE,LEGITIMATE,legitimate
TXN_00001891,ACC_000021,BEN_000059,,DEV_000074,IP_000027,2026-02-06T01:44:38,975.94,TRANSFER_P2P,SUCCESS,CARD,SCEN_LEGIT_BASELINE,LEGITIMATE,legitimate
TXN_00001765,ACC_000480,,MER_000027,DEV_000025,IP_000099,2026-02-06T01:44:56,1586.86,PAYMENT_P2M,SUCCESS,NETBANKING,SCEN_LEGIT_BASELINE,LEGITIMATE,legitimate
TXN_00001752,ACC_000286,,MER_000003,DEV_000053,IP_000061,2026-02-06T02:37:22,2939.2,PAYMENT_P2M,SUCCESS,UPI,SCEN_LEGIT_BASELINE,LEGITIMATE,legitimate
TXN_00001061,ACC_000186,BEN_000080,,DEV_000047,IP_000099,2026-02-06T02:58:54,1516.71,TRANSFER_P2P,SUCCESS,UPI,SCEN_LEGIT_BASELINE,LEGITIMATE,legitimate
TXN_00000075,ACC_000196,BEN_000093,,DEV_000013,IP_000051,2026-02-06T03:42:05,49000.0,TRANSFER_P2P,SUCCESS,IMPS,SCEN_COMMON_BEN_002,COMMON_BENEFICIARY_RING,ring
TXN_00000298,ACC_000344,,MER_000043,DEV_000023,IP_000049,2026-02-06T05:08:29,150.0,PAYMENT_P2M,SUCCESS,UPI,SCEN_LOOKALIKE_004,LEGITIMATE_LOOKALIKE,legitimate
TXN_00001824,ACC_000103,,MER_000033,DEV_000088,IP_000133,2026-02-06T05:16:57,1216.12,PAYMENT_P2M,SUCCESS,NETBANKING,SCEN_LEGIT_BASELINE,LEGITIMATE,legitimate
TXN_00001970,ACC_000241,BEN_000062,,DEV_000079,IP_000062,2026-02-06T06:17:53,1223.5,TRANSFER_P2P,SUCCESS,UPI,SCEN_LEGIT_BASELINE,LEGITIMATE,legitimate
TXN_00000352,ACC_000436,,MER_000023,DEV_000001,IP_000034,2026-02-06T07:16:23,78.97,PAYMENT_P2M,SUCCESS,CARD,SCEN_LEGIT_BASELINE,LEGITIMATE,legitimate
TXN_00001871,ACC_000287,BEN_000065,,DEV_000012,IP_000108,2026-02-06T07:57:42,5184.64,TRANSFER_P2P,SUCCESS,UPI,SCEN_LEGIT_BASELINE,LEGITIMATE,legitimate
TXN_00001921,ACC_000334,,MER_000022,DEV_000032,IP_000051,2026-02-06T08:14:10,236.39,PAYMENT_P2M,SUCCESS,CARD,SCEN_LEGIT_BASELINE,LEGITIMATE,legitimate
TXN_00001564,ACC_000358,,MER_000048,DEV_000054,IP_000005,2026-02-06T08:44:27,588.45,PAYMENT_P2M,SUCCESS,CARD,SCEN_LEGIT_BASELINE,LEGITIMATE,legitimate
TXN_00000512,ACC_000182,,MER_000040,DEV_000020,IP_000082,2026-02-06T08:54:52,668.17,PAYMENT_P2M,SUCCESS,UPI,SCEN_LEGIT_BASELINE,LEGITIMATE,legitimate
TXN_00000904,ACC_000136,,MER_000014,DEV_000055,IP_000063,2026-02-06T09:03:22,567.8,PAYMENT_P2M,SUCCESS,NETBANKING,SCEN_LEGIT_BASELINE,LEGITIMATE,legitimate
TXN_00001715,ACC_000266,BEN_000059,,DEV_000092,IP_000094,2026-02-06T09:19:57,1346.77,TRANSFER_P2P,SUCCESS,CARD,SCEN_LEGIT_BASELINE,LEGITIMATE,legitimate
TXN_00001639,ACC_000126,BEN_000097,,DEV_000012,IP_000040,2026-02-06T09:22:11,301.17,TRANSFER_P2P,SUCCESS,CARD,SCEN_LEGIT_BASELINE,LEGITIMATE,legitimate
TXN_00001161,ACC_000382,,MER_000025,DEV_000068,IP_000088,2026-02-06T10:20:21,191.99,PAYMENT_P2M,SUCCESS,UPI,SCEN_LEGIT_BASELINE,LEGITIMATE,legitimate
TXN_00000311,ACC_000329,BEN_000100,,DEV_000075,IP_000058,2026-02-06T10:32:23,150.0,TRANSFER_P2P,SUCCESS,NETBANKING,SCEN_LOOKALIKE_005,LEGITIMATE_LOOKALIKE,legitimate
TXN_00000276,ACC_000073,,MER_000025,DEV_000056,IP_000119,2026-02-06T13:23:04,899.0,PAYMENT_P2M,SUCCESS,UPI,SCEN_LOOKALIKE_003,LEGITIMATE_LOOKALIKE,legitimate
TXN_00000538,ACC_000170,,MER_000001,DEV_000055,IP_000116,2026-02-06T13:24:02,312.95,PAYMENT_P2M,SUCCESS,UPI,SCEN_LEGIT_BASELINE,LEGITIMATE,legitimate
TXN_00001267,ACC_000382,BEN_000094,,DEV_000074,IP_000004,2026-02-06T13:30:30,93.75,TRANSFER_P2P,SUCCESS,UPI,SCEN_LEGIT_BASELINE,LEGITIMATE,legitimate
TXN_00001670,ACC_000288,,MER_000024,DEV_000008,IP_000072,2026-02-06T13:34:52,266.33,PAYMENT_P2M,SUCCESS,UPI,SCEN_LEGIT_BASELINE,LEGITIMATE,legitimate
TXN_00000720,ACC_000487,,MER_000014,DEV_000052,IP_000006,2026-02-06T14:45:41,547.35,PAYMENT_P2M,SUCCESS,UPI,SCEN_LEGIT_BASELINE,LEGITIMATE,legitimate
TXN_00000295,ACC_000005,,MER_000027,DEV_000080,IP_000049,2026-02-06T16:38:07,5000.0,PAYMENT_P2M,SUCCESS,CARD,SCEN_LOOKALIKE_004,LEGITIMATE_LOOKALIKE,legitimate
TXN_00000507,ACC_000072,,MER_000023,DEV_000004,IP_000142,2026-02-06T17:22:39,1348.51,PAYMENT_P2M,SUCCESS,NETBANKING,SCEN_LEGIT_BASELINE,LEGITIMATE,legitimate
TXN_00000759,ACC_000339,BEN_000008,,DEV_000069,IP_000033,2026-02-06T19:03:24,4029.22,TRANSFER_P2P,SUCCESS,CARD,SCEN_LEGIT_BASELINE,LEGITIMATE,legitimate
TXN_00000785,ACC_000176,,MER_000046,DEV_000080,IP_000134,2026-02-06T20:03:38,325.28,PAYMENT_P2M,SUCCESS,NETBANKING,SCEN_LEGIT_BASELINE,LEGITIMATE,legitimate
TXN_00000567,ACC_000114,,MER_000023,DEV_000079,IP_000103,2026-02-06T22:48:51,274.82,PAYMENT_P2M,SUCCESS,CARD,SCEN_LEGIT_BASELINE,LEGITIMATE,legitimate
TXN_00000952,ACC_000382,BEN_000093,,DEV_000074,IP_000070,2026-02-07T00:18:38,247.82,TRANSFER_P2P,SUCCESS,UPI,SCEN_LEGIT_BASELINE,LEGITIMATE,legitimate
TXN_00001844,ACC_000033,BEN_000043,,DEV_000050,IP_000129,2026-02-07T02:20:45,1274.59,TRANSFER_P2P,SUCCESS,CARD,SCEN_LEGIT_BASELINE,LEGITIMATE,legitimate
TXN_00000691,ACC_000499,BEN_000093,,DEV_000002,IP_000011,2026-02-07T03:14:15,511.95,TRANSFER_P2P,SUCCESS,UPI,SCEN_LEGIT_BASELINE,LEGITIMATE,legitimate
TXN_00000737,ACC_000045,BEN_000005,,DEV_000014,IP_000082,2026-02-07T04:23:35,6621.21,TRANSFER_P2P,SUCCESS,CARD,SCEN_LEGIT_BASELINE,LEGITIMATE,legitimate
TXN_00001653,ACC_000211,,MER_000003,DEV_000016,IP_000087,2026-02-07T05:05:17,879.99,PAYMENT_P2M,SUCCESS,CARD,SCEN_LEGIT_BASELINE,LEGITIMATE,legitimate
TXN_00000645,ACC_000451,,MER_000027,DEV_000093,IP_000065,2026-02-07T05:13:17,2915.92,PAYMENT_P2M,SUCCESS,NETBANKING,SCEN_LEGIT_BASELINE,LEGITIMATE,legitimate
TXN_00000561,ACC_000250,,MER_000004,DEV_000054,IP_000031,2026-02-07T08:01:42,627.53,PAYMENT_P2M,SUCCESS,UPI,SCEN_LEGIT_BASELINE,LEGITIMATE,legitimate
TXN_00001815,ACC_000132,,MER_000024,DEV_000025,IP_000058,2026-02-07T08:06:13,2314.04,PAYMENT_P2M,SUCCESS,UPI,SCEN_LEGIT_BASELINE,LEGITIMATE,legitimate
TXN_00001366,ACC_000317,BEN_000015,,DEV_000072,IP_000059,2026-02-07T08:09:25,339.88,TRANSFER_P2P,SUCCESS,UPI,SCEN_LEGIT_BASELINE,LEGITIMATE,legitimate
TXN_00001645,ACC_000069,,MER_000010,DEV_000094,IP_000030,2026-02-07T09:43:08,2317.48,PAYMENT_P2M,SUCCESS,CARD,SCEN_LEGIT_BASELINE,LEGITIMATE,legitimate
TXN_00001126,ACC_000392,,MER_000010,DEV_000088,IP_000076,2026-02-07T12:02:17,642.8,PAYMENT_P2M,SUCCESS,NETBANKING,SCEN_LEGIT_BASELINE,LEGITIMATE,legitimate
TXN_00000261,ACC_000412,BEN_000059,,DEV_000011,IP_000038,2026-02-07T13:30:33,5000.0,TRANSFER_P2P,SUCCESS,CARD,SCEN_LOOKALIKE_002,LEGITIMATE_LOOKALIKE,legitimate
TXN_00001865,ACC_000304,,MER_000039,DEV_000011,IP_000065,2026-02-07T14:01:42,1904.32,PAYMENT_P2M,SUCCESS,CARD,SCEN_LEGIT_BASELINE,LEGITIMATE,legitimate
TXN_00001352,ACC_000273,,MER_000010,DEV_000022,IP_000125,2026-02-07T14:28:47,1148.94,PAYMENT_P2M,SUCCESS,NETBANKING,SCEN_LEGIT_BASELINE,LEGITIMATE,legitimate
TXN_00001869,ACC_000425,,MER_000009,DEV_000057,IP_000140,2026-02-07T15:19:39,2177.93,PAYMENT_P2M,SUCCESS,UPI,SCEN_LEGIT_BASELINE,LEGITIMATE,legitimate
TXN_00000911,ACC_000035,,MER_000037,DEV_000072,IP_000043,2026-02-07T15:46:19,448.97,PAYMENT_P2M,SUCCESS,CARD,SCEN_LEGIT_BASELINE,LEGITIMATE,legitimate
TXN_00000361,ACC_000380,BEN_000080,,DEV_000059,IP_000113,2026-02-07T16:03:32,1507.06,TRANSFER_P2P,SUCCESS,UPI,SCEN_LEGIT_BASELINE,LEGITIMATE,legitimate
TXN_00000660,ACC_000091,,MER_000050,DEV_000032,IP_000123,2026-02-07T16:19:45,1686.38,PAYMENT_P2M,SUCCESS,NETBANKING,SCEN_LEGIT_BASELINE,LEGITIMATE,legitimate
TXN_00001826,ACC_000418,,MER_000047,DEV_000080,IP_000024,2026-02-07T17:04:31,591.25,PAYMENT_P2M,SUCCESS,UPI,SCEN_LEGIT_BASELINE,LEGITIMATE,legitimate
TXN_00001909,ACC_000460,,MER_000044,DEV_000081,IP_000085,2026-02-07T17:36:20,2510.25,PAYMENT_P2M,SUCCESS,NETBANKING,SCEN_LEGIT_BASELINE,LEGITIMATE,legitimate
TXN_00000753,ACC_000388,,MER_000038,DEV_000078,IP_000098,2026-02-07T18:03:56,692.74,PAYMENT_P2M,SUCCESS,UPI,SCEN_LEGIT_BASELINE,LEGITIMATE,legitimate
TXN_00000615,ACC_000290,,MER_000040,DEV_000088,IP_000017,2026-02-07T18:09:34,1922.96,PAYMENT_P2M,SUCCESS,CARD,SCEN_LEGIT_BASELINE,LEGITIMATE,legitimate
TXN_00000648,ACC_000310,,MER_000041,DEV_000033,IP_000041,2026-02-07T18:52:00,1767.93,PAYMENT_P2M,SUCCESS,UPI,SCEN_LEGIT_BASELINE,LEGITIMATE,legitimate
TXN_00001726,ACC_000360,,MER_000043,DEV_000020,IP_000114,2026-02-07T19:09:11,775.75,PAYMENT_P2M,SUCCESS,UPI,SCEN_LEGIT_BASELINE,LEGITIMATE,legitimate
TXN_00001427,ACC_000049,BEN_000042,,DEV_000006,IP_000142,2026-02-07T19:20:45,2959.52,TRANSFER_P2P,SUCCESS,CARD,SCEN_LEGIT_BASELINE,LEGITIMATE,legitimate
TXN_00000886,ACC_000317,,MER_000047,DEV_000072,IP_000059,2026-02-07T20:51:42,912.57,PAYMENT_P2M,SUCCESS,CARD,SCEN_LEGIT_BASELINE,LEGITIMATE,legitimate
TXN_00000830,ACC_000103,,MER_000013,DEV_000061,IP_000133,2026-02-07T21:16:37,1095.92,PAYMENT_P2M,SUCCESS,CARD,SCEN_LEGIT_BASELINE,LEGITIMATE,legitimate
TXN_00001337,ACC_000085,BEN_000093,,DEV_000068,IP_000122,2026-02-07T22:14:07,192.61,TRANSFER_P2P,SUCCESS,UPI,SCEN_LEGIT_BASELINE,LEGITIMATE,legitimate
TXN_00001872,ACC_000272,BEN_000074,,DEV_000052,IP_000071,2026-02-07T23:17:35,248.79,TRANSFER_P2P,SUCCESS,CARD,SCEN_LEGIT_BASELINE,LEGITIMATE,legitimate
TXN_00000819,ACC_000045,,MER_000032,DEV_000014,IP_000082,2026-02-07T23:20:39,463.7,PAYMENT_P2M,SUCCESS,UPI,SCEN_LEGIT_BASELINE,LEGITIMATE,legitimate
TXN_00001054,ACC_000076,,MER_000028,DEV_000077,IP_000064,2026-02-07T23:23:27,1085.05,PAYMENT_P2M,SUCCESS,UPI,SCEN_LEGIT_BASELINE,LEGITIMATE,legitimate
TXN_00001224,ACC_000012,,MER_000036,DEV_000062,IP_000013,2026-02-07T23:43:10,207.44,PAYMENT_P2M,SUCCESS,NETBANKING,SCEN_LEGIT_BASELINE,LEGITIMATE,legitimate
TXN_00000746,ACC_000104,,MER_000034,DEV_000070,IP_000120,2026-02-07T23:51:03,1072.74,PAYMENT_P2M,SUCCESS,NETBANKING,SCEN_LEGIT_BASELINE,LEGITIMATE,legitimate
TXN_00001705,ACC_000301,BEN_000020,,DEV_000062,IP_000072,2026-02-08T01:54:36,251.35,TRANSFER_P2P,SUCCESS,UPI,SCEN_LEGIT_BASELINE,LEGITIMATE,legitimate
TXN_00001113,ACC_000348,,MER_000009,DEV_000035,IP_000085,2026-02-08T08:07:52,1186.87,PAYMENT_P2M,SUCCESS,UPI,SCEN_LEGIT_BASELINE,LEGITIMATE,legitimate
TXN_00001335,ACC_000156,,MER_000010,DEV_000037,IP_000050,2026-02-08T09:21:46,164.61,PAYMENT_P2M,SUCCESS,UPI,SCEN_LEGIT_BASELINE,LEGITIMATE,legitimate
TXN_00001123,ACC_000136,,MER_000013,DEV_000055,IP_000063,2026-02-08T13:18:33,199.5,PAYMENT_P2M,SUCCESS,UPI,SCEN_LEGIT_BASELINE,LEGITIMATE,legitimate
TXN_00001678,ACC_000142,BEN_000090,,DEV_000048,IP_000133,2026-02-08T13:57:00,1325.6,TRANSFER_P2P,SUCCESS,CARD,SCEN_LEGIT_BASELINE,LEGITIMATE,legitimate
TXN_00001991,ACC_000410,,MER_000037,DEV_000063,IP_000126,2026-02-08T14:07:52,2067.71,PAYMENT_P2M,SUCCESS,NETBANKING,SCEN_LEGIT_BASELINE,LEGITIMATE,legitimate
TXN_00000686,ACC_000428,BEN_000073,,DEV_000046,IP_000063,2026-02-08T14:08:25,350.31,TRANSFER_P2P,SUCCESS,NETBANKING,SCEN_LEGIT_BASELINE,LEGITIMATE,legitimate
TXN_00001580,ACC_000359,,MER_000002,DEV_000013,IP_000139,2026-02-08T14:26:28,2067.06,PAYMENT_P2M,SUCCESS,UPI,SCEN_LEGIT_BASELINE,LEGITIMATE,legitimate
TXN_00001598,ACC_000346,BEN_000085,,DEV_000077,IP_000074,2026-02-08T14:49:15,2922.67,TRANSFER_P2P,SUCCESS,UPI,SCEN_LEGIT_BASELINE,LEGITIMATE,legitimate
TXN_00001690,ACC_000277,BEN_000081,,DEV_000092,IP_000016,2026-02-08T15:10:26,894.79,TRANSFER_P2P,SUCCESS,UPI,SCEN_LEGIT_BASELINE,LEGITIMATE,legitimate
TXN_00001394,ACC_000003,,MER_000020,DEV_000090,IP_000122,2026-02-08T15:42:57,319.02,PAYMENT_P2M,SUCCESS,UPI,SCEN_LEGIT_BASELINE,LEGITIMATE,legitimate
TXN_00000299,ACC_000344,,MER_000040,DEV_000023,IP_000049,2026-02-08T16:01:59,3500.0,PAYMENT_P2M,SUCCESS,NETBANKING,SCEN_LOOKALIKE_004,LEGITIMATE_LOOKALIKE,legitimate
TXN_00001616,ACC_000311,,MER_000041,DEV_000058,IP_000143,2026-02-08T16:07:47,1846.75,PAYMENT_P2M,SUCCESS,UPI,SCEN_LEGIT_BASELINE,LEGITIMATE,legitimate
TXN_00001573,ACC_000241,,MER_000043,DEV_000079,IP_000062,2026-02-08T16:28:48,3053.69,PAYMENT_P2M,SUCCESS,CARD,SCEN_LEGIT_BASELINE,LEGITIMATE,legitimate
TXN_00000775,ACC_000303,BEN_000062,,DEV_000034,IP_000058,2026-02-08T16:46:20,1039.1,TRANSFER_P2P,SUCCESS,CARD,SCEN_LEGIT_BASELINE,LEGITIMATE,legitimate
TXN_00001374,ACC_000009,,MER_000016,DEV_000071,IP_000068,2026-02-08T16:48:38,460.62,PAYMENT_P2M,SUCCESS,UPI,SCEN_LEGIT_BASELINE,LEGITIMATE,legitimate
TXN_00001978,ACC_000460,BEN_000062,,DEV_000081,IP_000085,2026-02-08T17:05:00,459.48,TRANSFER_P2P,SUCCESS,UPI,SCEN_LEGIT_BASELINE,LEGITIMATE,legitimate
TXN_00001311,ACC_000330,,MER_000035,DEV_000003,IP_000091,2026-02-08T17:31:50,1061.76,PAYMENT_P2M,SUCCESS,UPI,SCEN_LEGIT_BASELINE,LEGITIMATE,legitimate
TXN_00001095,ACC_000363,BEN_000067,,DEV_000100,IP_000100,2026-02-08T19:41:19,649.76,TRANSFER_P2P,SUCCESS,UPI,SCEN_LEGIT_BASELINE,LEGITIMATE,legitimate
TXN_00001716,ACC_000339,,MER_000029,DEV_000069,IP_000033,2026-02-08T19:58:23,142.83,PAYMENT_P2M,SUCCESS,NETBANKING,SCEN_LEGIT_BASELINE,LEGITIMATE,legitimate
TXN_00001167,ACC_000484,,MER_000018,DEV_000082,IP_000040,2026-02-08T20:23:16,55.72,PAYMENT_P2M,SUCCESS,UPI,SCEN_LEGIT_BASELINE,LEGITIMATE,legitimate
TXN_00001955,ACC_000227,,MER_000043,DEV_000069,IP_000104,2026-02-08T20:53:35,268.67,PAYMENT_P2M,SUCCESS,CARD,SCEN_LEGIT_BASELINE,LEGITIMATE,legitimate
TXN_00001987,ACC_000465,BEN_000038,,DEV_000052,IP_000059,2026-02-08T22:11:24,519.14,TRANSFER_P2P,SUCCESS,CARD,SCEN_LEGIT_BASELINE,LEGITIMATE,legitimate
TXN_00001894,ACC_000363,BEN_000026,,DEV_000072,IP_000115,2026-02-08T22:29:07,1029.57,TRANSFER_P2P,SUCCESS,NETBANKING,SCEN_LEGIT_BASELINE,LEGITIMATE,legitimate
TXN_00000677,ACC_000195,,MER_000003,DEV_000092,IP_000012,2026-02-08T23:26:47,2835.33,PAYMENT_P2M,SUCCESS,CARD,SCEN_LEGIT_BASELINE,LEGITIMATE,legitimate
TXN_00001744,ACC_000371,BEN_000095,,DEV_000079,IP_000046,2026-02-09T01:04:21,693.37,TRANSFER_P2P,SUCCESS,UPI,SCEN_LEGIT_BASELINE,LEGITIMATE,legitimate
TXN_00001472,ACC_000387,,MER_000003,DEV_000071,IP_000113,2026-02-09T01:26:02,1126.41,PAYMENT_P2M,SUCCESS,UPI,SCEN_LEGIT_BASELINE,LEGITIMATE,legitimate
TXN_00001396,ACC_000288,BEN_000077,,DEV_000003,IP_000072,2026-02-09T01:39:29,945.18,TRANSFER_P2P,SUCCESS,UPI,SCEN_LEGIT_BASELINE,LEGITIMATE,legitimate
TXN_00001181,ACC_000266,,MER_000018,DEV_000092,IP_000094,2026-02-09T02:37:21,540.54,PAYMENT_P2M,SUCCESS,CARD,SCEN_LEGIT_BASELINE,LEGITIMATE,legitimate
TXN_00000355,ACC_000393,,MER_000010,DEV_000023,IP_000078,2026-02-09T02:50:22,144.27,PAYMENT_P2M,SUCCESS,CARD,SCEN_LEGIT_BASELINE,LEGITIMATE,legitimate
TXN_00001519,ACC_000332,BEN_000050,,DEV_000075,IP_000114,2026-02-09T03:14:33,1633.85,TRANSFER_P2P,SUCCESS,UPI,SCEN_LEGIT_BASELINE,LEGITIMATE,legitimate
TXN_00001806,ACC_000232,BEN_000010,,DEV_000034,IP_000003,2026-02-09T03:49:48,1058.2,TRANSFER_P2P,SUCCESS,CARD,SCEN_LEGIT_BASELINE,LEGITIMATE,legitimate
TXN_00001185,ACC_000151,,MER_000046,DEV_000055,IP_000099,2026-02-09T04:21:40,373.85,PAYMENT_P2M,SUCCESS,UPI,SCEN_LEGIT_BASELINE,LEGITIMATE,legitimate
TXN_00001342,ACC_000404,,MER_000038,DEV_000063,IP_000042,2026-02-09T04:51:41,1198.74,PAYMENT_P2M,SUCCESS,UPI,SCEN_LEGIT_BASELINE,LEGITIMATE,legitimate
TXN_00001363,ACC_000169,,MER_000013,DEV_000100,IP_000065,2026-02-09T05:58:21,64.08,PAYMENT_P2M,SUCCESS,UPI,SCEN_LEGIT_BASELINE,LEGITIMATE,legitimate
TXN_00000675,ACC_000097,,MER_000022,DEV_000074,IP_000049,2026-02-09T06:40:57,1118.06,PAYMENT_P2M,SUCCESS,UPI,SCEN_LEGIT_BASELINE,LEGITIMATE,legitimate
TXN_00000803,ACC_000328,,MER_000006,DEV_000038,IP_000143,2026-02-09T07:30:07,930.01,PAYMENT_P2M,SUCCESS,UPI,SCEN_LEGIT_BASELINE,LEGITIMATE,legitimate
TXN_00001770,ACC_000452,BEN_000089,,DEV_000001,IP_000055,2026-02-09T08:12:04,2214.82,TRANSFER_P2P,SUCCESS,UPI,SCEN_LEGIT_BASELINE,LEGITIMATE,legitimate
TXN_00001046,ACC_000368,,MER_000019,DEV_000097,IP_000054,2026-02-09T09:44:00,240.24,PAYMENT_P2M,SUCCESS,UPI,SCEN_LEGIT_BASELINE,LEGITIMATE,legitimate
TXN_00000673,ACC_000075,,MER_000021,DEV_000001,IP_000028,2026-02-09T10:06:31,879.93,PAYMENT_P2M,SUCCESS,NETBANKING,SCEN_LEGIT_BASELINE,LEGITIMATE,legitimate
TXN_00001435,ACC_000389,,MER_000043,DEV_000043,IP_000133,2026-02-09T10:12:37,546.65,PAYMENT_P2M,SUCCESS,UPI,SCEN_LEGIT_BASELINE,LEGITIMATE,legitimate
TXN_00000895,ACC_000339,BEN_000001,,DEV_000069,IP_000120,2026-02-09T10:20:24,1378.95,TRANSFER_P2P,SUCCESS,UPI,SCEN_LEGIT_BASELINE,LEGITIMATE,legitimate
TXN_00000244,ACC_000127,,MER_000018,DEV_000010,IP_000032,2026-02-09T11:35:04,5000.0,PAYMENT_P2M,SUCCESS,UPI,SCEN_LOOKALIKE_001,LEGITIMATE_LOOKALIKE,legitimate
TXN_00000528,ACC_000036,,MER_000029,DEV_000077,IP_000102,2026-02-09T11:55:11,1317.5,PAYMENT_P2M,SUCCESS,UPI,SCEN_LEGIT_BASELINE,LEGITIMATE,legitimate
TXN_00000252,ACC_000472,,MER_000048,DEV_000066,IP_000032,2026-02-09T13:30:46,450.0,PAYMENT_P2M,SUCCESS,NETBANKING,SCEN_LOOKALIKE_001,LEGITIMATE_LOOKALIKE,legitimate
TXN_00000649,ACC_000437,BEN_000085,,DEV_000046,IP_000082,2026-02-09T13:45:46,1176.43,TRANSFER_P2P,SUCCESS,NETBANKING,SCEN_LEGIT_BASELINE,LEGITIMATE,legitimate
TXN_00001775,ACC_000350,,MER_000045,DEV_000048,IP_000123,2026-02-09T14:42:17,117.61,PAYMENT_P2M,SUCCESS,CARD,SCEN_LEGIT_BASELINE,LEGITIMATE,legitimate
TXN_00000574,ACC_000008,,MER_000026,DEV_000021,IP_000120,2026-02-09T14:42:25,1500.2,PAYMENT_P2M,SUCCESS,NETBANKING,SCEN_LEGIT_BASELINE,LEGITIMATE,legitimate
TXN_00000343,ACC_000045,BEN_000084,,DEV_000014,IP_000082,2026-02-09T15:04:58,282.85,TRANSFER_P2P,SUCCESS,UPI,SCEN_LEGIT_BASELINE,LEGITIMATE,legitimate
TXN_00001511,ACC_000431,,MER_000015,DEV_000077,IP_000016,2026-02-09T15:30:30,1199.04,PAYMENT_P2M,SUCCESS,UPI,SCEN_LEGIT_BASELINE,LEGITIMATE,legitimate
TXN_00001357,ACC_000419,BEN_000059,,DEV_000036,IP_000124,2026-02-09T16:05:16,1217.31,TRANSFER_P2P,SUCCESS,UPI,SCEN_LEGIT_BASELINE,LEGITIMATE,legitimate
TXN_00001097,ACC_000418,BEN_000022,,DEV_000088,IP_000024,2026-02-09T16:19:32,5911.93,TRANSFER_P2P,SUCCESS,NETBANKING,SCEN_LEGIT_BASELINE,LEGITIMATE,legitimate
TXN_00001039,ACC_000226,BEN_000024,,DEV_000030,IP_000091,2026-02-09T16:39:24,832.78,TRANSFER_P2P,SUCCESS,NETBANKING,SCEN_LEGIT_BASELINE,LEGITIMATE,legitimate
TXN_00001219,ACC_000057,,MER_000026,DEV_000037,IP_000086,2026-02-09T16:57:16,2099.59,PAYMENT_P2M,SUCCESS,CARD,SCEN_LEGIT_BASELINE,LEGITIMATE,legitimate
TXN_00000446,ACC_000325,,MER_000008,DEV_000100,IP_000041,2026-02-09T17:30:18,1785.03,PAYMENT_P2M,SUCCESS,CARD,SCEN_LEGIT_BASELINE,LEGITIMATE,legitimate
TXN_00001836,ACC_000469,BEN_000090,,DEV_000001,IP_000095,2026-02-09T18:09:11,1177.04,TRANSFER_P2P,SUCCESS,NETBANKING,SCEN_LEGIT_BASELINE,LEGITIMATE,legitimate
TXN_00001310,ACC_000431,BEN_000005,,DEV_000077,IP_000122,2026-02-09T18:10:49,2089.34,TRANSFER_P2P,SUCCESS,CARD,SCEN_LEGIT_BASELINE,LEGITIMATE,legitimate
TXN_00001322,ACC_000075,,MER_000017,DEV_000001,IP_000028,2026-02-09T18:32:46,1048.39,PAYMENT_P2M,SUCCESS,UPI,SCEN_LEGIT_BASELINE,LEGITIMATE,legitimate
TXN_00001346,ACC_000500,,MER_000021,DEV_000082,IP_000058,2026-02-09T18:59:30,225.43,PAYMENT_P2M,SUCCESS,UPI,SCEN_LEGIT_BASELINE,LEGITIMATE,legitimate
TXN_00001683,ACC_000460,,MER_000001,DEV_000081,IP_000085,2026-02-09T20:24:39,510.92,PAYMENT_P2M,SUCCESS,UPI,SCEN_LEGIT_BASELINE,LEGITIMATE,legitimate
TXN_00000391,ACC_000132,,MER_000033,DEV_000025,IP_000058,2026-02-09T22:29:00,204.28,PAYMENT_P2M,SUCCESS,UPI,SCEN_LEGIT_BASELINE,LEGITIMATE,legitimate
TXN_00000956,ACC_000132,BEN_000021,,DEV_000025,IP_000058,2026-02-09T23:04:39,356.89,TRANSFER_P2P,SUCCESS,NETBANKING,SCEN_LEGIT_BASELINE,LEGITIMATE,legitimate
TXN_00001174,ACC_000496,,MER_000039,DEV_000003,IP_000112,2026-02-10T00:31:31,579.94,PAYMENT_P2M,SUCCESS,NETBANKING,SCEN_LEGIT_BASELINE,LEGITIMATE,legitimate
TXN_00001590,ACC_000049,BEN_000028,,DEV_000083,IP_000142,2026-02-10T03:02:43,2292.3,TRANSFER_P2P,SUCCESS,UPI,SCEN_LEGIT_BASELINE,LEGITIMATE,legitimate
TXN_00001362,ACC_000150,,MER_000021,DEV_000064,IP_000105,2026-02-10T03:07:05,122.27,PAYMENT_P2M,SUCCESS,UPI,SCEN_LEGIT_BASELINE,LEGITIMATE,legitimate
TXN_00000448,ACC_000025,BEN_000087,,DEV_000037,IP_000138,2026-02-10T05:04:53,1246.99,TRANSFER_P2P,SUCCESS,NETBANKING,SCEN_LEGIT_BASELINE,LEGITIMATE,legitimate
TXN_00000724,ACC_000035,,MER_000043,DEV_000040,IP_000039,2026-02-10T05:54:04,825.11,PAYMENT_P2M,SUCCESS,UPI,SCEN_LEGIT_BASELINE,LEGITIMATE,legitimate
TXN_00000618,ACC_000191,,MER_000028,DEV_000021,IP_000020,2026-02-10T06:02:24,101.12,PAYMENT_P2M,SUCCESS,UPI,SCEN_LEGIT_BASELINE,LEGITIMATE,legitimate
TXN_00001841,ACC_000432,,MER_000036,DEV_000061,IP_000020,2026-02-10T06:11:56,1138.41,PAYMENT_P2M,SUCCESS,CARD,SCEN_LEGIT_BASELINE,LEGITIMATE,legitimate
TXN_00001002,ACC_000062,BEN_000099,,DEV_000018,IP_000118,2026-02-10T06:19:26,739.33,TRANSFER_P2P,SUCCESS,UPI,SCEN_LEGIT_BASELINE,LEGITIMATE,legitimate
TXN_00000728,ACC_000384,BEN_000036,,DEV_000030,IP_000028,2026-02-10T06:53:05,110.65,TRANSFER_P2P,SUCCESS,CARD,SCEN_LEGIT_BASELINE,LEGITIMATE,legitimate
TXN_00000444,ACC_000450,,MER_000026,DEV_000065,IP_000070,2026-02-10T07:15:16,204.21,PAYMENT_P2M,SUCCESS,NETBANKING,SCEN_LEGIT_BASELINE,LEGITIMATE,legitimate
TXN_00000527,ACC_000304,,MER_000023,DEV_000001,IP_000065,2026-02-10T07:32:23,2235.72,PAYMENT_P2M,SUCCESS,NETBANKING,SCEN_LEGIT_BASELINE,LEGITIMATE,legitimate
TXN_00001057,ACC_000217,,MER_000006,DEV_000098,IP_000021,2026-02-10T09:54:12,1900.25,PAYMENT_P2M,SUCCESS,CARD,SCEN_LEGIT_BASELINE,LEGITIMATE,legitimate
TXN_00000550,ACC_000159,BEN_000003,,DEV_000072,IP_000010,2026-02-10T10:10:11,1276.81,TRANSFER_P2P,SUCCESS,UPI,SCEN_LEGIT_BASELINE,LEGITIMATE,legitimate
TXN_00001281,ACC_000035,BEN_000055,,DEV_000040,IP_000043,2026-02-10T11:37:52,1707.61,TRANSFER_P2P,SUCCESS,CARD,SCEN_LEGIT_BASELINE,LEGITIMATE,legitimate
TXN_00000893,ACC_000028,,MER_000011,DEV_000031,IP_000113,2026-02-10T12:02:48,1600.58,PAYMENT_P2M,SUCCESS,CARD,SCEN_LEGIT_BASELINE,LEGITIMATE,legitimate
TXN_00000846,ACC_000470,,MER_000039,DEV_000061,IP_000037,2026-02-10T14:15:50,481.27,PAYMENT_P2M,SUCCESS,NETBANKING,SCEN_LEGIT_BASELINE,LEGITIMATE,legitimate
TXN_00001096,ACC_000277,,MER_000039,DEV_000092,IP_000016,2026-02-10T15:36:40,578.72,PAYMENT_P2M,SUCCESS,UPI,SCEN_LEGIT_BASELINE,LEGITIMATE,legitimate
TXN_00001761,ACC_000494,,MER_000013,DEV_000056,IP_000130,2026-02-10T16:44:32,125.55,PAYMENT_P2M,SUCCESS,NETBANKING,SCEN_LEGIT_BASELINE,LEGITIMATE,legitimate
TXN_00001810,ACC_000188,BEN_000028,,DEV_000032,IP_000037,2026-02-10T16:49:11,79.17,TRANSFER_P2P,SUCCESS,UPI,SCEN_LEGIT_BASELINE,LEGITIMATE,legitimate
TXN_00001747,ACC_000117,,MER_000013,DEV_000047,IP_000059,2026-02-10T17:14:20,4842.69,PAYMENT_P2M,SUCCESS,UPI,SCEN_LEGIT_BASELINE,LEGITIMATE,legitimate
TXN_00001943,ACC_000342,,MER_000016,DEV_000078,IP_000109,2026-02-10T17:34:21,110.22,PAYMENT_P2M,SUCCESS,NETBANKING,SCEN_LEGIT_BASELINE,LEGITIMATE,legitimate
TXN_00001922,ACC_000140,,MER_000042,DEV_000024,IP_000029,2026-02-10T17:50:29,3279.21,PAYMENT_P2M,SUCCESS,NETBANKING,SCEN_LEGIT_BASELINE,LEGITIMATE,legitimate
TXN_00001162,ACC_000356,,MER_000032,DEV_000091,IP_000011,2026-02-10T20:25:42,329.99,PAYMENT_P2M,SUCCESS,CARD,SCEN_LEGIT_BASELINE,LEGITIMATE,legitimate
TXN_00000942,ACC_000445,BEN_000077,,DEV_000002,IP_000114,2026-02-10T21:12:10,78.69,TRANSFER_P2P,SUCCESS,CARD,SCEN_LEGIT_BASELINE,LEGITIMATE,legitimate
TXN_00001829,ACC_000238,BEN_000005,,DEV_000021,IP_000029,2026-02-10T21:16:26,340.69,TRANSFER_P2P,SUCCESS,CARD,SCEN_LEGIT_BASELINE,LEGITIMATE,legitimate
TXN_00001724,ACC_000322,BEN_000003,,DEV_000030,IP_000043,2026-02-10T21:45:43,483.44,TRANSFER_P2P,SUCCESS,CARD,SCEN_LEGIT_BASELINE,LEGITIMATE,legitimate
TXN_00001665,ACC_000422,,MER_000041,DEV_000094,IP_000054,2026-02-10T22:29:39,1056.48,PAYMENT_P2M,SUCCESS,CARD,SCEN_LEGIT_BASELINE,LEGITIMATE,legitimate
TXN_00001317,ACC_000104,,MER_000032,DEV_000041,IP_000120,2026-02-10T22:46:37,2334.2,PAYMENT_P2M,SUCCESS,CARD,SCEN_LEGIT_BASELINE,LEGITIMATE,legitimate
TXN_00001382,ACC_000070,,MER_000005,DEV_000095,IP_000122,2026-02-10T23:19:46,157.94,PAYMENT_P2M,SUCCESS,NETBANKING,SCEN_LEGIT_BASELINE,LEGITIMATE,legitimate
TXN_00001623,ACC_000048,,MER_000009,DEV_000015,IP_000035,2026-02-11T00:22:07,1123.99,PAYMENT_P2M,SUCCESS,CARD,SCEN_LEGIT_BASELINE,LEGITIMATE,legitimate
TXN_00001391,ACC_000480,,MER_000019,DEV_000025,IP_000098,2026-02-11T00:25:08,480.52,PAYMENT_P2M,SUCCESS,UPI,SCEN_LEGIT_BASELINE,LEGITIMATE,legitimate
TXN_00001351,ACC_000441,,MER_000014,DEV_000083,IP_000118,2026-02-11T00:47:45,1499.78,PAYMENT_P2M,SUCCESS,UPI,SCEN_LEGIT_BASELINE,LEGITIMATE,legitimate
TXN_00000923,ACC_000091,,MER_000005,DEV_000033,IP_000123,2026-02-11T01:22:27,1298.35,PAYMENT_P2M,SUCCESS,NETBANKING,SCEN_LEGIT_BASELINE,LEGITIMATE,legitimate
TXN_00000523,ACC_000346,BEN_000089,,DEV_000077,IP_000074,2026-02-11T01:37:24,791.66,TRANSFER_P2P,SUCCESS,CARD,SCEN_LEGIT_BASELINE,LEGITIMATE,legitimate
TXN_00001407,ACC_000211,BEN_000027,,DEV_000016,IP_000087,2026-02-11T01:42:19,251.92,TRANSFER_P2P,SUCCESS,UPI,SCEN_LEGIT_BASELINE,LEGITIMATE,legitimate
TXN_00001443,ACC_000427,BEN_000017,,DEV_000098,IP_000122,2026-02-11T01:59:43,1900.71,TRANSFER_P2P,SUCCESS,UPI,SCEN_LEGIT_BASELINE,LEGITIMATE,legitimate
TXN_00000674,ACC_000020,,MER_000016,DEV_000078,IP_000127,2026-02-11T02:32:33,2416.71,PAYMENT_P2M,SUCCESS,CARD,SCEN_LEGIT_BASELINE,LEGITIMATE,legitimate
TXN_00000351,ACC_000244,,MER_000046,DEV_000056,IP_000012,2026-02-11T02:40:47,4312.32,PAYMENT_P2M,SUCCESS,UPI,SCEN_LEGIT_BASELINE,LEGITIMATE,legitimate
TXN_00001746,ACC_000479,,MER_000050,DEV_000022,IP_000101,2026-02-11T03:32:04,1436.45,PAYMENT_P2M,SUCCESS,NETBANKING,SCEN_LEGIT_BASELINE,LEGITIMATE,legitimate
TXN_00000706,ACC_000188,,MER_000037,DEV_000032,IP_000037,2026-02-11T04:10:17,102.83,PAYMENT_P2M,SUCCESS,UPI,SCEN_LEGIT_BASELINE,LEGITIMATE,legitimate
TXN_00001353,ACC_000166,,MER_000044,DEV_000077,IP_000067,2026-02-11T05:49:40,763.74,PAYMENT_P2M,SUCCESS,UPI,SCEN_LEGIT_BASELINE,LEGITIMATE,legitimate
TXN_00001669,ACC_000226,,MER_000034,DEV_000030,IP_000091,2026-02-11T05:53:18,2120.53,PAYMENT_P2M,SUCCESS,UPI,SCEN_LEGIT_BASELINE,LEGITIMATE,legitimate
TXN_00001015,ACC_000161,,MER_000038,DEV_000033,IP_000126,2026-02-11T06:42:33,2118.53,PAYMENT_P2M,SUCCESS,UPI,SCEN_LEGIT_BASELINE,LEGITIMATE,legitimate
TXN_00000501,ACC_000289,,MER_000034,DEV_000074,IP_000102,2026-02-11T07:36:48,721.01,PAYMENT_P2M,SUCCESS,UPI,SCEN_LEGIT_BASELINE,LEGITIMATE,legitimate
TXN_00000757,ACC_000363,,MER_000027,DEV_000072,IP_000115,2026-02-11T09:14:48,1249.9,PAYMENT_P2M,SUCCESS,CARD,SCEN_LEGIT_BASELINE,LEGITIMATE,legitimate
TXN_00001952,ACC_000176,BEN_000051,,DEV_000080,IP_000134,2026-02-11T09:35:54,733.38,TRANSFER_P2P,SUCCESS,UPI,SCEN_LEGIT_BASELINE,LEGITIMATE,legitimate
TXN_00001693,ACC_000109,,MER_000016,DEV_000008,IP_000139,2026-02-11T11:13:52,892.67,PAYMENT_P2M,SUCCESS,NETBANKING,SCEN_LEGIT_BASELINE,LEGITIMATE,legitimate
TXN_00001153,ACC_000477,BEN_000095,,DEV_000018,IP_000089,2026-02-11T11:47:07,1170.82,TRANSFER_P2P,SUCCESS,UPI,SCEN_LEGIT_BASELINE,LEGITIMATE,legitimate
TXN_00001947,ACC_000137,,MER_000012,DEV_000083,IP_000085,2026-02-11T12:00:11,1763.9,PAYMENT_P2M,SUCCESS,UPI,SCEN_LEGIT_BASELINE,LEGITIMATE,legitimate
TXN_00001197,ACC_000334,BEN_000015,,DEV_000032,IP_000051,2026-02-11T12:54:54,100.34,TRANSFER_P2P,SUCCESS,UPI,SCEN_LEGIT_BASELINE,LEGITIMATE,legitimate
TXN_00001703,ACC_000324,,MER_000027,DEV_000011,IP_000118,2026-02-11T13:49:10,727.73,PAYMENT_P2M,SUCCESS,NETBANKING,SCEN_LEGIT_BASELINE,LEGITIMATE,legitimate
TXN_00000445,ACC_000186,,MER_000041,DEV_000047,IP_000099,2026-02-11T14:07:20,1206.52,PAYMENT_P2M,SUCCESS,UPI,SCEN_LEGIT_BASELINE,LEGITIMATE,legitimate
TXN_00000364,ACC_000052,,MER_000040,DEV_000025,IP_000081,2026-02-11T14:30:08,111.42,PAYMENT_P2M,SUCCESS,CARD,SCEN_LEGIT_BASELINE,LEGITIMATE,legitimate
TXN_00000844,ACC_000289,,MER_000033,DEV_000087,IP_000027,2026-02-11T14:43:04,3262.1,PAYMENT_P2M,SUCCESS,NETBANKING,SCEN_LEGIT_BASELINE,LEGITIMATE,legitimate
TXN_00001119,ACC_000210,,MER_000046,DEV_000025,IP_000029,2026-02-11T15:18:35,2820.67,PAYMENT_P2M,SUCCESS,UPI,SCEN_LEGIT_BASELINE,LEGITIMATE,legitimate
TXN_00000871,ACC_000313,BEN_000042,,DEV_000032,IP_000140,2026-02-11T15:28:08,161.47,TRANSFER_P2P,SUCCESS,CARD,SCEN_LEGIT_BASELINE,LEGITIMATE,legitimate
TXN_00001523,ACC_000039,,MER_000027,DEV_000070,IP_000034,2026-02-11T15:28:57,2471.53,PAYMENT_P2M,SUCCESS,NETBANKING,SCEN_LEGIT_BASELINE,LEGITIMATE,legitimate
TXN_00001288,ACC_000308,,MER_000025,DEV_000060,IP_000004,2026-02-11T15:58:51,2082.88,PAYMENT_P2M,SUCCESS,UPI,SCEN_LEGIT_BASELINE,LEGITIMATE,legitimate
TXN_00000349,ACC_000217,,MER_000006,DEV_000012,IP_000087,2026-02-11T17:53:31,2616.79,PAYMENT_P2M,SUCCESS,CARD,SCEN_LEGIT_BASELINE,LEGITIMATE,legitimate
TXN_00001454,ACC_000070,BEN_000018,,DEV_000095,IP_000068,2026-02-11T18:01:58,2827.36,TRANSFER_P2P,SUCCESS,NETBANKING,SCEN_LEGIT_BASELINE,LEGITIMATE,legitimate
TXN_00000470,ACC_000242,,MER_000007,DEV_000077,IP_000049,2026-02-11T18:42:06,939.17,PAYMENT_P2M,SUCCESS,NETBANKING,SCEN_LEGIT_BASELINE,LEGITIMATE,legitimate
TXN_00001625,ACC_000427,BEN_000003,,DEV_000015,IP_000122,2026-02-11T20:36:51,694.76,TRANSFER_P2P,SUCCESS,CARD,SCEN_LEGIT_BASELINE,LEGITIMATE,legitimate
TXN_00000928,ACC_000308,,MER_000015,DEV_000081,IP_000018,2026-02-11T21:56:47,1203.8,PAYMENT_P2M,SUCCESS,CARD,SCEN_LEGIT_BASELINE,LEGITIMATE,legitimate
TXN_00001510,ACC_000210,,MER_000005,DEV_000025,IP_000138,2026-02-11T22:37:59,1223.77,PAYMENT_P2M,SUCCESS,UPI,SCEN_LEGIT_BASELINE,LEGITIMATE,legitimate
TXN_00000304,ACC_000476,BEN_000100,,DEV_000022,IP_000018,2026-02-12T00:52:58,450.0,TRANSFER_P2P,SUCCESS,NETBANKING,SCEN_LOOKALIKE_005,LEGITIMATE_LOOKALIKE,legitimate
TXN_00001005,ACC_000322,,MER_000037,DEV_000030,IP_000129,2026-02-12T01:19:54,1109.8,PAYMENT_P2M,SUCCESS,NETBANKING,SCEN_LEGIT_BASELINE,LEGITIMATE,legitimate
TXN_00000560,ACC_000028,,MER_000012,DEV_000031,IP_000113,2026-02-12T01:29:45,426.37,PAYMENT_P2M,SUCCESS,UPI,SCEN_LEGIT_BASELINE,LEGITIMATE,legitimate
TXN_00000293,ACC_000005,,MER_000037,DEV_000080,IP_000049,2026-02-12T02:40:59,1250.0,PAYMENT_P2M,SUCCESS,UPI,SCEN_LOOKALIKE_004,LEGITIMATE_LOOKALIKE,legitimate
TXN_00000939,ACC_000362,,MER_000029,DEV_000028,IP_000071,2026-02-12T03:01:16,101.96,PAYMENT_P2M,SUCCESS,UPI,SCEN_LEGIT_BASELINE,LEGITIMATE,legitimate
TXN_00000898,ACC_000290,,MER_000040,DEV_000088,IP_000059,2026-02-12T03:17:51,206.21,PAYMENT_P2M,SUCCESS,NETBANKING,SCEN_LEGIT_BASELINE,LEGITIMATE,legitimate
TXN_00001133,ACC_000404,,MER_000028,DEV_000062,IP_000109,2026-02-12T03:36:51,4310.24,PAYMENT_P2M,SUCCESS,NETBANKING,SCEN_LEGIT_BASELINE,LEGITIMATE,legitimate
TXN_00000381,ACC_000019,BEN_000048,,DEV_000061,IP_000134,2026-02-12T03:58:03,1254.04,TRANSFER_P2P,SUCCESS,NETBANKING,SCEN_LEGIT_BASELINE,LEGITIMATE,legitimate
TXN_00001456,ACC_000406,BEN_000043,,DEV_000052,IP_000146,2026-02-12T04:10:33,882.59,TRANSFER_P2P,SUCCESS,UPI,SCEN_LEGIT_BASELINE,LEGITIMATE,legitimate
TXN_00000388,ACC_000225,,MER_000015,DEV_000056,IP_000059,2026-02-12T04:21:51,224.46,PAYMENT_P2M,SUCCESS,UPI,SCEN_LEGIT_BASELINE,LEGITIMATE,legitimate
TXN_00000600,ACC_000125,BEN_000084,,DEV_000048,IP_000143,2026-02-12T05:05:47,680.68,TRANSFER_P2P,SUCCESS,UPI,SCEN_LEGIT_BASELINE,LEGITIMATE,legitimate
TXN_00000683,ACC_000393,,MER_000028,DEV_000014,IP_000078,2026-02-12T05:41:15,882.37,PAYMENT_P2M,SUCCESS,UPI,SCEN_LEGIT_BASELINE,LEGITIMATE,legitimate
TXN_00000176,ACC_000034,BEN_000051,,DEV_000013,IP_000019,2026-02-12T06:19:42,99500.0,TRANSFER_P2P,SUCCESS,IMPS,SCEN_COMBINED_RING_001,COMBINED_RING,ring
TXN_00000669,ACC_000406,BEN_000063,,DEV_000052,IP_000146,2026-02-12T06:19:53,4439.75,TRANSFER_P2P,SUCCESS,NETBANKING,SCEN_LEGIT_BASELINE,LEGITIMATE,legitimate
TXN_00000177,ACC_000034,BEN_000051,,DEV_000013,IP_000019,2026-02-12T06:20:03,49500.0,TRANSFER_P2P,SUCCESS,IMPS,SCEN_COMBINED_RING_001,COMBINED_RING,ring
TXN_00000178,ACC_000034,BEN_000051,,DEV_000013,IP_000019,2026-02-12T06:20:22,99500.0,TRANSFER_P2P,SUCCESS,IMPS,SCEN_COMBINED_RING_001,COMBINED_RING,ring
TXN_00000179,ACC_000209,BEN_000051,,DEV_000013,IP_000019,2026-02-12T06:21:29,49999.0,TRANSFER_P2P,SUCCESS,IMPS,SCEN_COMBINED_RING_001,COMBINED_RING,ring
TXN_00000180,ACC_000209,BEN_000051,,DEV_000013,IP_000019,2026-02-12T06:22:05,49500.0,TRANSFER_P2P,SUCCESS,IMPS,SCEN_COMBINED_RING_001,COMBINED_RING,ring
TXN_00000181,ACC_000209,BEN_000051,,DEV_000013,IP_000019,2026-02-12T06:22:18,99500.0,TRANSFER_P2P,SUCCESS,IMPS,SCEN_COMBINED_RING_001,COMBINED_RING,ring
TXN_00000182,ACC_000209,BEN_000051,,DEV_000013,IP_000019,2026-02-12T06:22:46,99500.0,TRANSFER_P2P,SUCCESS,IMPS,SCEN_COMBINED_RING_001,COMBINED_RING,ring
TXN_00000183,ACC_000172,BEN_000051,,DEV_000013,IP_000019,2026-02-12T06:23:42,49500.0,TRANSFER_P2P,SUCCESS,IMPS,SCEN_COMBINED_RING_001,COMBINED_RING,ring
TXN_00000184,ACC_000172,BEN_000051,,DEV_000013,IP_000019,2026-02-12T06:23:58,49000.0,TRANSFER_P2P,SUCCESS,IMPS,SCEN_COMBINED_RING_001,COMBINED_RING,ring
TXN_00000185,ACC_000172,BEN_000051,,DEV_000013,IP_000019,2026-02-12T06:24:23,99500.0,TRANSFER_P2P,SUCCESS,IMPS,SCEN_COMBINED_RING_001,COMBINED_RING,ring
TXN_00000186,ACC_000495,BEN_000051,,DEV_000013,IP_000019,2026-02-12T06:25:33,49000.0,TRANSFER_P2P,SUCCESS,IMPS,SCEN_COMBINED_RING_001,COMBINED_RING,ring
TXN_00000187,ACC_000495,BEN_000051,,DEV_000013,IP_000019,2026-02-12T06:25:56,49500.0,TRANSFER_P2P,SUCCESS,IMPS,SCEN_COMBINED_RING_001,COMBINED_RING,ring
TXN_00000188,ACC_000495,BEN_000051,,DEV_000013,IP_000019,2026-02-12T06:26:24,99500.0,TRANSFER_P2P,SUCCESS,IMPS,SCEN_COMBINED_RING_001,COMBINED_RING,ring
TXN_00000189,ACC_000495,BEN_000051,,DEV_000013,IP_000019,2026-02-12T06:26:44,49000.0,TRANSFER_P2P,SUCCESS,IMPS,SCEN_COMBINED_RING_001,COMBINED_RING,ring
TXN_00000190,ACC_000018,BEN_000051,,DEV_000013,IP_000019,2026-02-12T06:27:29,49500.0,TRANSFER_P2P,SUCCESS,IMPS,SCEN_COMBINED_RING_001,COMBINED_RING,ring
TXN_00000191,ACC_000018,BEN_000051,,DEV_000013,IP_000019,2026-02-12T06:28:03,49000.0,TRANSFER_P2P,SUCCESS,IMPS,SCEN_COMBINED_RING_001,COMBINED_RING,ring
TXN_00000192,ACC_000018,BEN_000051,,DEV_000013,IP_000019,2026-02-12T06:28:25,49999.0,TRANSFER_P2P,SUCCESS,IMPS,SCEN_COMBINED_RING_001,COMBINED_RING,ring
TXN_00000193,ACC_000018,BEN_000051,,DEV_000013,IP_000019,2026-02-12T06:28:52,49999.0,TRANSFER_P2P,SUCCESS,IMPS,SCEN_COMBINED_RING_001,COMBINED_RING,ring
TXN_00000194,ACC_000248,BEN_000051,,DEV_000013,IP_000019,2026-02-12T06:29:29,49999.0,TRANSFER_P2P,SUCCESS,IMPS,SCEN_COMBINED_RING_001,COMBINED_RING,ring
TXN_00000195,ACC_000248,BEN_000051,,DEV_000013,IP_000019,2026-02-12T06:29:55,99500.0,TRANSFER_P2P,SUCCESS,IMPS,SCEN_COMBINED_RING_001,COMBINED_RING,ring
TXN_00000196,ACC_000248,BEN_000051,,DEV_000013,IP_000019,2026-02-12T06:30:30,49500.0,TRANSFER_P2P,SUCCESS,IMPS,SCEN_COMBINED_RING_001,COMBINED_RING,ring
TXN_00000197,ACC_000248,BEN_000051,,DEV_000013,IP_000019,2026-02-12T06:30:54,49000.0,TRANSFER_P2P,SUCCESS,IMPS,SCEN_COMBINED_RING_001,COMBINED_RING,ring
TXN_00000198,ACC_000185,BEN_000051,,DEV_000013,IP_000019,2026-02-12T06:31:41,49000.0,TRANSFER_P2P,SUCCESS,IMPS,SCEN_COMBINED_RING_001,COMBINED_RING,ring
TXN_00000199,ACC_000185,BEN_000051,,DEV_000013,IP_000019,2026-02-12T06:31:56,49999.0,TRANSFER_P2P,SUCCESS,IMPS,SCEN_COMBINED_RING_001,COMBINED_RING,ring
TXN_00000200,ACC_000185,BEN_000051,,DEV_000013,IP_000019,2026-02-12T06:32:31,49000.0,TRANSFER_P2P,SUCCESS,IMPS,SCEN_COMBINED_RING_001,COMBINED_RING,ring
TXN_00000201,ACC_000185,BEN_000051,,DEV_000013,IP_000019,2026-02-12T06:32:51,49500.0,TRANSFER_P2P,SUCCESS,IMPS,SCEN_COMBINED_RING_001,COMBINED_RING,ring
TXN_00001805,ACC_000383,,MER_000039,DEV_000063,IP_000090,2026-02-12T06:36:57,6324.41,PAYMENT_P2M,SUCCESS,UPI,SCEN_LEGIT_BASELINE,LEGITIMATE,legitimate
TXN_00000502,ACC_000393,,MER_000035,DEV_000023,IP_000078,2026-02-12T07:03:52,1026.28,PAYMENT_P2M,SUCCESS,UPI,SCEN_LEGIT_BASELINE,LEGITIMATE,legitimate
TXN_00001568,ACC_000192,,MER_000038,DEV_000099,IP_000060,2026-02-12T08:08:24,769.48,PAYMENT_P2M,SUCCESS,UPI,SCEN_LEGIT_BASELINE,LEGITIMATE,legitimate
TXN_00000603,ACC_000056,,MER_000023,DEV_000003,IP_000038,2026-02-12T09:47:42,752.33,PAYMENT_P2M,SUCCESS,UPI,SCEN_LEGIT_BASELINE,LEGITIMATE,legitimate
TXN_00001855,ACC_000255,,MER_000030,DEV_000080,IP_000040,2026-02-12T10:27:13,1111.35,PAYMENT_P2M,SUCCESS,NETBANKING,SCEN_LEGIT_BASELINE,LEGITIMATE,legitimate
TXN_00000851,ACC_000193,BEN_000023,,DEV_000025,IP_000003,2026-02-12T10:35:51,433.32,TRANSFER_P2P,SUCCESS,NETBANKING,SCEN_LEGIT_BASELINE,LEGITIMATE,legitimate
TXN_00001843,ACC_000450,BEN_000062,,DEV_000065,IP_000070,2026-02-12T10:49:28,325.71,TRANSFER_P2P,SUCCESS,UPI,SCEN_LEGIT_BASELINE,LEGITIMATE,legitimate
TXN_00001474,ACC_000444,,MER_000001,DEV_000010,IP_000067,2026-02-12T12:00:56,682.06,PAYMENT_P2M,SUCCESS,CARD,SCEN_LEGIT_BASELINE,LEGITIMATE,legitimate
TXN_00000770,ACC_000419,BEN_000056,,DEV_000069,IP_000124,2026-02-12T12:22:56,1873.9,TRANSFER_P2P,SUCCESS,NETBANKING,SCEN_LEGIT_BASELINE,LEGITIMATE,legitimate
TXN_00000745,ACC_000315,,MER_000018,DEV_000069,IP_000070,2026-02-12T13:07:41,1535.77,PAYMENT_P2M,SUCCESS,UPI,SCEN_LEGIT_BASELINE,LEGITIMATE,legitimate
TXN_00001108,ACC_000275,,MER_000045,DEV_000086,IP_000038,2026-02-12T15:41:37,760.37,PAYMENT_P2M,SUCCESS,UPI,SCEN_LEGIT_BASELINE,LEGITIMATE,legitimate
TXN_00000818,ACC_000211,,MER_000022,DEV_000016,IP_000087,2026-02-12T16:31:56,647.13,PAYMENT_P2M,SUCCESS,NETBANKING,SCEN_LEGIT_BASELINE,LEGITIMATE,legitimate
TXN_00000827,ACC_000341,,MER_000020,DEV_000061,IP_000124,2026-02-12T16:49:36,1297.06,PAYMENT_P2M,SUCCESS,UPI,SCEN_LEGIT_BASELINE,LEGITIMATE,legitimate
TXN_00000832,ACC_000380,BEN_000029,,DEV_000059,IP_000113,2026-02-12T17:04:29,1357.32,TRANSFER_P2P,SUCCESS,NETBANKING,SCEN_LEGIT_BASELINE,LEGITIMATE,legitimate
TXN_00001142,ACC_000171,,MER_000030,DEV_000018,IP_000122,2026-02-12T17:23:15,335.64,PAYMENT_P2M,SUCCESS,NETBANKING,SCEN_LEGIT_BASELINE,LEGITIMATE,legitimate
TXN_00000237,ACC_000249,,MER_000024,DEV_000030,IP_000032,2026-02-12T17:36:23,2400.0,PAYMENT_P2M,SUCCESS,CARD,SCEN_LOOKALIKE_001,LEGITIMATE_LOOKALIKE,legitimate
TXN_00001173,ACC_000027,,MER_000030,DEV_000026,IP_000122,2026-02-12T18:08:07,2587.38,PAYMENT_P2M,SUCCESS,CARD,SCEN_LEGIT_BASELINE,LEGITIMATE,legitimate
TXN_00000614,ACC_000298,,MER_000010,DEV_000001,IP_000037,2026-02-12T18:56:14,3649.74,PAYMENT_P2M,SUCCESS,UPI,SCEN_LEGIT_BASELINE,LEGITIMATE,legitimate
TXN_00000739,ACC_000192,,MER_000037,DEV_000099,IP_000060,2026-02-12T19:09:12,4677.36,PAYMENT_P2M,SUCCESS,NETBANKING,SCEN_LEGIT_BASELINE,LEGITIMATE,legitimate
TXN_00000688,ACC_000158,,MER_000046,DEV_000082,IP_000102,2026-02-12T19:12:54,267.48,PAYMENT_P2M,SUCCESS,NETBANKING,SCEN_LEGIT_BASELINE,LEGITIMATE,legitimate
TXN_00001208,ACC_000135,,MER_000032,DEV_000056,IP_000102,2026-02-12T19:49:27,4525.16,PAYMENT_P2M,SUCCESS,UPI,SCEN_LEGIT_BASELINE,LEGITIMATE,legitimate
TXN_00001497,ACC_000030,,MER_000011,DEV_000018,IP_000071,2026-02-12T21:40:42,172.07,PAYMENT_P2M,SUCCESS,NETBANKING,SCEN_LEGIT_BASELINE,LEGITIMATE,legitimate
TXN_00000459,ACC_000064,BEN_000049,,DEV_000017,IP_000141,2026-02-12T21:50:39,608.72,TRANSFER_P2P,SUCCESS,CARD,SCEN_LEGIT_BASELINE,LEGITIMATE,legitimate
TXN_00001183,ACC_000242,,MER_000035,DEV_000095,IP_000049,2026-02-12T21:51:41,1532.98,PAYMENT_P2M,SUCCESS,NETBANKING,SCEN_LEGIT_BASELINE,LEGITIMATE,legitimate
TXN_00001783,ACC_000165,BEN_000016,,DEV_000053,IP_000003,2026-02-12T23:01:30,670.41,TRANSFER_P2P,SUCCESS,UPI,SCEN_LEGIT_BASELINE,LEGITIMATE,legitimate
TXN_00001196,ACC_000164,,MER_000019,DEV_000093,IP_000114,2026-02-12T23:09:37,1682.53,PAYMENT_P2M,SUCCESS,UPI,SCEN_LEGIT_BASELINE,LEGITIMATE,legitimate
TXN_00001401,ACC_000452,,MER_000035,DEV_000001,IP_000118,2026-02-12T23:50:51,65.38,PAYMENT_P2M,SUCCESS,UPI,SCEN_LEGIT_BASELINE,LEGITIMATE,legitimate
TXN_00000726,ACC_000459,,MER_000037,DEV_000090,IP_000021,2026-02-13T00:08:47,1328.67,PAYMENT_P2M,SUCCESS,NETBANKING,SCEN_LEGIT_BASELINE,LEGITIMATE,legitimate
TXN_00000555,ACC_000356,,MER_000030,DEV_000091,IP_000011,2026-02-13T00:13:18,1504.21,PAYMENT_P2M,SUCCESS,NETBANKING,SCEN_LEGIT_BASELINE,LEGITIMATE,legitimate
TXN_00001521,ACC_000240,,MER_000002,DEV_000078,IP_000146,2026-02-13T00:30:20,1410.01,PAYMENT_P2M,SUCCESS,NETBANKING,SCEN_LEGIT_BASELINE,LEGITIMATE,legitimate
TXN_00001410,ACC_000105,BEN_000094,,DEV_000077,IP_000138,2026-02-13T00:42:21,1166.63,TRANSFER_P2P,SUCCESS,CARD,SCEN_LEGIT_BASELINE,LEGITIMATE,legitimate
TXN_00001283,ACC_000378,,MER_000050,DEV_000092,IP_000052,2026-02-13T02:36:23,798.15,PAYMENT_P2M,SUCCESS,UPI,SCEN_LEGIT_BASELINE,LEGITIMATE,legitimate
TXN_00001130,ACC_000239,,MER_000014,DEV_000070,IP_000107,2026-02-13T03:10:27,2436.15,PAYMENT_P2M,SUCCESS,UPI,SCEN_LEGIT_BASELINE,LEGITIMATE,legitimate
TXN_00001787,ACC_000241,,MER_000019,DEV_000026,IP_000062,2026-02-13T03:30:22,313.66,PAYMENT_P2M,SUCCESS,UPI,SCEN_LEGIT_BASELINE,LEGITIMATE,legitimate
TXN_00000848,ACC_000251,BEN_000100,,DEV_000099,IP_000127,2026-02-13T04:06:54,2435.63,TRANSFER_P2P,SUCCESS,UPI,SCEN_LEGIT_BASELINE,LEGITIMATE,legitimate
TXN_00001127,ACC_000390,,MER_000050,DEV_000061,IP_000075,2026-02-13T04:19:55,619.85,PAYMENT_P2M,SUCCESS,CARD,SCEN_LEGIT_BASELINE,LEGITIMATE,legitimate
TXN_00000302,ACC_000476,BEN_000100,,DEV_000022,IP_000018,2026-02-13T06:29:57,450.0,TRANSFER_P2P,SUCCESS,NETBANKING,SCEN_LOOKALIKE_005,LEGITIMATE_LOOKALIKE,legitimate
TXN_00000529,ACC_000496,,MER_000011,DEV_000003,IP_000061,2026-02-13T06:58:41,1364.21,PAYMENT_P2M,SUCCESS,CARD,SCEN_LEGIT_BASELINE,LEGITIMATE,legitimate
TXN_00000783,ACC_000162,,MER_000045,DEV_000003,IP_000075,2026-02-13T10:16:55,1302.91,PAYMENT_P2M,SUCCESS,CARD,SCEN_LEGIT_BASELINE,LEGITIMATE,legitimate
TXN_00000639,ACC_000301,,MER_000022,DEV_000062,IP_000016,2026-02-13T10:43:10,292.78,PAYMENT_P2M,SUCCESS,UPI,SCEN_LEGIT_BASELINE,LEGITIMATE,legitimate
TXN_00000873,ACC_000100,,MER_000022,DEV_000095,IP_000033,2026-02-13T11:24:40,716.24,PAYMENT_P2M,SUCCESS,UPI,SCEN_LEGIT_BASELINE,LEGITIMATE,legitimate
TXN_00001706,ACC_000184,,MER_000040,DEV_000012,IP_000061,2026-02-13T13:16:13,1920.64,PAYMENT_P2M,SUCCESS,UPI,SCEN_LEGIT_BASELINE,LEGITIMATE,legitimate
TXN_00001925,ACC_000215,,MER_000023,DEV_000046,IP_000004,2026-02-13T13:23:41,5207.32,PAYMENT_P2M,SUCCESS,NETBANKING,SCEN_LEGIT_BASELINE,LEGITIMATE,legitimate
TXN_00000069,ACC_000454,BEN_000065,,DEV_000090,IP_000013,2026-02-13T14:03:01,49000.0,TRANSFER_P2P,SUCCESS,IMPS,SCEN_COMMON_BEN_001,COMMON_BENEFICIARY_RING,ring
TXN_00000780,ACC_000206,,MER_000038,DEV_000020,IP_000032,2026-02-13T14:19:25,216.95,PAYMENT_P2M,SUCCESS,NETBANKING,SCEN_LEGIT_BASELINE,LEGITIMATE,legitimate
TXN_00000608,ACC_000393,,MER_000037,DEV_000023,IP_000078,2026-02-13T14:19:45,95.67,PAYMENT_P2M,SUCCESS,UPI,SCEN_LEGIT_BASELINE,LEGITIMATE,legitimate
TXN_00001238,ACC_000192,BEN_000095,,DEV_000099,IP_000060,2026-02-13T14:50:25,334.17,TRANSFER_P2P,SUCCESS,UPI,SCEN_LEGIT_BASELINE,LEGITIMATE,legitimate
TXN_00001973,ACC_000420,,MER_000050,DEV_000058,IP_000028,2026-02-13T15:16:42,339.35,PAYMENT_P2M,SUCCESS,UPI,SCEN_LEGIT_BASELINE,LEGITIMATE,legitimate
TXN_00001380,ACC_000179,BEN_000014,,DEV_000077,IP_000034,2026-02-13T15:26:44,596.31,TRANSFER_P2P,SUCCESS,UPI,SCEN_LEGIT_BASELINE,LEGITIMATE,legitimate
TXN_00001901,ACC_000346,,MER_000009,DEV_000077,IP_000074,2026-02-13T16:07:45,74.49,PAYMENT_P2M,SUCCESS,NETBANKING,SCEN_LEGIT_BASELINE,LEGITIMATE,legitimate
TXN_00000486,ACC_000448,BEN_000077,,DEV_000002,IP_000099,2026-02-13T16:23:49,144.61,TRANSFER_P2P,SUCCESS,UPI,SCEN_LEGIT_BASELINE,LEGITIMATE,legitimate
TXN_00000313,ACC_000352,BEN_000100,,DEV_000081,IP_000089,2026-02-13T18:34:00,450.0,TRANSFER_P2P,SUCCESS,UPI,SCEN_LOOKALIKE_005,LEGITIMATE_LOOKALIKE,legitimate
TXN_00001282,ACC_000175,BEN_000053,,DEV_000099,IP_000036,2026-02-13T18:40:29,1258.67,TRANSFER_P2P,SUCCESS,CARD,SCEN_LEGIT_BASELINE,LEGITIMATE,legitimate
TXN_00000491,ACC_000488,BEN_000010,,DEV_000059,IP_000141,2026-02-13T18:43:50,876.05,TRANSFER_P2P,SUCCESS,CARD,SCEN_LEGIT_BASELINE,LEGITIMATE,legitimate
TXN_00000693,ACC_000461,,MER_000003,DEV_000007,IP_000045,2026-02-13T19:32:24,1719.14,PAYMENT_P2M,SUCCESS,UPI,SCEN_LEGIT_BASELINE,LEGITIMATE,legitimate
TXN_00000068,ACC_000454,BEN_000065,,DEV_000090,IP_000013,2026-02-13T20:03:01,49000.0,TRANSFER_P2P,SUCCESS,IMPS,SCEN_COMMON_BEN_001,COMMON_BENEFICIARY_RING,ring
TXN_00001240,ACC_000251,BEN_000046,,DEV_000099,IP_000127,2026-02-13T20:12:29,523.79,TRANSFER_P2P,SUCCESS,CARD,SCEN_LEGIT_BASELINE,LEGITIMATE,legitimate
TXN_00000254,ACC_000472,,MER_000008,DEV_000066,IP_000032,2026-02-13T20:13:00,1250.0,PAYMENT_P2M,SUCCESS,UPI,SCEN_LOOKALIKE_001,LEGITIMATE_LOOKALIKE,legitimate
TXN_00000947,ACC_000442,,MER_000014,DEV_000068,IP_000116,2026-02-13T21:28:31,1516.79,PAYMENT_P2M,SUCCESS,NETBANKING,SCEN_LEGIT_BASELINE,LEGITIMATE,legitimate
TXN_00000548,ACC_000120,BEN_000093,,DEV_000036,IP_000074,2026-02-13T21:48:56,1303.42,TRANSFER_P2P,SUCCESS,NETBANKING,SCEN_LEGIT_BASELINE,LEGITIMATE,legitimate
TXN_00000892,ACC_000115,,MER_000023,DEV_000060,IP_000075,2026-02-13T22:17:24,558.7,PAYMENT_P2M,SUCCESS,UPI,SCEN_LEGIT_BASELINE,LEGITIMATE,legitimate
TXN_00001555,ACC_000457,,MER_000027,DEV_000091,IP_000034,2026-02-13T22:39:32,1211.11,PAYMENT_P2M,SUCCESS,CARD,SCEN_LEGIT_BASELINE,LEGITIMATE,legitimate
TXN_00001364,ACC_000303,,MER_000029,DEV_000034,IP_000058,2026-02-13T22:52:30,1224.12,PAYMENT_P2M,SUCCESS,NETBANKING,SCEN_LEGIT_BASELINE,LEGITIMATE,legitimate
TXN_00001215,ACC_000147,,MER_000013,DEV_000027,IP_000069,2026-02-13T23:52:49,1617.36,PAYMENT_P2M,SUCCESS,UPI,SCEN_LEGIT_BASELINE,LEGITIMATE,legitimate
TXN_00001013,ACC_000240,BEN_000052,,DEV_000030,IP_000146,2026-02-14T00:35:34,204.38,TRANSFER_P2P,SUCCESS,UPI,SCEN_LEGIT_BASELINE,LEGITIMATE,legitimate
TXN_00001880,ACC_000237,,MER_000030,DEV_000029,IP_000005,2026-02-14T02:32:32,148.29,PAYMENT_P2M,SUCCESS,UPI,SCEN_LEGIT_BASELINE,LEGITIMATE,legitimate
TXN_00001847,ACC_000463,BEN_000013,,DEV_000054,IP_000013,2026-02-14T03:34:01,726.47,TRANSFER_P2P,SUCCESS,UPI,SCEN_LEGIT_BASELINE,LEGITIMATE,legitimate
TXN_00001613,ACC_000191,,MER_000002,DEV_000021,IP_000020,2026-02-14T03:34:46,458.18,PAYMENT_P2M,SUCCESS,UPI,SCEN_LEGIT_BASELINE,LEGITIMATE,legitimate
TXN_00001524,ACC_000483,,MER_000019,DEV_000059,IP_000043,2026-02-14T04:06:08,201.82,PAYMENT_P2M,SUCCESS,UPI,SCEN_LEGIT_BASELINE,LEGITIMATE,legitimate
TXN_00001055,ACC_000456,,MER_000007,DEV_000050,IP_000076,2026-02-14T06:45:10,1011.0,PAYMENT_P2M,SUCCESS,UPI,SCEN_LEGIT_BASELINE,LEGITIMATE,legitimate
TXN_00001247,ACC_000359,,MER_000033,DEV_000013,IP_000139,2026-02-14T07:23:06,257.37,PAYMENT_P2M,SUCCESS,CARD,SCEN_LEGIT_BASELINE,LEGITIMATE,legitimate
TXN_00001862,ACC_000413,,MER_000018,DEV_000045,IP_000055,2026-02-14T07:35:19,435.44,PAYMENT_P2M,SUCCESS,UPI,SCEN_LEGIT_BASELINE,LEGITIMATE,legitimate
TXN_00000435,ACC_000033,,MER_000044,DEV_000079,IP_000129,2026-02-14T07:54:26,84.97,PAYMENT_P2M,SUCCESS,NETBANKING,SCEN_LEGIT_BASELINE,LEGITIMATE,legitimate
TXN_00000967,ACC_000259,,MER_000027,DEV_000048,IP_000009,2026-02-14T09:17:23,2150.63,PAYMENT_P2M,SUCCESS,UPI,SCEN_LEGIT_BASELINE,LEGITIMATE,legitimate
TXN_00001540,ACC_000220,,MER_000031,DEV_000036,IP_000052,2026-02-14T09:44:00,1085.67,PAYMENT_P2M,SUCCESS,UPI,SCEN_LEGIT_BASELINE,LEGITIMATE,legitimate
TXN_00001512,ACC_000377,BEN_000025,,DEV_000050,IP_000044,2026-02-14T10:35:20,1821.54,TRANSFER_P2P,SUCCESS,CARD,SCEN_LEGIT_BASELINE,LEGITIMATE,legitimate
TXN_00001214,ACC_000357,,MER_000039,DEV_000051,IP_000045,2026-02-14T10:37:13,344.97,PAYMENT_P2M,SUCCESS,NETBANKING,SCEN_LEGIT_BASELINE,LEGITIMATE,legitimate
TXN_00001359,ACC_000370,,MER_000021,DEV_000052,IP_000064,2026-02-14T11:48:30,77.29,PAYMENT_P2M,SUCCESS,CARD,SCEN_LEGIT_BASELINE,LEGITIMATE,legitimate
TXN_00001206,ACC_000377,BEN_000064,,DEV_000094,IP_000061,2026-02-14T12:51:57,498.08,TRANSFER_P2P,SUCCESS,NETBANKING,SCEN_LEGIT_BASELINE,LEGITIMATE,legitimate
TXN_00000070,ACC_000454,BEN_000065,,DEV_000090,IP_000013,2026-02-14T13:03:01,24800.0,TRANSFER_P2P,SUCCESS,IMPS,SCEN_COMMON_BEN_001,COMMON_BENEFICIARY_RING,ring
TXN_00000071,ACC_000454,BEN_000065,,DEV_000090,IP_000013,2026-02-14T14:03:01,49000.0,TRANSFER_P2P,SUCCESS,IMPS,SCEN_COMMON_BEN_001,COMMON_BENEFICIARY_RING,ring
TXN_00000909,ACC_000364,,MER_000025,DEV_000031,IP_000087,2026-02-14T14:54:58,420.72,PAYMENT_P2M,SUCCESS,UPI,SCEN_LEGIT_BASELINE,LEGITIMATE,legitimate
TXN_00001571,ACC_000277,,MER_000044,DEV_000092,IP_000016,2026-02-14T18:04:56,1424.51,PAYMENT_P2M,SUCCESS,UPI,SCEN_LEGIT_BASELINE,LEGITIMATE,legitimate
TXN_00001773,ACC_000251,BEN_000044,,DEV_000099,IP_000127,2026-02-14T19:23:56,90.66,TRANSFER_P2P,SUCCESS,UPI,SCEN_LEGIT_BASELINE,LEGITIMATE,legitimate
TXN_00001607,ACC_000408,BEN_000045,,DEV_000084,IP_000086,2026-02-14T19:53:58,803.63,TRANSFER_P2P,SUCCESS,UPI,SCEN_LEGIT_BASELINE,LEGITIMATE,legitimate
TXN_00000472,ACC_000301,BEN_000090,,DEV_000062,IP_000079,2026-02-14T20:13:09,1828.71,TRANSFER_P2P,SUCCESS,NETBANKING,SCEN_LEGIT_BASELINE,LEGITIMATE,legitimate
TXN_00000801,ACC_000355,BEN_000074,,DEV_000094,IP_000061,2026-02-14T20:32:44,749.63,TRANSFER_P2P,SUCCESS,CARD,SCEN_LEGIT_BASELINE,LEGITIMATE,legitimate
TXN_00000910,ACC_000266,BEN_000069,,DEV_000092,IP_000094,2026-02-14T20:45:40,1396.51,TRANSFER_P2P,SUCCESS,UPI,SCEN_LEGIT_BASELINE,LEGITIMATE,legitimate
TXN_00000236,ACC_000365,,MER_000045,DEV_000051,IP_000032,2026-02-14T20:53:31,3500.0,PAYMENT_P2M,SUCCESS,CARD,SCEN_LOOKALIKE_001,LEGITIMATE_LOOKALIKE,legitimate
TXN_00001254,ACC_000192,,MER_000027,DEV_000099,IP_000060,2026-02-14T20:54:53,425.81,PAYMENT_P2M,SUCCESS,UPI,SCEN_LEGIT_BASELINE,LEGITIMATE,legitimate
TXN_00000429,ACC_000105,,MER_000028,DEV_000077,IP_000138,2026-02-15T02:47:02,1640.14,PAYMENT_P2M,SUCCESS,CARD,SCEN_LEGIT_BASELINE,LEGITIMATE,legitimate
TXN_00000991,ACC_000035,BEN_000058,,DEV_000040,IP_000043,2026-02-15T02:50:36,67.17,TRANSFER_P2P,SUCCESS,UPI,SCEN_LEGIT_BASELINE,LEGITIMATE,legitimate
TXN_00000620,ACC_000277,,MER_000014,DEV_000092,IP_000016,2026-02-15T04:00:12,2384.04,PAYMENT_P2M,SUCCESS,NETBANKING,SCEN_LEGIT_BASELINE,LEGITIMATE,legitimate
TXN_00001331,ACC_000400,,MER_000016,DEV_000057,IP_000108,2026-02-15T04:41:10,1645.32,PAYMENT_P2M,SUCCESS,CARD,SCEN_LEGIT_BASELINE,LEGITIMATE,legitimate
TXN_00000347,ACC_000101,,MER_000008,DEV_000048,IP_000146,2026-02-15T05:27:55,216.9,PAYMENT_P2M,SUCCESS,UPI,SCEN_LEGIT_BASELINE,LEGITIMATE,legitimate
TXN_00000262,ACC_000078,BEN_000059,,DEV_000097,IP_000088,2026-02-15T07:08:28,450.0,TRANSFER_P2P,SUCCESS,CARD,SCEN_LOOKALIKE_002,LEGITIMATE_LOOKALIKE,legitimate
TXN_00000054,ACC_000203,BEN_000065,,DEV_000028,IP_000115,2026-02-15T08:09:40,24800.0,TRANSFER_P2P,SUCCESS,IMPS,SCEN_COMMON_BEN_001,COMMON_BENEFICIARY_RING,ring
TXN_00001116,ACC_000024,,MER_000016,DEV_000032,IP_000112,2026-02-15T09:18:18,1937.6,PAYMENT_P2M,SUCCESS,UPI,SCEN_LEGIT_BASELINE,LEGITIMATE,legitimate
TXN_00001766,ACC_000205,,MER_000028,DEV_000030,IP_000010,2026-02-15T09:48:10,1060.09,PAYMENT_P2M,SUCCESS,NETBANKING,SCEN_LEGIT_BASELINE,LEGITIMATE,legitimate
TXN_00000690,ACC_000079,BEN_000015,,DEV_000005,IP_000039,2026-02-15T10:16:17,371.79,TRANSFER_P2P,SUCCESS,NETBANKING,SCEN_LEGIT_BASELINE,LEGITIMATE,legitimate
TXN_00001816,ACC_000180,,MER_000010,DEV_000035,IP_000050,2026-02-15T10:23:02,459.74,PAYMENT_P2M,SUCCESS,UPI,SCEN_LEGIT_BASELINE,LEGITIMATE,legitimate
TXN_00000329,ACC_000003,BEN_000054,,DEV_000025,IP_000122,2026-02-15T10:29:26,938.25,TRANSFER_P2P,SUCCESS,CARD,SCEN_LEGIT_BASELINE,LEGITIMATE,legitimate
TXN_00001314,ACC_000488,,MER_000032,DEV_000059,IP_000141,2026-02-15T13:48:41,4737.82,PAYMENT_P2M,SUCCESS,UPI,SCEN_LEGIT_BASELINE,LEGITIMATE,legitimate
TXN_00000354,ACC_000035,,MER_000047,DEV_000040,IP_000043,2026-02-15T14:29:44,463.23,PAYMENT_P2M,SUCCESS,UPI,SCEN_LEGIT_BASELINE,LEGITIMATE,legitimate
TXN_00000821,ACC_000293,,MER_000030,DEV_000025,IP_000005,2026-02-15T14:52:00,166.17,PAYMENT_P2M,SUCCESS,NETBANKING,SCEN_LEGIT_BASELINE,LEGITIMATE,legitimate
TXN_00001051,ACC_000317,,MER_000014,DEV_000072,IP_000059,2026-02-15T15:34:24,831.09,PAYMENT_P2M,SUCCESS,CARD,SCEN_LEGIT_BASELINE,LEGITIMATE,legitimate
TXN_00001103,ACC_000027,,MER_000047,DEV_000026,IP_000123,2026-02-15T15:48:23,5006.54,PAYMENT_P2M,SUCCESS,NETBANKING,SCEN_LEGIT_BASELINE,LEGITIMATE,legitimate
TXN_00001072,ACC_000442,,MER_000024,DEV_000100,IP_000116,2026-02-15T15:49:28,1967.23,PAYMENT_P2M,SUCCESS,CARD,SCEN_LEGIT_BASELINE,LEGITIMATE,legitimate
TXN_00000643,ACC_000287,BEN_000027,,DEV_000012,IP_000067,2026-02-15T15:49:56,215.09,TRANSFER_P2P,SUCCESS,CARD,SCEN_LEGIT_BASELINE,LEGITIMATE,legitimate
TXN_00000964,ACC_000362,,MER_000045,DEV_000032,IP_000071,2026-02-15T16:33:12,1364.89,PAYMENT_P2M,SUCCESS,CARD,SCEN_LEGIT_BASELINE,LEGITIMATE,legitimate
TXN_00000633,ACC_000045,,MER_000011,DEV_000014,IP_000082,2026-02-15T17:24:56,1756.13,PAYMENT_P2M,SUCCESS,NETBANKING,SCEN_LEGIT_BASELINE,LEGITIMATE,legitimate
TXN_00000264,ACC_000078,BEN_000059,,DEV_000097,IP_000088,2026-02-15T18:21:13,1250.0,TRANSFER_P2P,SUCCESS,UPI,SCEN_LOOKALIKE_002,LEGITIMATE_LOOKALIKE,legitimate
TXN_00001494,ACC_000463,,MER_000004,DEV_000054,IP_000013,2026-02-15T20:08:14,4690.45,PAYMENT_P2M,SUCCESS,UPI,SCEN_LEGIT_BASELINE,LEGITIMATE,legitimate
TXN_00000056,ACC_000203,BEN_000065,,DEV_000028,IP_000115,2026-02-15T20:09:40,48500.0,TRANSFER_P2P,SUCCESS,IMPS,SCEN_COMMON_BEN_001,COMMON_BENEFICIARY_RING,ring
TXN_00000245,ACC_000473,,MER_000036,DEV_000081,IP_000032,2026-02-15T21:09:43,1250.0,PAYMENT_P2M,SUCCESS,NETBANKING,SCEN_LOOKALIKE_001,LEGITIMATE_LOOKALIKE,legitimate
TXN_00001110,ACC_000041,BEN_000072,,DEV_000038,IP_000043,2026-02-15T21:42:13,192.41,TRANSFER_P2P,SUCCESS,UPI,SCEN_LEGIT_BASELINE,LEGITIMATE,legitimate
TXN_00001393,ACC_000204,,MER_000010,DEV_000046,IP_000034,2026-02-15T22:03:27,1617.63,PAYMENT_P2M,SUCCESS,CARD,SCEN_LEGIT_BASELINE,LEGITIMATE,legitimate
TXN_00000488,ACC_000275,,MER_000040,DEV_000086,IP_000038,2026-02-15T22:16:33,389.14,PAYMENT_P2M,SUCCESS,UPI,SCEN_LEGIT_BASELINE,LEGITIMATE,legitimate
TXN_00000055,ACC_000203,BEN_000065,,DEV_000028,IP_000115,2026-02-15T23:09:40,24800.0,TRANSFER_P2P,SUCCESS,IMPS,SCEN_COMMON_BEN_001,COMMON_BENEFICIARY_RING,ring
TXN_00000508,ACC_000088,,MER_000011,DEV_000057,IP_000054,2026-02-16T01:10:18,206.3,PAYMENT_P2M,SUCCESS,NETBANKING,SCEN_LEGIT_BASELINE,LEGITIMATE,legitimate
TXN_00001424,ACC_000208,,MER_000049,DEV_000080,IP_000042,2026-02-16T02:11:34,913.58,PAYMENT_P2M,SUCCESS,UPI,SCEN_LEGIT_BASELINE,LEGITIMATE,legitimate
TXN_00000924,ACC_000378,,MER_000016,DEV_000092,IP_000072,2026-02-16T02:15:49,2643.3,PAYMENT_P2M,SUCCESS,CARD,SCEN_LEGIT_BASELINE,LEGITIMATE,legitimate
TXN_00001964,ACC_000133,BEN_000050,,DEV_000036,IP_000112,2026-02-16T03:12:54,965.35,TRANSFER_P2P,SUCCESS,UPI,SCEN_LEGIT_BASELINE,LEGITIMATE,legitimate
TXN_00000407,ACC_000387,,MER_000023,DEV_000071,IP_000113,2026-02-16T03:21:28,740.07,PAYMENT_P2M,SUCCESS,UPI,SCEN_LEGIT_BASELINE,LEGITIMATE,legitimate
TXN_00000487,ACC_000444,,MER_000025,DEV_000010,IP_000067,2026-02-16T04:13:32,963.56,PAYMENT_P2M,SUCCESS,NETBANKING,SCEN_LEGIT_BASELINE,LEGITIMATE,legitimate
TXN_00001434,ACC_000048,BEN_000010,,DEV_000015,IP_000035,2026-02-16T04:39:38,162.69,TRANSFER_P2P,SUCCESS,CARD,SCEN_LEGIT_BASELINE,LEGITIMATE,legitimate
TXN_00000813,ACC_000205,BEN_000018,,DEV_000030,IP_000010,2026-02-16T05:58:29,1211.85,TRANSFER_P2P,SUCCESS,UPI,SCEN_LEGIT_BASELINE,LEGITIMATE,legitimate
TXN_00000961,ACC_000235,BEN_000046,,DEV_000055,IP_000028,2026-02-16T07:48:54,1362.49,TRANSFER_P2P,SUCCESS,UPI,SCEN_LEGIT_BASELINE,LEGITIMATE,legitimate
TXN_00000057,ACC_000203,BEN_000065,,DEV_000028,IP_000115,2026-02-16T08:09:40,49000.0,TRANSFER_P2P,SUCCESS,IMPS,SCEN_COMMON_BEN_001,COMMON_BENEFICIARY_RING,ring
TXN_00001170,ACC_000267,,MER_000012,DEV_000034,IP_000052,2026-02-16T08:25:21,1334.56,PAYMENT_P2M,SUCCESS,UPI,SCEN_LEGIT_BASELINE,LEGITIMATE,legitimate
TXN_00001216,ACC_000477,,MER_000043,DEV_000018,IP_000089,2026-02-16T08:33:55,5474.05,PAYMENT_P2M,SUCCESS,UPI,SCEN_LEGIT_BASELINE,LEGITIMATE,legitimate
TXN_00000687,ACC_000180,,MER_000020,DEV_000026,IP_000050,2026-02-16T08:35:45,368.6,PAYMENT_P2M,SUCCESS,UPI,SCEN_LEGIT_BASELINE,LEGITIMATE,legitimate
TXN_00000283,ACC_000385,,MER_000036,DEV_000056,IP_000119,2026-02-16T11:42:21,5000.0,PAYMENT_P2M,SUCCESS,CARD,SCEN_LOOKALIKE_003,LEGITIMATE_LOOKALIKE,legitimate
TXN_00000680,ACC_000381,BEN_000018,,DEV_000012,IP_000018,2026-02-16T12:42:07,86.8,TRANSFER_P2P,SUCCESS,CARD,SCEN_LEGIT_BASELINE,LEGITIMATE,legitimate
TXN_00000989,ACC_000316,BEN_000005,,DEV_000011,IP_000055,2026-02-16T12:42:16,1324.43,TRANSFER_P2P,SUCCESS,UPI,SCEN_LEGIT_BASELINE,LEGITIMATE,legitimate
TXN_00000297,ACC_000344,,MER_000039,DEV_000023,IP_000049,2026-02-16T15:37:24,150.0,PAYMENT_P2M,SUCCESS,UPI,SCEN_LOOKALIKE_004,LEGITIMATE_LOOKALIKE,legitimate
TXN_00000760,ACC_000376,,MER_000041,DEV_000077,IP_000142,2026-02-16T17:27:15,2010.17,PAYMENT_P2M,SUCCESS,UPI,SCEN_LEGIT_BASELINE,LEGITIMATE,legitimate
TXN_00001360,ACC_000487,BEN_000075,,DEV_000052,IP_000006,2026-02-16T17:59:54,127.32,TRANSFER_P2P,SUCCESS,NETBANKING,SCEN_LEGIT_BASELINE,LEGITIMATE,legitimate
TXN_00000853,ACC_000211,,MER_000042,DEV_000016,IP_000087,2026-02-16T18:43:16,832.92,PAYMENT_P2M,SUCCESS,CARD,SCEN_LEGIT_BASELINE,LEGITIMATE,legitimate
TXN_00000290,ACC_000318,,MER_000021,DEV_000069,IP_000049,2026-02-16T18:44:10,1250.0,PAYMENT_P2M,SUCCESS,UPI,SCEN_LOOKALIKE_004,LEGITIMATE_LOOKALIKE,legitimate
TXN_00000370,ACC_000051,,MER_000041,DEV_000060,IP_000140,2026-02-16T22:00:45,2082.81,PAYMENT_P2M,SUCCESS,CARD,SCEN_LEGIT_BASELINE,LEGITIMATE,legitimate
TXN_00001833,ACC_000241,,MER_000030,DEV_000025,IP_000062,2026-02-17T00:33:25,1994.36,PAYMENT_P2M,SUCCESS,UPI,SCEN_LEGIT_BASELINE,LEGITIMATE,legitimate
TXN_00001814,ACC_000221,,MER_000012,DEV_000052,IP_000009,2026-02-17T00:35:50,1551.67,PAYMENT_P2M,SUCCESS,UPI,SCEN_LEGIT_BASELINE,LEGITIMATE,legitimate
TXN_00000842,ACC_000031,,MER_000017,DEV_000005,IP_000112,2026-02-17T00:37:36,158.97,PAYMENT_P2M,SUCCESS,UPI,SCEN_LEGIT_BASELINE,LEGITIMATE,legitimate
TXN_00001989,ACC_000114,,MER_000009,DEV_000079,IP_000103,2026-02-17T00:52:42,59.68,PAYMENT_P2M,SUCCESS,CARD,SCEN_LEGIT_BASELINE,LEGITIMATE,legitimate
TXN_00001065,ACC_000117,,MER_000013,DEV_000047,IP_000059,2026-02-17T00:55:01,3264.34,PAYMENT_P2M,SUCCESS,UPI,SCEN_LEGIT_BASELINE,LEGITIMATE,legitimate
TXN_00001985,ACC_000060,,MER_000048,DEV_000055,IP_000106,2026-02-17T01:45:58,217.5,PAYMENT_P2M,SUCCESS,UPI,SCEN_LEGIT_BASELINE,LEGITIMATE,legitimate
TXN_00001134,ACC_000382,BEN_000019,,DEV_000074,IP_000088,2026-02-17T02:34:17,1011.95,TRANSFER_P2P,SUCCESS,UPI,SCEN_LEGIT_BASELINE,LEGITIMATE,legitimate
TXN_00001771,ACC_000436,BEN_000093,,DEV_000085,IP_000016,2026-02-17T05:07:29,263.89,TRANSFER_P2P,SUCCESS,UPI,SCEN_LEGIT_BASELINE,LEGITIMATE,legitimate
TXN_00001569,ACC_000011,,MER_000033,DEV_000079,IP_000005,2026-02-17T06:28:45,1352.45,PAYMENT_P2M,SUCCESS,CARD,SCEN_LEGIT_BASELINE,LEGITIMATE,legitimate
TXN_00001421,ACC_000298,,MER_000019,DEV_000021,IP_000037,2026-02-17T07:05:20,59.37,PAYMENT_P2M,SUCCESS,UPI,SCEN_LEGIT_BASELINE,LEGITIMATE,legitimate
TXN_00000834,ACC_000457,,MER_000038,DEV_000032,IP_000034,2026-02-17T07:45:02,134.85,PAYMENT_P2M,SUCCESS,UPI,SCEN_LEGIT_BASELINE,LEGITIMATE,legitimate
TXN_00001928,ACC_000123,BEN_000061,,DEV_000005,IP_000110,2026-02-17T08:29:28,1090.15,TRANSFER_P2P,SUCCESS,UPI,SCEN_LEGIT_BASELINE,LEGITIMATE,legitimate
TXN_00001080,ACC_000148,BEN_000025,,DEV_000097,IP_000096,2026-02-17T08:47:38,684.66,TRANSFER_P2P,SUCCESS,CARD,SCEN_LEGIT_BASELINE,LEGITIMATE,legitimate
TXN_00000525,ACC_000494,,MER_000038,DEV_000056,IP_000125,2026-02-17T11:32:19,1340.3,PAYMENT_P2M,SUCCESS,CARD,SCEN_LEGIT_BASELINE,LEGITIMATE,legitimate
TXN_00001158,ACC_000216,,MER_000040,DEV_000041,IP_000007,2026-02-17T13:02:38,1216.42,PAYMENT_P2M,SUCCESS,NETBANKING,SCEN_LEGIT_BASELINE,LEGITIMATE,legitimate
TXN_00001027,ACC_000447,,MER_000047,DEV_000032,IP_000103,2026-02-17T17:26:33,1697.99,PAYMENT_P2M,SUCCESS,NETBANKING,SCEN_LEGIT_BASELINE,LEGITIMATE,legitimate
TXN_00000138,ACC_000014,BEN_000060,,DEV_000014,IP_000001,2026-02-17T18:07:26,15000.0,TRANSFER_P2P,SUCCESS,IMPS,SCEN_RAPID_DISTRIB_003,RAPID_FUND_DISTRIBUTION_RING,ring
TXN_00000139,ACC_000014,BEN_000042,,DEV_000014,IP_000001,2026-02-17T18:08:26,20000.0,TRANSFER_P2P,SUCCESS,IMPS,SCEN_RAPID_DISTRIB_003,RAPID_FUND_DISTRIBUTION_RING,ring
TXN_00000140,ACC_000014,BEN_000011,,DEV_000014,IP_000001,2026-02-17T18:11:26,30000.0,TRANSFER_P2P,SUCCESS,IMPS,SCEN_RAPID_DISTRIB_003,RAPID_FUND_DISTRIBUTION_RING,ring
TXN_00000141,ACC_000014,BEN_000032,,DEV_000014,IP_000001,2026-02-17T18:12:26,15000.0,TRANSFER_P2P,SUCCESS,IMPS,SCEN_RAPID_DISTRIB_003,RAPID_FUND_DISTRIBUTION_RING,ring
TXN_00000142,ACC_000231,BEN_000060,,DEV_000014,IP_000001,2026-02-17T18:16:26,25000.0,TRANSFER_P2P,SUCCESS,IMPS,SCEN_RAPID_DISTRIB_003,RAPID_FUND_DISTRIBUTION_RING,ring
TXN_00000143,ACC_000231,BEN_000042,,DEV_000014,IP_000001,2026-02-17T18:18:26,15000.0,TRANSFER_P2P,SUCCESS,IMPS,SCEN_RAPID_DISTRIB_003,RAPID_FUND_DISTRIBUTION_RING,ring
TXN_00000144,ACC_000231,BEN_000011,,DEV_000014,IP_000001,2026-02-17T18:21:26,20000.0,TRANSFER_P2P,SUCCESS,IMPS,SCEN_RAPID_DISTRIB_003,RAPID_FUND_DISTRIBUTION_RING,ring
TXN_00000145,ACC_000231,BEN_000032,,DEV_000014,IP_000001,2026-02-17T18:22:26,25000.0,TRANSFER_P2P,SUCCESS,IMPS,SCEN_RAPID_DISTRIB_003,RAPID_FUND_DISTRIBUTION_RING,ring
TXN_00000146,ACC_000421,BEN_000060,,DEV_000014,IP_000001,2026-02-17T18:27:26,25000.0,TRANSFER_P2P,SUCCESS,IMPS,SCEN_RAPID_DISTRIB_003,RAPID_FUND_DISTRIBUTION_RING,ring
TXN_00000147,ACC_000421,BEN_000042,,DEV_000014,IP_000001,2026-02-17T18:29:26,15000.0,TRANSFER_P2P,SUCCESS,IMPS,SCEN_RAPID_DISTRIB_003,RAPID_FUND_DISTRIBUTION_RING,ring
TXN_00000148,ACC_000421,BEN_000011,,DEV_000014,IP_000001,2026-02-17T18:30:26,30000.0,TRANSFER_P2P,SUCCESS,IMPS,SCEN_RAPID_DISTRIB_003,RAPID_FUND_DISTRIBUTION_RING,ring
TXN_00000149,ACC_000421,BEN_000032,,DEV_000014,IP_000001,2026-02-17T18:32:26,20000.0,TRANSFER_P2P,SUCCESS,IMPS,SCEN_RAPID_DISTRIB_003,RAPID_FUND_DISTRIBUTION_RING,ring
TXN_00001583,ACC_000193,,MER_000014,DEV_000072,IP_000003,2026-02-17T18:38:50,1075.26,PAYMENT_P2M,SUCCESS,NETBANKING,SCEN_LEGIT_BASELINE,LEGITIMATE,legitimate
TXN_00000317,ACC_000352,BEN_000100,,DEV_000081,IP_000089,2026-02-17T18:48:57,3500.0,TRANSFER_P2P,SUCCESS,NETBANKING,SCEN_LOOKALIKE_005,LEGITIMATE_LOOKALIKE,legitimate
TXN_00001136,ACC_000009,,MER_000026,DEV_000071,IP_000068,2026-02-17T20:43:11,538.72,PAYMENT_P2M,SUCCESS,UPI,SCEN_LEGIT_BASELINE,LEGITIMATE,legitimate
TXN_00001225,ACC_000395,,MER_000040,DEV_000039,IP_000117,2026-02-17T21:03:39,674.57,PAYMENT_P2M,SUCCESS,UPI,SCEN_LEGIT_BASELINE,LEGITIMATE,legitimate
TXN_00001377,ACC_000117,BEN_000001,,DEV_000047,IP_000059,2026-02-17T21:23:12,2080.88,TRANSFER_P2P,SUCCESS,UPI,SCEN_LEGIT_BASELINE,LEGITIMATE,legitimate
TXN_00001007,ACC_000232,BEN_000090,,DEV_000083,IP_000003,2026-02-17T21:46:49,2125.85,TRANSFER_P2P,SUCCESS,NETBANKING,SCEN_LEGIT_BASELINE,LEGITIMATE,legitimate
TXN_00000281,ACC_000149,,MER_000030,DEV_000056,IP_000119,2026-02-17T21:51:36,899.0,PAYMENT_P2M,SUCCESS,CARD,SCEN_LOOKALIKE_003,LEGITIMATE_LOOKALIKE,legitimate
TXN_00001037,ACC_000388,,MER_000041,DEV_000078,IP_000096,2026-02-17T23:16:31,4521.42,PAYMENT_P2M,SUCCESS,NETBANKING,SCEN_LEGIT_BASELINE,LEGITIMATE,legitimate
TXN_00001907,ACC_000369,BEN_000089,,DEV_000031,IP_000068,2026-02-18T00:09:06,72.65,TRANSFER_P2P,SUCCESS,UPI,SCEN_LEGIT_BASELINE,LEGITIMATE,legitimate
TXN_00000061,ACC_000426,BEN_000065,,DEV_000091,IP_000064,2026-02-18T00:12:33,49000.0,TRANSFER_P2P,SUCCESS,IMPS,SCEN_COMMON_BEN_001,COMMON_BENEFICIARY_RING,ring
TXN_00000810,ACC_000341,,MER_000008,DEV_000038,IP_000124,2026-02-18T00:16:10,388.66,PAYMENT_P2M,SUCCESS,CARD,SCEN_LEGIT_BASELINE,LEGITIMATE,legitimate
TXN_00001851,ACC_000103,,MER_000014,DEV_000088,IP_000137,2026-02-18T00:59:54,650.39,PAYMENT_P2M,SUCCESS,UPI,SCEN_LEGIT_BASELINE,LEGITIMATE,legitimate
TXN_00000598,ACC_000340,,MER_000007,DEV_000065,IP_000036,2026-02-18T01:05:16,1978.06,PAYMENT_P2M,SUCCESS,NETBANKING,SCEN_LEGIT_BASELINE,LEGITIMATE,legitimate
TXN_00001577,ACC_000420,,MER_000008,DEV_000058,IP_000039,2026-02-18T04:44:50,595.63,PAYMENT_P2M,SUCCESS,NETBANKING,SCEN_LEGIT_BASELINE,LEGITIMATE,legitimate
TXN_00000552,ACC_000186,BEN_000061,,DEV_000047,IP_000099,2026-02-18T06:09:41,1266.28,TRANSFER_P2P,SUCCESS,CARD,SCEN_LEGIT_BASELINE,LEGITIMATE,legitimate
TXN_00001107,ACC_000457,,MER_000006,DEV_000084,IP_000034,2026-02-18T06:15:55,1895.21,PAYMENT_P2M,SUCCESS,UPI,SCEN_LEGIT_BASELINE,LEGITIMATE,legitimate
TXN_00000392,ACC_000070,,MER_000049,DEV_000095,IP_000068,2026-02-18T06:46:12,2111.98,PAYMENT_P2M,SUCCESS,CARD,SCEN_LEGIT_BASELINE,LEGITIMATE,legitimate
TXN_00000062,ACC_000426,BEN_000065,,DEV_000091,IP_000064,2026-02-18T07:12:33,49500.0,TRANSFER_P2P,SUCCESS,IMPS,SCEN_COMMON_BEN_001,COMMON_BENEFICIARY_RING,ring
TXN_00000973,ACC_000393,,MER_000004,DEV_000023,IP_000078,2026-02-18T08:25:15,3831.02,PAYMENT_P2M,SUCCESS,UPI,SCEN_LEGIT_BASELINE,LEGITIMATE,legitimate
TXN_00001422,ACC_000381,,MER_000018,DEV_000073,IP_000018,2026-02-18T08:26:56,1622.15,PAYMENT_P2M,SUCCESS,CARD,SCEN_LEGIT_BASELINE,LEGITIMATE,legitimate
TXN_00001609,ACC_000377,,MER_000041,DEV_000094,IP_000061,2026-02-18T08:34:44,921.38,PAYMENT_P2M,SUCCESS,NETBANKING,SCEN_LEGIT_BASELINE,LEGITIMATE,legitimate
TXN_00001390,ACC_000145,BEN_000066,,DEV_000079,IP_000094,2026-02-18T10:11:23,562.66,TRANSFER_P2P,SUCCESS,UPI,SCEN_LEGIT_BASELINE,LEGITIMATE,legitimate
TXN_00000861,ACC_000350,,MER_000046,DEV_000048,IP_000123,2026-02-18T11:20:12,1763.33,PAYMENT_P2M,SUCCESS,CARD,SCEN_LEGIT_BASELINE,LEGITIMATE,legitimate
TXN_00001654,ACC_000219,,MER_000040,DEV_000098,IP_000057,2026-02-18T11:34:26,506.18,PAYMENT_P2M,SUCCESS,NETBANKING,SCEN_LEGIT_BASELINE,LEGITIMATE,legitimate
TXN_00000722,ACC_000457,,MER_000002,DEV_000032,IP_000034,2026-02-18T15:58:57,747.92,PAYMENT_P2M,SUCCESS,UPI,SCEN_LEGIT_BASELINE,LEGITIMATE,legitimate
TXN_00001343,ACC_000478,,MER_000006,DEV_000002,IP_000051,2026-02-18T16:38:57,4028.53,PAYMENT_P2M,SUCCESS,NETBANKING,SCEN_LEGIT_BASELINE,LEGITIMATE,legitimate
TXN_00001445,ACC_000037,,MER_000027,DEV_000014,IP_000144,2026-02-18T16:54:22,797.46,PAYMENT_P2M,SUCCESS,UPI,SCEN_LEGIT_BASELINE,LEGITIMATE,legitimate
TXN_00001643,ACC_000458,,MER_000027,DEV_000093,IP_000123,2026-02-18T16:56:29,876.91,PAYMENT_P2M,SUCCESS,UPI,SCEN_LEGIT_BASELINE,LEGITIMATE,legitimate
TXN_00000410,ACC_000446,,MER_000045,DEV_000056,IP_000010,2026-02-18T17:11:35,690.07,PAYMENT_P2M,SUCCESS,UPI,SCEN_LEGIT_BASELINE,LEGITIMATE,legitimate
TXN_00001187,ACC_000161,,MER_000026,DEV_000033,IP_000126,2026-02-18T17:29:06,1188.02,PAYMENT_P2M,SUCCESS,UPI,SCEN_LEGIT_BASELINE,LEGITIMATE,legitimate
TXN_00001233,ACC_000259,,MER_000026,DEV_000048,IP_000009,2026-02-18T17:32:37,444.25,PAYMENT_P2M,SUCCESS,NETBANKING,SCEN_LEGIT_BASELINE,LEGITIMATE,legitimate
TXN_00000063,ACC_000426,BEN_000065,,DEV_000091,IP_000064,2026-02-18T18:12:33,24500.0,TRANSFER_P2P,SUCCESS,IMPS,SCEN_COMMON_BEN_001,COMMON_BENEFICIARY_RING,ring
TXN_00000286,ACC_000385,,MER_000011,DEV_000056,IP_000119,2026-02-18T18:45:08,2400.0,PAYMENT_P2M,SUCCESS,UPI,SCEN_LOOKALIKE_003,LEGITIMATE_LOOKALIKE,legitimate
TXN_00001737,ACC_000069,,MER_000043,DEV_000094,IP_000136,2026-02-18T18:55:12,76.36,PAYMENT_P2M,SUCCESS,CARD,SCEN_LEGIT_BASELINE,LEGITIMATE,legitimate
TXN_00000577,ACC_000325,,MER_000048,DEV_000077,IP_000041,2026-02-18T19:04:21,2036.41,PAYMENT_P2M,SUCCESS,CARD,SCEN_LEGIT_BASELINE,LEGITIMATE,legitimate
TXN_00001591,ACC_000122,,MER_000043,DEV_000038,IP_000136,2026-02-18T19:34:37,200.77,PAYMENT_P2M,SUCCESS,UPI,SCEN_LEGIT_BASELINE,LEGITIMATE,legitimate
TXN_00001429,ACC_000402,,MER_000012,DEV_000074,IP_000107,2026-02-18T20:05:46,178.11,PAYMENT_P2M,SUCCESS,CARD,SCEN_LEGIT_BASELINE,LEGITIMATE,legitimate
TXN_00000234,ACC_000365,,MER_000006,DEV_000051,IP_000032,2026-02-18T20:14:48,899.0,PAYMENT_P2M,SUCCESS,CARD,SCEN_LOOKALIKE_001,LEGITIMATE_LOOKALIKE,legitimate
TXN_00000752,ACC_000301,BEN_000067,,DEV_000062,IP_000072,2026-02-18T20:39:57,157.97,TRANSFER_P2P,SUCCESS,CARD,SCEN_LEGIT_BASELINE,LEGITIMATE,legitimate
TXN_00001033,ACC_000397,,MER_000030,DEV_000034,IP_000008,2026-02-18T21:04:12,3112.78,PAYMENT_P2M,SUCCESS,UPI,SCEN_LEGIT_BASELINE,LEGITIMATE,legitimate
TXN_00000251,ACC_000472,,MER_000021,DEV_000066,IP_000032,2026-02-18T22:49:15,450.0,PAYMENT_P2M,SUCCESS,CARD,SCEN_LOOKALIKE_001,LEGITIMATE_LOOKALIKE,legitimate
TXN_00000652,ACC_000019,BEN_000008,,DEV_000061,IP_000095,2026-02-18T22:56:22,391.09,TRANSFER_P2P,SUCCESS,UPI,SCEN_LEGIT_BASELINE,LEGITIMATE,legitimate
TXN_00001066,ACC_000491,,MER_000005,DEV_000100,IP_000085,2026-02-18T23:04:26,333.04,PAYMENT_P2M,SUCCESS,NETBANKING,SCEN_LEGIT_BASELINE,LEGITIMATE,legitimate
TXN_00001899,ACC_000075,,MER_000028,DEV_000001,IP_000028,2026-02-19T01:12:03,814.32,PAYMENT_P2M,SUCCESS,UPI,SCEN_LEGIT_BASELINE,LEGITIMATE,legitimate
TXN_00001166,ACC_000283,,MER_000042,DEV_000094,IP_000085,2026-02-19T01:16:31,588.37,PAYMENT_P2M,SUCCESS,UPI,SCEN_LEGIT_BASELINE,LEGITIMATE,legitimate
TXN_00001304,ACC_000246,,MER_000033,DEV_000070,IP_000089,2026-02-19T01:36:17,587.31,PAYMENT_P2M,SUCCESS,UPI,SCEN_LEGIT_BASELINE,LEGITIMATE,legitimate
TXN_00000705,ACC_000490,,MER_000024,DEV_000015,IP_000045,2026-02-19T05:50:45,572.6,PAYMENT_P2M,SUCCESS,NETBANKING,SCEN_LEGIT_BASELINE,LEGITIMATE,legitimate
TXN_00001038,ACC_000435,BEN_000021,,DEV_000028,IP_000094,2026-02-19T05:51:37,6015.2,TRANSFER_P2P,SUCCESS,UPI,SCEN_LEGIT_BASELINE,LEGITIMATE,legitimate
TXN_00001516,ACC_000169,BEN_000003,,DEV_000100,IP_000065,2026-02-19T06:28:31,659.83,TRANSFER_P2P,SUCCESS,NETBANKING,SCEN_LEGIT_BASELINE,LEGITIMATE,legitimate
TXN_00001106,ACC_000062,,MER_000044,DEV_000018,IP_000118,2026-02-19T07:44:13,474.97,PAYMENT_P2M,SUCCESS,UPI,SCEN_LEGIT_BASELINE,LEGITIMATE,legitimate
TXN_00000397,ACC_000360,BEN_000061,,DEV_000098,IP_000114,2026-02-19T08:26:32,582.17,TRANSFER_P2P,SUCCESS,NETBANKING,SCEN_LEGIT_BASELINE,LEGITIMATE,legitimate
TXN_00001373,ACC_000132,,MER_000023,DEV_000025,IP_000058,2026-02-19T08:56:44,528.33,PAYMENT_P2M,SUCCESS,NETBANKING,SCEN_LEGIT_BASELINE,LEGITIMATE,legitimate
TXN_00001694,ACC_000348,,MER_000041,DEV_000035,IP_000085,2026-02-19T09:13:54,53.94,PAYMENT_P2M,SUCCESS,CARD,SCEN_LEGIT_BASELINE,LEGITIMATE,legitimate
TXN_00001222,ACC_000159,,MER_000046,DEV_000072,IP_000070,2026-02-19T09:18:54,430.29,PAYMENT_P2M,SUCCESS,UPI,SCEN_LEGIT_BASELINE,LEGITIMATE,legitimate
TXN_00001525,ACC_000204,,MER_000038,DEV_000046,IP_000107,2026-02-19T09:39:04,467.61,PAYMENT_P2M,SUCCESS,CARD,SCEN_LEGIT_BASELINE,LEGITIMATE,legitimate
TXN_00000601,ACC_000017,,MER_000016,DEV_000060,IP_000116,2026-02-19T10:31:58,120.02,PAYMENT_P2M,SUCCESS,UPI,SCEN_LEGIT_BASELINE,LEGITIMATE,legitimate
TXN_00000382,ACC_000263,BEN_000012,,DEV_000020,IP_000094,2026-02-19T10:44:36,3094.31,TRANSFER_P2P,SUCCESS,UPI,SCEN_LEGIT_BASELINE,LEGITIMATE,legitimate
TXN_00001709,ACC_000499,BEN_000027,,DEV_000002,IP_000011,2026-02-19T11:44:17,566.81,TRANSFER_P2P,SUCCESS,CARD,SCEN_LEGIT_BASELINE,LEGITIMATE,legitimate
TXN_00000779,ACC_000490,BEN_000025,,DEV_000015,IP_000025,2026-02-19T12:50:36,879.57,TRANSFER_P2P,SUCCESS,NETBANKING,SCEN_LEGIT_BASELINE,LEGITIMATE,legitimate
TXN_00001334,ACC_000312,BEN_000085,,DEV_000015,IP_000149,2026-02-19T13:10:16,717.15,TRANSFER_P2P,SUCCESS,UPI,SCEN_LEGIT_BASELINE,LEGITIMATE,legitimate
TXN_00001306,ACC_000276,,MER_000015,DEV_000034,IP_000105,2026-02-19T13:43:11,612.94,PAYMENT_P2M,SUCCESS,CARD,SCEN_LEGIT_BASELINE,LEGITIMATE,legitimate
TXN_00001552,ACC_000012,,MER_000048,DEV_000062,IP_000134,2026-02-19T14:26:17,586.06,PAYMENT_P2M,SUCCESS,UPI,SCEN_LEGIT_BASELINE,LEGITIMATE,legitimate
TXN_00000825,ACC_000123,BEN_000081,,DEV_000005,IP_000110,2026-02-19T15:08:26,806.87,TRANSFER_P2P,SUCCESS,NETBANKING,SCEN_LEGIT_BASELINE,LEGITIMATE,legitimate
TXN_00001328,ACC_000442,BEN_000039,,DEV_000068,IP_000013,2026-02-19T16:27:55,1086.84,TRANSFER_P2P,SUCCESS,UPI,SCEN_LEGIT_BASELINE,LEGITIMATE,legitimate
TXN_00000617,ACC_000338,BEN_000031,,DEV_000055,IP_000122,2026-02-19T16:52:38,144.83,TRANSFER_P2P,SUCCESS,UPI,SCEN_LEGIT_BASELINE,LEGITIMATE,legitimate
TXN_00001908,ACC_000361,,MER_000045,DEV_000009,IP_000127,2026-02-19T17:13:01,1521.57,PAYMENT_P2M,SUCCESS,UPI,SCEN_LEGIT_BASELINE,LEGITIMATE,legitimate
TXN_00001959,ACC_000490,BEN_000003,,DEV_000015,IP_000025,2026-02-19T17:15:02,198.69,TRANSFER_P2P,SUCCESS,CARD,SCEN_LEGIT_BASELINE,LEGITIMATE,legitimate
TXN_00001979,ACC_000006,,MER_000024,DEV_000071,IP_000078,2026-02-19T17:21:07,601.77,PAYMENT_P2M,SUCCESS,UPI,SCEN_LEGIT_BASELINE,LEGITIMATE,legitimate
TXN_00000859,ACC_000090,,MER_000020,DEV_000063,IP_000052,2026-02-19T17:43:28,627.14,PAYMENT_P2M,SUCCESS,UPI,SCEN_LEGIT_BASELINE,LEGITIMATE,legitimate
TXN_00000432,ACC_000003,BEN_000043,,DEV_000025,IP_000122,2026-02-19T18:33:39,2810.43,TRANSFER_P2P,SUCCESS,CARD,SCEN_LEGIT_BASELINE,LEGITIMATE,legitimate
TXN_00000868,ACC_000459,BEN_000070,,DEV_000090,IP_000021,2026-02-19T20:16:47,345.65,TRANSFER_P2P,SUCCESS,NETBANKING,SCEN_LEGIT_BASELINE,LEGITIMATE,legitimate
TXN_00000463,ACC_000315,BEN_000004,,DEV_000069,IP_000070,2026-02-19T22:48:49,1035.76,TRANSFER_P2P,SUCCESS,CARD,SCEN_LEGIT_BASELINE,LEGITIMATE,legitimate
TXN_00001232,ACC_000122,BEN_000085,,DEV_000004,IP_000136,2026-02-19T22:51:59,1067.94,TRANSFER_P2P,SUCCESS,UPI,SCEN_LEGIT_BASELINE,LEGITIMATE,legitimate
TXN_00001444,ACC_000374,,MER_000017,DEV_000066,IP_000078,2026-02-19T23:41:18,2059.74,PAYMENT_P2M,SUCCESS,UPI,SCEN_LEGIT_BASELINE,LEGITIMATE,legitimate
TXN_00001249,ACC_000188,BEN_000011,,DEV_000031,IP_000130,2026-02-19T23:57:53,218.25,TRANSFER_P2P,SUCCESS,UPI,SCEN_LEGIT_BASELINE,LEGITIMATE,legitimate
TXN_00000736,ACC_000066,,MER_000015,DEV_000028,IP_000111,2026-02-20T00:35:36,565.25,PAYMENT_P2M,SUCCESS,UPI,SCEN_LEGIT_BASELINE,LEGITIMATE,legitimate
TXN_00000878,ACC_000155,,MER_000028,DEV_000084,IP_000072,2026-02-20T00:45:37,1054.31,PAYMENT_P2M,SUCCESS,UPI,SCEN_LEGIT_BASELINE,LEGITIMATE,legitimate
TXN_00000829,ACC_000353,,MER_000017,DEV_000066,IP_000075,2026-02-20T00:50:36,519.51,PAYMENT_P2M,SUCCESS,CARD,SCEN_LEGIT_BASELINE,LEGITIMATE,legitimate
TXN_00001807,ACC_000151,,MER_000025,DEV_000055,IP_000122,2026-02-20T01:49:45,456.39,PAYMENT_P2M,SUCCESS,NETBANKING,SCEN_LEGIT_BASELINE,LEGITIMATE,legitimate
TXN_00001237,ACC_000107,,MER_000023,DEV_000069,IP_000009,2026-02-20T01:49:51,634.88,PAYMENT_P2M,SUCCESS,NETBANKING,SCEN_LEGIT_BASELINE,LEGITIMATE,legitimate
TXN_00000662,ACC_000338,,MER_000030,DEV_000055,IP_000122,2026-02-20T01:53:30,1987.59,PAYMENT_P2M,SUCCESS,UPI,SCEN_LEGIT_BASELINE,LEGITIMATE,legitimate
TXN_00001470,ACC_000090,,MER_000025,DEV_000063,IP_000052,2026-02-20T02:27:04,213.55,PAYMENT_P2M,SUCCESS,UPI,SCEN_LEGIT_BASELINE,LEGITIMATE,legitimate
TXN_00001879,ACC_000112,,MER_000026,DEV_000076,IP_000081,2026-02-20T03:13:02,544.12,PAYMENT_P2M,SUCCESS,UPI,SCEN_LEGIT_BASELINE,LEGITIMATE,legitimate
TXN_00001520,ACC_000136,,MER_000021,DEV_000055,IP_000063,2026-02-20T03:54:12,202.22,PAYMENT_P2M,SUCCESS,UPI,SCEN_LEGIT_BASELINE,LEGITIMATE,legitimate
TXN_00001517,ACC_000221,,MER_000036,DEV_000052,IP_000009,2026-02-20T04:49:58,239.59,PAYMENT_P2M,SUCCESS,UPI,SCEN_LEGIT_BASELINE,LEGITIMATE,legitimate
TXN_00001408,ACC_000052,,MER_000042,DEV_000025,IP_000081,2026-02-20T07:19:56,1757.25,PAYMENT_P2M,SUCCESS,UPI,SCEN_LEGIT_BASELINE,LEGITIMATE,legitimate
TXN_00000823,ACC_000468,,MER_000048,DEV_000029,IP_000074,2026-02-20T07:53:51,1375.13,PAYMENT_P2M,SUCCESS,NETBANKING,SCEN_LEGIT_BASELINE,LEGITIMATE,legitimate
TXN_00000096,ACC_000061,BEN_000047,,DEV_000049,IP_000008,2026-02-20T08:01:36,49000.0,TRANSFER_P2P,SUCCESS,IMPS,SCEN_COMMON_BEN_003,COMMON_BENEFICIARY_RING,ring
TXN_00000374,ACC_000064,,MER_000027,DEV_000017,IP_000141,2026-02-20T08:32:58,1481.73,PAYMENT_P2M,SUCCESS,CARD,SCEN_LEGIT_BASELINE,LEGITIMATE,legitimate
TXN_00001137,ACC_000225,BEN_000004,,DEV_000056,IP_000059,2026-02-20T08:40:05,652.44,TRANSFER_P2P,SUCCESS,UPI,SCEN_LEGIT_BASELINE,LEGITIMATE,legitimate
TXN_00000094,ACC_000061,BEN_000047,,DEV_000049,IP_000008,2026-02-20T10:01:36,48500.0,TRANSFER_P2P,SUCCESS,IMPS,SCEN_COMMON_BEN_003,COMMON_BENEFICIARY_RING,ring
TXN_00000933,ACC_000180,BEN_000037,,DEV_000035,IP_000050,2026-02-20T10:22:41,271.88,TRANSFER_P2P,SUCCESS,CARD,SCEN_LEGIT_BASELINE,LEGITIMATE,legitimate
TXN_00000337,ACC_000143,,MER_000021,DEV_000054,IP_000063,2026-02-20T10:39:08,807.52,PAYMENT_P2M,SUCCESS,NETBANKING,SCEN_LEGIT_BASELINE,LEGITIMATE,legitimate
TXN_00000815,ACC_000195,,MER_000007,DEV_000092,IP_000012,2026-02-20T11:24:44,2490.18,PAYMENT_P2M,SUCCESS,UPI,SCEN_LEGIT_BASELINE,LEGITIMATE,legitimate
TXN_00001528,ACC_000279,,MER_000032,DEV_000091,IP_000017,2026-02-20T12:03:47,1907.85,PAYMENT_P2M,SUCCESS,CARD,SCEN_LEGIT_BASELINE,LEGITIMATE,legitimate
TXN_00000421,ACC_000285,BEN_000075,,DEV_000072,IP_000129,2026-02-20T12:14:27,4819.36,TRANSFER_P2P,SUCCESS,UPI,SCEN_LEGIT_BASELINE,LEGITIMATE,legitimate
TXN_00001437,ACC_000290,,MER_000040,DEV_000084,IP_000059,2026-02-20T13:05:58,666.35,PAYMENT_P2M,SUCCESS,NETBANKING,SCEN_LEGIT_BASELINE,LEGITIMATE,legitimate
TXN_00000097,ACC_000061,BEN_000047,,DEV_000049,IP_000008,2026-02-20T18:01:36,49500.0,TRANSFER_P2P,SUCCESS,IMPS,SCEN_COMMON_BEN_003,COMMON_BENEFICIARY_RING,ring
TXN_00000422,ACC_000341,,MER_000047,DEV_000074,IP_000124,2026-02-20T20:25:25,1137.77,PAYMENT_P2M,SUCCESS,UPI,SCEN_LEGIT_BASELINE,LEGITIMATE,legitimate
TXN_00000095,ACC_000061,BEN_000047,,DEV_000049,IP_000008,2026-02-20T21:01:36,49000.0,TRANSFER_P2P,SUCCESS,IMPS,SCEN_COMMON_BEN_003,COMMON_BENEFICIARY_RING,ring
TXN_00001030,ACC_000445,BEN_000043,,DEV_000090,IP_000114,2026-02-20T23:20:26,540.77,TRANSFER_P2P,SUCCESS,UPI,SCEN_LEGIT_BASELINE,LEGITIMATE,legitimate
TXN_00000605,ACC_000066,,MER_000029,DEV_000028,IP_000111,2026-02-21T00:08:46,153.98,PAYMENT_P2M,SUCCESS,CARD,SCEN_LEGIT_BASELINE,LEGITIMATE,legitimate
TXN_00000165,ACC_000074,BEN_000050,,DEV_000100,IP_000142,2026-02-21T00:11:59,42000.0,TRANSFER_P2P,SUCCESS,IMPS,SCEN_HIST_CONN_002,HISTORICAL_CONNECTION_RING,ring
TXN_00000163,ACC_000326,BEN_000050,,DEV_000100,IP_000142,2026-02-21T00:13:59,42000.0,TRANSFER_P2P,SUCCESS,IMPS,SCEN_HIST_CONN_002,HISTORICAL_CONNECTION_RING,ring
TXN_00000164,ACC_000160,BEN_000050,,DEV_000100,IP_000142,2026-02-21T00:22:59,42000.0,TRANSFER_P2P,SUCCESS,IMPS,SCEN_HIST_CONN_002,HISTORICAL_CONNECTION_RING,ring
TXN_00000594,ACC_000117,BEN_000036,,DEV_000047,IP_000059,2026-02-21T01:21:24,669.09,TRANSFER_P2P,SUCCESS,CARD,SCEN_LEGIT_BASELINE,LEGITIMATE,legitimate
TXN_00001518,ACC_000261,,MER_000031,DEV_000023,IP_000096,2026-02-21T02:24:48,202.77,PAYMENT_P2M,SUCCESS,UPI,SCEN_LEGIT_BASELINE,LEGITIMATE,legitimate
TXN_00001553,ACC_000396,,MER_000030,DEV_000081,IP_000097,2026-02-21T02:29:10,173.29,PAYMENT_P2M,SUCCESS,UPI,SCEN_LEGIT_BASELINE,LEGITIMATE,legitimate
TXN_00000814,ACC_000486,,MER_000049,DEV_000072,IP_000059,2026-02-21T03:14:18,1031.64,PAYMENT_P2M,SUCCESS,UPI,SCEN_LEGIT_BASELINE,LEGITIMATE,legitimate
TXN_00001514,ACC_000441,,MER_000002,DEV_000075,IP_000118,2026-02-21T05:14:12,2130.46,PAYMENT_P2M,SUCCESS,CARD,SCEN_LEGIT_BASELINE,LEGITIMATE,legitimate
TXN_00000284,ACC_000385,,MER_000026,DEV_000056,IP_000119,2026-02-21T05:17:50,2400.0,PAYMENT_P2M,SUCCESS,CARD,SCEN_LOOKALIKE_003,LEGITIMATE_LOOKALIKE,legitimate
TXN_00000953,ACC_000386,,MER_000007,DEV_000082,IP_000102,2026-02-21T05:23:10,565.75,PAYMENT_P2M,SUCCESS,UPI,SCEN_LEGIT_BASELINE,LEGITIMATE,legitimate
TXN_00000458,ACC_000400,,MER_000012,DEV_000057,IP_000108,2026-02-21T05:54:24,925.5,PAYMENT_P2M,SUCCESS,NETBANKING,SCEN_LEGIT_BASELINE,LEGITIMATE,legitimate
TXN_00000424,ACC_000337,,MER_000026,DEV_000037,IP_000087,2026-02-21T06:35:11,566.18,PAYMENT_P2M,SUCCESS,CARD,SCEN_LEGIT_BASELINE,LEGITIMATE,legitimate
TXN_00000912,ACC_000126,,MER_000036,DEV_000070,IP_000040,2026-02-21T08:31:51,1536.87,PAYMENT_P2M,SUCCESS,CARD,SCEN_LEGIT_BASELINE,LEGITIMATE,legitimate
TXN_00001250,ACC_000442,,MER_000002,DEV_000068,IP_000116,2026-02-21T08:47:43,2985.42,PAYMENT_P2M,SUCCESS,UPI,SCEN_LEGIT_BASELINE,LEGITIMATE,legitimate
TXN_00001278,ACC_000088,BEN_000075,,DEV_000057,IP_000054,2026-02-21T09:00:45,938.39,TRANSFER_P2P,SUCCESS,UPI,SCEN_LEGIT_BASELINE,LEGITIMATE,legitimate
TXN_00001430,ACC_000456,BEN_000007,,DEV_000050,IP_000076,2026-02-21T09:17:18,528.67,TRANSFER_P2P,SUCCESS,UPI,SCEN_LEGIT_BASELINE,LEGITIMATE,legitimate
TXN_00000291,ACC_000318,,MER_000041,DEV_000069,IP_000049,2026-02-21T09:37:38,150.0,PAYMENT_P2M,SUCCESS,UPI,SCEN_LOOKALIKE_004,LEGITIMATE_LOOKALIKE,legitimate
TXN_00001588,ACC_000008,BEN_000011,,DEV_000021,IP_000120,2026-02-21T10:13:15,8624.16,TRANSFER_P2P,SUCCESS,NETBANKING,SCEN_LEGIT_BASELINE,LEGITIMATE,legitimate
TXN_00001241,ACC_000120,,MER_000038,DEV_000036,IP_000074,2026-02-21T10:36:18,1899.61,PAYMENT_P2M,SUCCESS,NETBANKING,SCEN_LEGIT_BASELINE,LEGITIMATE,legitimate
TXN_00001029,ACC_000085,,MER_000009,DEV_000068,IP_000039,2026-02-21T11:29:26,1211.05,PAYMENT_P2M,SUCCESS,CARD,SCEN_LEGIT_BASELINE,LEGITIMATE,legitimate
TXN_00001402,ACC_000319,,MER_000011,DEV_000055,IP_000102,2026-02-21T12:25:02,105.75,PAYMENT_P2M,SUCCESS,UPI,SCEN_LEGIT_BASELINE,LEGITIMATE,legitimate
TXN_00000837,ACC_000130,,MER_000020,DEV_000040,IP_000037,2026-02-21T14:06:31,98.84,PAYMENT_P2M,SUCCESS,NETBANKING,SCEN_LEGIT_BASELINE,LEGITIMATE,legitimate
TXN_00001397,ACC_000051,,MER_000038,DEV_000092,IP_000140,2026-02-21T15:03:10,526.81,PAYMENT_P2M,SUCCESS,UPI,SCEN_LEGIT_BASELINE,LEGITIMATE,legitimate
TXN_00001176,ACC_000486,BEN_000056,,DEV_000021,IP_000059,2026-02-21T16:22:16,515.16,TRANSFER_P2P,SUCCESS,NETBANKING,SCEN_LEGIT_BASELINE,LEGITIMATE,legitimate
TXN_00000997,ACC_000105,BEN_000014,,DEV_000077,IP_000048,2026-02-21T17:05:10,4842.37,TRANSFER_P2P,SUCCESS,CARD,SCEN_LEGIT_BASELINE,LEGITIMATE,legitimate
TXN_00000356,ACC_000065,,MER_000023,DEV_000035,IP_000050,2026-02-21T17:49:22,734.01,PAYMENT_P2M,SUCCESS,NETBANKING,SCEN_LEGIT_BASELINE,LEGITIMATE,legitimate
TXN_00001839,ACC_000360,,MER_000030,DEV_000020,IP_000114,2026-02-21T20:22:21,360.01,PAYMENT_P2M,SUCCESS,NETBANKING,SCEN_LEGIT_BASELINE,LEGITIMATE,legitimate
TXN_00001145,ACC_000057,BEN_000097,,DEV_000004,IP_000086,2026-02-21T21:00:29,2583.98,TRANSFER_P2P,SUCCESS,UPI,SCEN_LEGIT_BASELINE,LEGITIMATE,legitimate
TXN_00000455,ACC_000260,,MER_000006,DEV_000003,IP_000078,2026-02-21T21:49:10,425.9,PAYMENT_P2M,SUCCESS,UPI,SCEN_LEGIT_BASELINE,LEGITIMATE,legitimate
TXN_00001152,ACC_000229,,MER_000011,DEV_000032,IP_000009,2026-02-21T22:53:54,798.87,PAYMENT_P2M,SUCCESS,UPI,SCEN_LEGIT_BASELINE,LEGITIMATE,legitimate
TXN_00000946,ACC_000436,BEN_000061,,DEV_000085,IP_000016,2026-02-22T00:24:18,490.53,TRANSFER_P2P,SUCCESS,UPI,SCEN_LEGIT_BASELINE,LEGITIMATE,legitimate
TXN_00000975,ACC_000341,BEN_000048,,DEV_000074,IP_000124,2026-02-22T00:36:11,5011.53,TRANSFER_P2P,SUCCESS,CARD,SCEN_LEGIT_BASELINE,LEGITIMATE,legitimate
TXN_00001089,ACC_000471,,MER_000022,DEV_000050,IP_000033,2026-02-22T00:37:23,2170.54,PAYMENT_P2M,SUCCESS,UPI,SCEN_LEGIT_BASELINE,LEGITIMATE,legitimate
TXN_00000322,ACC_000409,,MER_000001,DEV_000056,IP_000119,2026-02-22T02:19:11,4266.68,PAYMENT_P2M,SUCCESS,CARD,SCEN_LEGIT_BASELINE,LEGITIMATE,legitimate
TXN_00000334,ACC_000305,,MER_000029,DEV_000006,IP_000005,2026-02-22T02:50:07,229.57,PAYMENT_P2M,SUCCESS,UPI,SCEN_LEGIT_BASELINE,LEGITIMATE,legitimate
TXN_00000689,ACC_000462,BEN_000095,,DEV_000024,IP_000112,2026-02-22T02:58:27,3651.31,TRANSFER_P2P,SUCCESS,UPI,SCEN_LEGIT_BASELINE,LEGITIMATE,legitimate
TXN_00001229,ACC_000167,,MER_000044,DEV_000021,IP_000099,2026-02-22T03:32:42,54.33,PAYMENT_P2M,SUCCESS,UPI,SCEN_LEGIT_BASELINE,LEGITIMATE,legitimate
TXN_00001417,ACC_000096,,MER_000008,DEV_000037,IP_000136,2026-02-22T04:16:03,2150.01,PAYMENT_P2M,SUCCESS,UPI,SCEN_LEGIT_BASELINE,LEGITIMATE,legitimate
TXN_00001581,ACC_000103,BEN_000070,,DEV_000088,IP_000133,2026-02-22T04:22:29,2038.2,TRANSFER_P2P,SUCCESS,UPI,SCEN_LEGIT_BASELINE,LEGITIMATE,legitimate
TXN_00000684,ACC_000193,,MER_000009,DEV_000072,IP_000003,2026-02-22T05:14:34,1426.32,PAYMENT_P2M,SUCCESS,CARD,SCEN_LEGIT_BASELINE,LEGITIMATE,legitimate
TXN_00001845,ACC_000049,,MER_000046,DEV_000006,IP_000142,2026-02-22T05:43:15,756.87,PAYMENT_P2M,SUCCESS,UPI,SCEN_LEGIT_BASELINE,LEGITIMATE,legitimate
TXN_00001489,ACC_000179,,MER_000021,DEV_000032,IP_000034,2026-02-22T05:47:44,1435.1,PAYMENT_P2M,SUCCESS,CARD,SCEN_LEGIT_BASELINE,LEGITIMATE,legitimate
TXN_00001858,ACC_000379,BEN_000016,,DEV_000049,IP_000038,2026-02-22T05:52:39,208.86,TRANSFER_P2P,SUCCESS,UPI,SCEN_LEGIT_BASELINE,LEGITIMATE,legitimate
TXN_00001537,ACC_000056,,MER_000023,DEV_000060,IP_000038,2026-02-22T06:44:09,1658.66,PAYMENT_P2M,SUCCESS,UPI,SCEN_LEGIT_BASELINE,LEGITIMATE,legitimate
TXN_00000348,ACC_000211,BEN_000008,,DEV_000016,IP_000087,2026-02-22T07:33:48,104.14,TRANSFER_P2P,SUCCESS,CARD,SCEN_LEGIT_BASELINE,LEGITIMATE,legitimate
TXN_00000220,ACC_000157,BEN_000036,,DEV_000023,IP_000132,2026-02-22T07:51:04,49999.0,TRANSFER_P2P,SUCCESS,IMPS,SCEN_COMBINED_RING_003,COMBINED_RING,ring
TXN_00000221,ACC_000157,BEN_000036,,DEV_000023,IP_000132,2026-02-22T07:51:19,99500.0,TRANSFER_P2P,SUCCESS,IMPS,SCEN_COMBINED_RING_003,COMBINED_RING,ring
TXN_00000222,ACC_000197,BEN_000036,,DEV_000023,IP_000132,2026-02-22T07:52:55,49500.0,TRANSFER_P2P,SUCCESS,IMPS,SCEN_COMBINED_RING_003,COMBINED_RING,ring
TXN_00000223,ACC_000197,BEN_000036,,DEV_000023,IP_000132,2026-02-22T07:53:17,49999.0,TRANSFER_P2P,SUCCESS,IMPS,SCEN_COMBINED_RING_003,COMBINED_RING,ring
TXN_00000224,ACC_000197,BEN_000036,,DEV_000023,IP_000132,2026-02-22T07:53:48,49999.0,TRANSFER_P2P,SUCCESS,IMPS,SCEN_COMBINED_RING_003,COMBINED_RING,ring
TXN_00000225,ACC_000366,BEN_000036,,DEV_000023,IP_000132,2026-02-22T07:54:54,99500.0,TRANSFER_P2P,SUCCESS,IMPS,SCEN_COMBINED_RING_003,COMBINED_RING,ring
TXN_00000226,ACC_000366,BEN_000036,,DEV_000023,IP_000132,2026-02-22T07:55:26,49000.0,TRANSFER_P2P,SUCCESS,IMPS,SCEN_COMBINED_RING_003,COMBINED_RING,ring
TXN_00000227,ACC_000154,BEN_000036,,DEV_000023,IP_000132,2026-02-22T07:56:53,49000.0,TRANSFER_P2P,SUCCESS,IMPS,SCEN_COMBINED_RING_003,COMBINED_RING,ring
TXN_00000228,ACC_000154,BEN_000036,,DEV_000023,IP_000132,2026-02-22T07:57:20,49500.0,TRANSFER_P2P,SUCCESS,IMPS,SCEN_COMBINED_RING_003,COMBINED_RING,ring
TXN_00000229,ACC_000154,BEN_000036,,DEV_000023,IP_000132,2026-02-22T07:57:50,49500.0,TRANSFER_P2P,SUCCESS,IMPS,SCEN_COMBINED_RING_003,COMBINED_RING,ring
TXN_00000230,ACC_000154,BEN_000036,,DEV_000023,IP_000132,2026-02-22T07:58:06,49000.0,TRANSFER_P2P,SUCCESS,IMPS,SCEN_COMBINED_RING_003,COMBINED_RING,ring
TXN_00000231,ACC_000047,BEN_000036,,DEV_000023,IP_000132,2026-02-22T07:58:57,49500.0,TRANSFER_P2P,SUCCESS,IMPS,SCEN_COMBINED_RING_003,COMBINED_RING,ring
TXN_00000232,ACC_000047,BEN_000036,,DEV_000023,IP_000132,2026-02-22T07:59:25,49500.0,TRANSFER_P2P,SUCCESS,IMPS,SCEN_COMBINED_RING_003,COMBINED_RING,ring
TXN_00000233,ACC_000047,BEN_000036,,DEV_000023,IP_000132,2026-02-22T07:59:44,99500.0,TRANSFER_P2P,SUCCESS,IMPS,SCEN_COMBINED_RING_003,COMBINED_RING,ring
TXN_00001802,ACC_000345,,MER_000019,DEV_000081,IP_000058,2026-02-22T09:04:24,456.31,PAYMENT_P2M,SUCCESS,UPI,SCEN_LEGIT_BASELINE,LEGITIMATE,legitimate
TXN_00001718,ACC_000109,BEN_000060,,DEV_000008,IP_000139,2026-02-22T10:10:06,574.31,TRANSFER_P2P,SUCCESS,NETBANKING,SCEN_LEGIT_BASELINE,LEGITIMATE,legitimate
TXN_00001840,ACC_000084,,MER_000004,DEV_000052,IP_000048,2026-02-22T11:39:26,352.08,PAYMENT_P2M,SUCCESS,CARD,SCEN_LEGIT_BASELINE,LEGITIMATE,legitimate
TXN_00001969,ACC_000085,BEN_000043,,DEV_000068,IP_000039,2026-02-22T11:56:09,2677.19,TRANSFER_P2P,SUCCESS,UPI,SCEN_LEGIT_BASELINE,LEGITIMATE,legitimate
TXN_00000431,ACC_000165,BEN_000001,,DEV_000053,IP_000003,2026-02-22T13:36:41,3464.21,TRANSFER_P2P,SUCCESS,UPI,SCEN_LEGIT_BASELINE,LEGITIMATE,legitimate
TXN_00001819,ACC_000058,,MER_000025,DEV_000003,IP_000091,2026-02-22T13:57:55,436.18,PAYMENT_P2M,SUCCESS,NETBANKING,SCEN_LEGIT_BASELINE,LEGITIMATE,legitimate
TXN_00000889,ACC_000378,BEN_000026,,DEV_000092,IP_000119,2026-02-22T14:14:34,1529.04,TRANSFER_P2P,SUCCESS,UPI,SCEN_LEGIT_BASELINE,LEGITIMATE,legitimate
TXN_00000926,ACC_000437,,MER_000030,DEV_000046,IP_000082,2026-02-22T18:08:11,2051.21,PAYMENT_P2M,SUCCESS,NETBANKING,SCEN_LEGIT_BASELINE,LEGITIMATE,legitimate
TXN_00001854,ACC_000431,BEN_000094,,DEV_000077,IP_000122,2026-02-22T18:45:18,3850.57,TRANSFER_P2P,SUCCESS,CARD,SCEN_LEGIT_BASELINE,LEGITIMATE,legitimate
TXN_00001259,ACC_000312,,MER_000008,DEV_000029,IP_000149,2026-02-22T19:31:53,452.79,PAYMENT_P2M,SUCCESS,UPI,SCEN_LEGIT_BASELINE,LEGITIMATE,legitimate
TXN_00001868,ACC_000443,BEN_000068,,DEV_000018,IP_000045,2026-02-22T19:48:46,4996.53,TRANSFER_P2P,SUCCESS,CARD,SCEN_LEGIT_BASELINE,LEGITIMATE,legitimate
TXN_00000401,ACC_000259,BEN_000097,,DEV_000048,IP_000009,2026-02-22T20:03:16,619.51,TRANSFER_P2P,SUCCESS,UPI,SCEN_LEGIT_BASELINE,LEGITIMATE,legitimate
TXN_00001312,ACC_000381,,MER_000028,DEV_000012,IP_000064,2026-02-22T20:11:40,1638.04,PAYMENT_P2M,SUCCESS,CARD,SCEN_LEGIT_BASELINE,LEGITIMATE,legitimate
TXN_00000268,ACC_000307,BEN_000059,,DEV_000005,IP_000044,2026-02-22T21:22:25,2400.0,TRANSFER_P2P,SUCCESS,NETBANKING,SCEN_LOOKALIKE_002,LEGITIMATE_LOOKALIKE,legitimate
TXN_00001608,ACC_000093,,MER_000006,DEV_000078,IP_000062,2026-02-22T22:14:00,753.63,PAYMENT_P2M,SUCCESS,UPI,SCEN_LEGIT_BASELINE,LEGITIMATE,legitimate
TXN_00000530,ACC_000397,,MER_000043,DEV_000075,IP_000131,2026-02-22T22:28:56,2229.3,PAYMENT_P2M,SUCCESS,UPI,SCEN_LEGIT_BASELINE,LEGITIMATE,legitimate
TXN_00001667,ACC_000140,,MER_000019,DEV_000024,IP_000018,2026-02-22T23:13:46,1003.16,PAYMENT_P2M,SUCCESS,UPI,SCEN_LEGIT_BASELINE,LEGITIMATE,legitimate
TXN_00001228,ACC_000042,,MER_000022,DEV_000099,IP_000120,2026-02-22T23:17:50,493.69,PAYMENT_P2M,SUCCESS,CARD,SCEN_LEGIT_BASELINE,LEGITIMATE,legitimate
TXN_00001172,ACC_000283,,MER_000045,DEV_000094,IP_000085,2026-02-23T00:33:30,667.4,PAYMENT_P2M,SUCCESS,UPI,SCEN_LEGIT_BASELINE,LEGITIMATE,legitimate
TXN_00001242,ACC_000485,,MER_000037,DEV_000048,IP_000100,2026-02-23T01:41:28,3302.8,PAYMENT_P2M,SUCCESS,CARD,SCEN_LEGIT_BASELINE,LEGITIMATE,legitimate
TXN_00000411,ACC_000407,BEN_000063,,DEV_000100,IP_000105,2026-02-23T05:14:45,377.15,TRANSFER_P2P,SUCCESS,NETBANKING,SCEN_LEGIT_BASELINE,LEGITIMATE,legitimate
TXN_00001640,ACC_000271,BEN_000023,,DEV_000080,IP_000149,2026-02-23T08:28:19,162.25,TRANSFER_P2P,SUCCESS,CARD,SCEN_LEGIT_BASELINE,LEGITIMATE,legitimate
TXN_00000339,ACC_000483,,MER_000002,DEV_000031,IP_000043,2026-02-23T10:38:14,1397.25,PAYMENT_P2M,SUCCESS,NETBANKING,SCEN_LEGIT_BASELINE,LEGITIMATE,legitimate
TXN_00001053,ACC_000029,,MER_000035,DEV_000043,IP_000014,2026-02-23T11:00:29,100.85,PAYMENT_P2M,SUCCESS,UPI,SCEN_LEGIT_BASELINE,LEGITIMATE,legitimate
TXN_00000678,ACC_000097,BEN_000004,,DEV_000074,IP_000049,2026-02-23T11:07:26,2526.34,TRANSFER_P2P,SUCCESS,UPI,SCEN_LEGIT_BASELINE,LEGITIMATE,legitimate
TXN_00000979,ACC_000240,,MER_000038,DEV_000030,IP_000146,2026-02-23T11:21:18,148.44,PAYMENT_P2M,SUCCESS,UPI,SCEN_LEGIT_BASELINE,LEGITIMATE,legitimate
TXN_00000628,ACC_000312,,MER_000006,DEV_000015,IP_000149,2026-02-23T11:29:25,1662.07,PAYMENT_P2M,SUCCESS,CARD,SCEN_LEGIT_BASELINE,LEGITIMATE,legitimate
TXN_00001990,ACC_000400,,MER_000030,DEV_000057,IP_000108,2026-02-23T12:01:32,136.91,PAYMENT_P2M,SUCCESS,UPI,SCEN_LEGIT_BASELINE,LEGITIMATE,legitimate
TXN_00001218,ACC_000057,BEN_000014,,DEV_000014,IP_000086,2026-02-23T12:40:10,1194.34,TRANSFER_P2P,SUCCESS,UPI,SCEN_LEGIT_BASELINE,LEGITIMATE,legitimate
TXN_00000986,ACC_000029,,MER_000038,DEV_000011,IP_000014,2026-02-23T14:18:11,780.12,PAYMENT_P2M,SUCCESS,UPI,SCEN_LEGIT_BASELINE,LEGITIMATE,legitimate
TXN_00001864,ACC_000030,,MER_000035,DEV_000018,IP_000071,2026-02-23T14:55:27,880.16,PAYMENT_P2M,SUCCESS,NETBANKING,SCEN_LEGIT_BASELINE,LEGITIMATE,legitimate
TXN_00000428,ACC_000319,BEN_000055,,DEV_000055,IP_000102,2026-02-23T15:26:43,518.65,TRANSFER_P2P,SUCCESS,UPI,SCEN_LEGIT_BASELINE,LEGITIMATE,legitimate
TXN_00000713,ACC_000304,,MER_000007,DEV_000001,IP_000065,2026-02-23T16:11:33,1004.07,PAYMENT_P2M,SUCCESS,UPI,SCEN_LEGIT_BASELINE,LEGITIMATE,legitimate
TXN_00001680,ACC_000334,BEN_000092,,DEV_000032,IP_000051,2026-02-23T16:26:08,2306.9,TRANSFER_P2P,SUCCESS,NETBANKING,SCEN_LEGIT_BASELINE,LEGITIMATE,legitimate
TXN_00000072,ACC_000022,BEN_000065,,DEV_000078,IP_000118,2026-02-23T17:08:06,49500.0,TRANSFER_P2P,SUCCESS,IMPS,SCEN_COMMON_BEN_001,COMMON_BENEFICIARY_RING,ring
TXN_00001193,ACC_000258,BEN_000029,,DEV_000090,IP_000144,2026-02-23T17:36:24,553.52,TRANSFER_P2P,SUCCESS,UPI,SCEN_LEGIT_BASELINE,LEGITIMATE,legitimate
TXN_00002000,ACC_000464,BEN_000097,,DEV_000057,IP_000119,2026-02-23T18:22:02,637.13,TRANSFER_P2P,SUCCESS,NETBANKING,SCEN_LEGIT_BASELINE,LEGITIMATE,legitimate
TXN_00000504,ACC_000222,,MER_000040,DEV_000068,IP_000068,2026-02-23T20:02:07,200.71,PAYMENT_P2M,SUCCESS,CARD,SCEN_LEGIT_BASELINE,LEGITIMATE,legitimate
TXN_00001076,ACC_000374,,MER_000023,DEV_000051,IP_000078,2026-02-23T20:41:37,1588.0,PAYMENT_P2M,SUCCESS,UPI,SCEN_LEGIT_BASELINE,LEGITIMATE,legitimate
TXN_00001637,ACC_000364,,MER_000032,DEV_000062,IP_000124,2026-02-23T21:26:40,616.09,PAYMENT_P2M,SUCCESS,CARD,SCEN_LEGIT_BASELINE,LEGITIMATE,legitimate
TXN_00001685,ACC_000461,,MER_000001,DEV_000009,IP_000093,2026-02-23T21:29:12,1401.07,PAYMENT_P2M,SUCCESS,NETBANKING,SCEN_LEGIT_BASELINE,LEGITIMATE,legitimate
TXN_00001165,ACC_000386,,MER_000028,DEV_000082,IP_000114,2026-02-23T21:58:17,72.29,PAYMENT_P2M,SUCCESS,NETBANKING,SCEN_LEGIT_BASELINE,LEGITIMATE,legitimate
TXN_00000596,ACC_000313,,MER_000024,DEV_000032,IP_000140,2026-02-23T23:52:35,3013.79,PAYMENT_P2M,SUCCESS,NETBANKING,SCEN_LEGIT_BASELINE,LEGITIMATE,legitimate
TXN_00000542,ACC_000105,BEN_000046,,DEV_000077,IP_000138,2026-02-23T23:55:12,142.49,TRANSFER_P2P,SUCCESS,UPI,SCEN_LEGIT_BASELINE,LEGITIMATE,legitimate
TXN_00001527,ACC_000356,BEN_000084,,DEV_000091,IP_000011,2026-02-24T01:59:12,494.02,TRANSFER_P2P,SUCCESS,UPI,SCEN_LEGIT_BASELINE,LEGITIMATE,legitimate
TXN_00001942,ACC_000134,,MER_000046,DEV_000061,IP_000083,2026-02-24T03:50:38,4537.6,PAYMENT_P2M,SUCCESS,CARD,SCEN_LEGIT_BASELINE,LEGITIMATE,legitimate
TXN_00000327,ACC_000131,,MER_000013,DEV_000052,IP_000100,2026-02-24T04:01:36,2223.2,PAYMENT_P2M,SUCCESS,UPI,SCEN_LEGIT_BASELINE,LEGITIMATE,legitimate
TXN_00000587,ACC_000367,,MER_000007,DEV_000030,IP_000046,2026-02-24T04:09:01,2173.1,PAYMENT_P2M,SUCCESS,CARD,SCEN_LEGIT_BASELINE,LEGITIMATE,legitimate
TXN_00000882,ACC_000268,,MER_000013,DEV_000091,IP_000065,2026-02-24T05:26:55,998.33,PAYMENT_P2M,SUCCESS,CARD,SCEN_LEGIT_BASELINE,LEGITIMATE,legitimate
TXN_00000520,ACC_000462,BEN_000028,,DEV_000021,IP_000082,2026-02-24T06:20:36,1926.93,TRANSFER_P2P,SUCCESS,NETBANKING,SCEN_LEGIT_BASELINE,LEGITIMATE,legitimate
TXN_00001248,ACC_000451,,MER_000030,DEV_000093,IP_000065,2026-02-24T07:37:23,1280.08,PAYMENT_P2M,SUCCESS,UPI,SCEN_LEGIT_BASELINE,LEGITIMATE,legitimate
TXN_00001493,ACC_000059,,MER_000042,DEV_000006,IP_000030,2026-02-24T07:40:03,2467.1,PAYMENT_P2M,SUCCESS,UPI,SCEN_LEGIT_BASELINE,LEGITIMATE,legitimate
TXN_00000929,ACC_000194,,MER_000004,DEV_000085,IP_000089,2026-02-24T08:57:54,211.47,PAYMENT_P2M,SUCCESS,UPI,SCEN_LEGIT_BASELINE,LEGITIMATE,legitimate
TXN_00000263,ACC_000078,BEN_000059,,DEV_000097,IP_000088,2026-02-24T10:07:47,2400.0,TRANSFER_P2P,SUCCESS,UPI,SCEN_LOOKALIKE_002,LEGITIMATE_LOOKALIKE,legitimate
TXN_00001721,ACC_000461,BEN_000009,,DEV_000009,IP_000093,2026-02-24T10:43:18,157.33,TRANSFER_P2P,SUCCESS,NETBANKING,SCEN_LEGIT_BASELINE,LEGITIMATE,legitimate
TXN_00000970,ACC_000327,,MER_000026,DEV_000031,IP_000006,2026-02-24T10:59:46,1047.24,PAYMENT_P2M,SUCCESS,NETBANKING,SCEN_LEGIT_BASELINE,LEGITIMATE,legitimate
TXN_00001501,ACC_000243,BEN_000018,,DEV_000071,IP_000078,2026-02-24T12:07:32,647.45,TRANSFER_P2P,SUCCESS,UPI,SCEN_LEGIT_BASELINE,LEGITIMATE,legitimate
TXN_00000073,ACC_000022,BEN_000065,,DEV_000078,IP_000118,2026-02-24T13:08:06,49000.0,TRANSFER_P2P,SUCCESS,IMPS,SCEN_COMMON_BEN_001,COMMON_BENEFICIARY_RING,ring
TXN_00000941,ACC_000081,BEN_000054,,DEV_000071,IP_000077,2026-02-24T14:05:33,269.2,TRANSFER_P2P,SUCCESS,UPI,SCEN_LEGIT_BASELINE,LEGITIMATE,legitimate
TXN_00001584,ACC_000138,,MER_000031,DEV_000010,IP_000050,2026-02-24T14:19:17,82.1,PAYMENT_P2M,SUCCESS,NETBANKING,SCEN_LEGIT_BASELINE,LEGITIMATE,legitimate
TXN_00000484,ACC_000051,BEN_000038,,DEV_000092,IP_000140,2026-02-24T14:53:00,2126.54,TRANSFER_P2P,SUCCESS,UPI,SCEN_LEGIT_BASELINE,LEGITIMATE,legitimate
TXN_00001156,ACC_000059,BEN_000072,,DEV_000051,IP_000030,2026-02-24T16:07:06,403.36,TRANSFER_P2P,SUCCESS,CARD,SCEN_LEGIT_BASELINE,LEGITIMATE,legitimate
TXN_00001651,ACC_000334,,MER_000034,DEV_000032,IP_000051,2026-02-24T16:08:04,209.15,PAYMENT_P2M,SUCCESS,CARD,SCEN_LEGIT_BASELINE,LEGITIMATE,legitimate
TXN_00001070,ACC_000335,,MER_000024,DEV_000053,IP_000082,2026-02-24T16:41:12,95.41,PAYMENT_P2M,SUCCESS,NETBANKING,SCEN_LEGIT_BASELINE,LEGITIMATE,legitimate
TXN_00001260,ACC_000409,,MER_000023,DEV_000056,IP_000119,2026-02-24T17:45:53,1230.73,PAYMENT_P2M,SUCCESS,NETBANKING,SCEN_LEGIT_BASELINE,LEGITIMATE,legitimate
TXN_00000331,ACC_000187,,MER_000010,DEV_000083,IP_000020,2026-02-24T20:07:09,182.32,PAYMENT_P2M,SUCCESS,NETBANKING,SCEN_LEGIT_BASELINE,LEGITIMATE,legitimate
TXN_00000521,ACC_000267,,MER_000022,DEV_000034,IP_000052,2026-02-24T20:50:04,2028.68,PAYMENT_P2M,SUCCESS,UPI,SCEN_LEGIT_BASELINE,LEGITIMATE,legitimate
TXN_00000808,ACC_000218,,MER_000004,DEV_000006,IP_000049,2026-02-24T21:19:25,287.4,PAYMENT_P2M,SUCCESS,NETBANKING,SCEN_LEGIT_BASELINE,LEGITIMATE,legitimate
TXN_00001931,ACC_000156,,MER_000013,DEV_000037,IP_000050,2026-02-24T21:23:57,343.64,PAYMENT_P2M,SUCCESS,UPI,SCEN_LEGIT_BASELINE,LEGITIMATE,legitimate
TXN_00000485,ACC_000461,,MER_000037,DEV_000009,IP_000143,2026-02-24T21:55:38,1576.54,PAYMENT_P2M,SUCCESS,UPI,SCEN_LEGIT_BASELINE,LEGITIMATE,legitimate
TXN_00000741,ACC_000462,BEN_000049,,DEV_000021,IP_000082,2026-02-24T22:55:39,592.81,TRANSFER_P2P,SUCCESS,NETBANKING,SCEN_LEGIT_BASELINE,LEGITIMATE,legitimate
TXN_00001821,ACC_000260,BEN_000093,,DEV_000003,IP_000078,2026-02-24T23:00:39,208.36,TRANSFER_P2P,SUCCESS,UPI,SCEN_LEGIT_BASELINE,LEGITIMATE,legitimate
TXN_00000881,ACC_000077,,MER_000022,DEV_000027,IP_000010,2026-02-24T23:24:58,412.01,PAYMENT_P2M,SUCCESS,UPI,SCEN_LEGIT_BASELINE,LEGITIMATE,legitimate
TXN_00001073,ACC_000239,,MER_000007,DEV_000070,IP_000144,2026-02-24T23:52:21,855.61,PAYMENT_P2M,SUCCESS,CARD,SCEN_LEGIT_BASELINE,LEGITIMATE,legitimate
TXN_00000344,ACC_000259,,MER_000027,DEV_000048,IP_000009,2026-02-24T23:57:21,1503.41,PAYMENT_P2M,SUCCESS,NETBANKING,SCEN_LEGIT_BASELINE,LEGITIMATE,legitimate
TXN_00001701,ACC_000155,,MER_000031,DEV_000084,IP_000143,2026-02-25T01:11:21,1128.16,PAYMENT_P2M,SUCCESS,UPI,SCEN_LEGIT_BASELINE,LEGITIMATE,legitimate
TXN_00000480,ACC_000400,BEN_000084,,DEV_000057,IP_000108,2026-02-25T01:15:26,402.23,TRANSFER_P2P,SUCCESS,UPI,SCEN_LEGIT_BASELINE,LEGITIMATE,legitimate
TXN_00001698,ACC_000294,,MER_000044,DEV_000066,IP_000107,2026-02-25T01:34:11,837.9,PAYMENT_P2M,SUCCESS,UPI,SCEN_LEGIT_BASELINE,LEGITIMATE,legitimate
TXN_00001740,ACC_000053,,MER_000014,DEV_000025,IP_000097,2026-02-25T04:10:56,973.48,PAYMENT_P2M,SUCCESS,NETBANKING,SCEN_LEGIT_BASELINE,LEGITIMATE,legitimate
TXN_00001570,ACC_000159,,MER_000007,DEV_000072,IP_000010,2026-02-25T05:25:08,565.84,PAYMENT_P2M,SUCCESS,CARD,SCEN_LEGIT_BASELINE,LEGITIMATE,legitimate
TXN_00000335,ACC_000356,,MER_000036,DEV_000091,IP_000011,2026-02-25T05:45:59,321.03,PAYMENT_P2M,SUCCESS,UPI,SCEN_LEGIT_BASELINE,LEGITIMATE,legitimate
TXN_00001832,ACC_000379,BEN_000080,,DEV_000049,IP_000038,2026-02-25T05:49:58,3629.02,TRANSFER_P2P,SUCCESS,UPI,SCEN_LEGIT_BASELINE,LEGITIMATE,legitimate
TXN_00000718,ACC_000323,,MER_000047,DEV_000041,IP_000083,2026-02-25T06:31:56,165.41,PAYMENT_P2M,SUCCESS,CARD,SCEN_LEGIT_BASELINE,LEGITIMATE,legitimate
TXN_00001628,ACC_000498,,MER_000037,DEV_000084,IP_000036,2026-02-25T06:45:23,218.45,PAYMENT_P2M,SUCCESS,UPI,SCEN_LEGIT_BASELINE,LEGITIMATE,legitimate
TXN_00000288,ACC_000318,,MER_000031,DEV_000069,IP_000049,2026-02-25T07:14:37,2400.0,PAYMENT_P2M,SUCCESS,CARD,SCEN_LOOKALIKE_004,LEGITIMATE_LOOKALIKE,legitimate
TXN_00000756,ACC_000056,,MER_000024,DEV_000083,IP_000038,2026-02-25T11:55:04,340.66,PAYMENT_P2M,SUCCESS,CARD,SCEN_LEGIT_BASELINE,LEGITIMATE,legitimate
TXN_00001236,ACC_000098,,MER_000017,DEV_000080,IP_000115,2026-02-25T12:10:35,1434.58,PAYMENT_P2M,SUCCESS,CARD,SCEN_LEGIT_BASELINE,LEGITIMATE,legitimate
TXN_00001968,ACC_000258,,MER_000041,DEV_000090,IP_000086,2026-02-25T13:07:32,1582.73,PAYMENT_P2M,SUCCESS,CARD,SCEN_LEGIT_BASELINE,LEGITIMATE,legitimate
TXN_00001297,ACC_000277,,MER_000037,DEV_000092,IP_000016,2026-02-25T13:10:10,217.9,PAYMENT_P2M,SUCCESS,NETBANKING,SCEN_LEGIT_BASELINE,LEGITIMATE,legitimate
TXN_00001522,ACC_000050,,MER_000025,DEV_000030,IP_000148,2026-02-25T13:15:53,704.02,PAYMENT_P2M,SUCCESS,UPI,SCEN_LEGIT_BASELINE,LEGITIMATE,legitimate
TXN_00001060,ACC_000480,,MER_000027,DEV_000025,IP_000105,2026-02-25T13:18:22,1297.0,PAYMENT_P2M,SUCCESS,UPI,SCEN_LEGIT_BASELINE,LEGITIMATE,legitimate
TXN_00000447,ACC_000065,,MER_000020,DEV_000035,IP_000050,2026-02-25T14:32:46,2011.17,PAYMENT_P2M,SUCCESS,UPI,SCEN_LEGIT_BASELINE,LEGITIMATE,legitimate
TXN_00001619,ACC_000171,,MER_000035,DEV_000018,IP_000122,2026-02-25T14:53:38,1273.89,PAYMENT_P2M,SUCCESS,NETBANKING,SCEN_LEGIT_BASELINE,LEGITIMATE,legitimate
TXN_00000353,ACC_000414,BEN_000070,,DEV_000063,IP_000074,2026-02-25T15:08:31,73.39,TRANSFER_P2P,SUCCESS,CARD,SCEN_LEGIT_BASELINE,LEGITIMATE,legitimate
TXN_00001091,ACC_000373,BEN_000046,,DEV_000069,IP_000117,2026-02-25T16:04:32,1460.23,TRANSFER_P2P,SUCCESS,NETBANKING,SCEN_LEGIT_BASELINE,LEGITIMATE,legitimate
TXN_00001803,ACC_000262,,MER_000042,DEV_000017,IP_000108,2026-02-25T17:13:35,1776.11,PAYMENT_P2M,SUCCESS,CARD,SCEN_LEGIT_BASELINE,LEGITIMATE,legitimate
TXN_00001707,ACC_000242,,MER_000048,DEV_000095,IP_000049,2026-02-25T17:49:09,1478.15,PAYMENT_P2M,SUCCESS,UPI,SCEN_LEGIT_BASELINE,LEGITIMATE,legitimate
TXN_00001350,ACC_000324,BEN_000038,,DEV_000011,IP_000118,2026-02-25T18:00:09,621.26,TRANSFER_P2P,SUCCESS,NETBANKING,SCEN_LEGIT_BASELINE,LEGITIMATE,legitimate
TXN_00000336,ACC_000069,,MER_000015,DEV_000094,IP_000103,2026-02-25T18:27:28,253.31,PAYMENT_P2M,SUCCESS,UPI,SCEN_LEGIT_BASELINE,LEGITIMATE,legitimate
TXN_00001466,ACC_000438,,MER_000022,DEV_000067,IP_000129,2026-02-25T18:34:42,279.38,PAYMENT_P2M,SUCCESS,CARD,SCEN_LEGIT_BASELINE,LEGITIMATE,legitimate
TXN_00001536,ACC_000178,BEN_000011,,DEV_000060,IP_000020,2026-02-25T19:24:48,2142.65,TRANSFER_P2P,SUCCESS,UPI,SCEN_LEGIT_BASELINE,LEGITIMATE,legitimate
TXN_00001983,ACC_000210,BEN_000070,,DEV_000043,IP_000136,2026-02-25T19:37:35,140.79,TRANSFER_P2P,SUCCESS,UPI,SCEN_LEGIT_BASELINE,LEGITIMATE,legitimate
TXN_00000545,ACC_000403,BEN_000005,,DEV_000085,IP_000029,2026-02-25T20:18:17,363.81,TRANSFER_P2P,SUCCESS,NETBANKING,SCEN_LEGIT_BASELINE,LEGITIMATE,legitimate
TXN_00001967,ACC_000104,,MER_000049,DEV_000070,IP_000085,2026-02-25T21:37:26,937.65,PAYMENT_P2M,SUCCESS,NETBANKING,SCEN_LEGIT_BASELINE,LEGITIMATE,legitimate
TXN_00000579,ACC_000315,,MER_000002,DEV_000069,IP_000070,2026-02-25T22:06:00,1484.96,PAYMENT_P2M,SUCCESS,UPI,SCEN_LEGIT_BASELINE,LEGITIMATE,legitimate
TXN_00000562,ACC_000224,,MER_000001,DEV_000034,IP_000090,2026-02-25T22:06:18,874.31,PAYMENT_P2M,SUCCESS,UPI,SCEN_LEGIT_BASELINE,LEGITIMATE,legitimate
TXN_00001021,ACC_000384,,MER_000036,DEV_000030,IP_000028,2026-02-25T22:10:02,1052.55,PAYMENT_P2M,SUCCESS,NETBANKING,SCEN_LEGIT_BASELINE,LEGITIMATE,legitimate
TXN_00000657,ACC_000304,BEN_000032,,DEV_000001,IP_000065,2026-02-25T23:07:08,2202.98,TRANSFER_P2P,SUCCESS,CARD,SCEN_LEGIT_BASELINE,LEGITIMATE,legitimate
TXN_00001303,ACC_000112,,MER_000012,DEV_000013,IP_000081,2026-02-25T23:28:57,268.01,PAYMENT_P2M,SUCCESS,UPI,SCEN_LEGIT_BASELINE,LEGITIMATE,legitimate
TXN_00000171,ACC_000281,BEN_000061,,DEV_000027,IP_000136,2026-02-26T00:12:59,48000.0,TRANSFER_P2P,SUCCESS,IMPS,SCEN_HIST_CONN_003,HISTORICAL_CONNECTION_RING,ring
TXN_00000173,ACC_000354,BEN_000061,,DEV_000027,IP_000136,2026-02-26T00:12:59,35000.0,TRANSFER_P2P,SUCCESS,IMPS,SCEN_HIST_CONN_003,HISTORICAL_CONNECTION_RING,ring
TXN_00000172,ACC_000493,BEN_000061,,DEV_000027,IP_000136,2026-02-26T00:19:59,48000.0,TRANSFER_P2P,SUCCESS,IMPS,SCEN_HIST_CONN_003,HISTORICAL_CONNECTION_RING,ring
TXN_00000175,ACC_000234,BEN_000061,,DEV_000027,IP_000136,2026-02-26T00:36:59,42000.0,TRANSFER_P2P,SUCCESS,IMPS,SCEN_HIST_CONN_003,HISTORICAL_CONNECTION_RING,ring
TXN_00000174,ACC_000102,BEN_000061,,DEV_000027,IP_000136,2026-02-26T00:44:59,35000.0,TRANSFER_P2P,SUCCESS,IMPS,SCEN_HIST_CONN_003,HISTORICAL_CONNECTION_RING,ring
TXN_00001939,ACC_000246,BEN_000032,,DEV_000070,IP_000089,2026-02-26T01:06:25,718.48,TRANSFER_P2P,SUCCESS,UPI,SCEN_LEGIT_BASELINE,LEGITIMATE,legitimate
TXN_00001600,ACC_000139,,MER_000040,DEV_000016,IP_000111,2026-02-26T01:29:27,1893.15,PAYMENT_P2M,SUCCESS,CARD,SCEN_LEGIT_BASELINE,LEGITIMATE,legitimate
TXN_00000843,ACC_000451,,MER_000048,DEV_000093,IP_000065,2026-02-26T02:06:08,812.04,PAYMENT_P2M,SUCCESS,CARD,SCEN_LEGIT_BASELINE,LEGITIMATE,legitimate
TXN_00001159,ACC_000096,BEN_000044,,DEV_000037,IP_000136,2026-02-26T02:35:48,960.01,TRANSFER_P2P,SUCCESS,CARD,SCEN_LEGIT_BASELINE,LEGITIMATE,legitimate
TXN_00001711,ACC_000040,,MER_000040,DEV_000018,IP_000013,2026-02-26T02:54:19,847.84,PAYMENT_P2M,SUCCESS,UPI,SCEN_LEGIT_BASELINE,LEGITIMATE,legitimate
TXN_00000937,ACC_000422,,MER_000019,DEV_000094,IP_000054,2026-02-26T04:21:59,2974.47,PAYMENT_P2M,SUCCESS,NETBANKING,SCEN_LEGIT_BASELINE,LEGITIMATE,legitimate
TXN_00000465,ACC_000003,,MER_000027,DEV_000029,IP_000024,2026-02-26T04:24:30,1494.64,PAYMENT_P2M,SUCCESS,NETBANKING,SCEN_LEGIT_BASELINE,LEGITIMATE,legitimate
TXN_00001399,ACC_000120,BEN_000028,,DEV_000075,IP_000074,2026-02-26T04:54:30,2984.82,TRANSFER_P2P,SUCCESS,UPI,SCEN_LEGIT_BASELINE,LEGITIMATE,legitimate
TXN_00001882,ACC_000406,,MER_000036,DEV_000018,IP_000146,2026-02-26T05:28:47,358.06,PAYMENT_P2M,SUCCESS,NETBANKING,SCEN_LEGIT_BASELINE,LEGITIMATE,legitimate
TXN_00001980,ACC_000322,,MER_000047,DEV_000030,IP_000129,2026-02-26T05:55:06,1849.46,PAYMENT_P2M,SUCCESS,CARD,SCEN_LEGIT_BASELINE,LEGITIMATE,legitimate
TXN_00001476,ACC_000459,,MER_000019,DEV_000090,IP_000086,2026-02-26T06:52:06,81.04,PAYMENT_P2M,SUCCESS,UPI,SCEN_LEGIT_BASELINE,LEGITIMATE,legitimate
TXN_00000771,ACC_000096,BEN_000065,,DEV_000037,IP_000059,2026-02-26T06:53:09,5134.74,TRANSFER_P2P,SUCCESS,UPI,SCEN_LEGIT_BASELINE,LEGITIMATE,legitimate
TXN_00000847,ACC_000162,,MER_000042,DEV_000003,IP_000075,2026-02-26T08:45:06,831.47,PAYMENT_P2M,SUCCESS,UPI,SCEN_LEGIT_BASELINE,LEGITIMATE,legitimate
TXN_00001548,ACC_000381,,MER_000002,DEV_000012,IP_000018,2026-02-26T09:02:30,627.14,PAYMENT_P2M,SUCCESS,UPI,SCEN_LEGIT_BASELINE,LEGITIMATE,legitimate
TXN_00000360,ACC_000260,,MER_000014,DEV_000008,IP_000078,2026-02-26T09:08:47,90.72,PAYMENT_P2M,SUCCESS,CARD,SCEN_LEGIT_BASELINE,LEGITIMATE,legitimate
TXN_00000363,ACC_000178,,MER_000012,DEV_000060,IP_000020,2026-02-26T10:20:47,1657.89,PAYMENT_P2M,SUCCESS,UPI,SCEN_LEGIT_BASELINE,LEGITIMATE,legitimate
TXN_00000437,ACC_000075,,MER_000048,DEV_000001,IP_000028,2026-02-26T12:08:55,1703.73,PAYMENT_P2M,SUCCESS,UPI,SCEN_LEGIT_BASELINE,LEGITIMATE,legitimate
TXN_00001083,ACC_000428,,MER_000035,DEV_000046,IP_000063,2026-02-26T12:35:05,704.89,PAYMENT_P2M,SUCCESS,UPI,SCEN_LEGIT_BASELINE,LEGITIMATE,legitimate
TXN_00000403,ACC_000470,,MER_000041,DEV_000074,IP_000037,2026-02-26T12:44:07,355.62,PAYMENT_P2M,SUCCESS,CARD,SCEN_LEGIT_BASELINE,LEGITIMATE,legitimate
TXN_00001414,ACC_000373,,MER_000025,DEV_000069,IP_000117,2026-02-26T12:53:13,1334.05,PAYMENT_P2M,SUCCESS,CARD,SCEN_LEGIT_BASELINE,LEGITIMATE,legitimate
TXN_00000772,ACC_000241,,MER_000021,DEV_000079,IP_000062,2026-02-26T14:06:17,213.54,PAYMENT_P2M,SUCCESS,CARD,SCEN_LEGIT_BASELINE,LEGITIMATE,legitimate
TXN_00001291,ACC_000052,,MER_000008,DEV_000025,IP_000081,2026-02-26T16:20:38,798.31,PAYMENT_P2M,SUCCESS,UPI,SCEN_LEGIT_BASELINE,LEGITIMATE,legitimate
TXN_00000735,ACC_000206,,MER_000022,DEV_000020,IP_000122,2026-02-26T17:18:03,356.57,PAYMENT_P2M,SUCCESS,UPI,SCEN_LEGIT_BASELINE,LEGITIMATE,legitimate
TXN_00001458,ACC_000112,,MER_000023,DEV_000055,IP_000081,2026-02-26T17:20:40,966.65,PAYMENT_P2M,SUCCESS,UPI,SCEN_LEGIT_BASELINE,LEGITIMATE,legitimate
TXN_00001184,ACC_000446,BEN_000059,,DEV_000056,IP_000116,2026-02-26T17:25:31,249.22,TRANSFER_P2P,SUCCESS,UPI,SCEN_LEGIT_BASELINE,LEGITIMATE,legitimate
TXN_00001361,ACC_000390,,MER_000045,DEV_000059,IP_000033,2026-02-26T19:00:20,1233.14,PAYMENT_P2M,SUCCESS,UPI,SCEN_LEGIT_BASELINE,LEGITIMATE,legitimate
TXN_00000637,ACC_000079,,MER_000003,DEV_000005,IP_000039,2026-02-26T19:34:12,75.71,PAYMENT_P2M,SUCCESS,NETBANKING,SCEN_LEGIT_BASELINE,LEGITIMATE,legitimate
TXN_00000854,ACC_000315,,MER_000029,DEV_000031,IP_000070,2026-02-26T20:03:53,618.09,PAYMENT_P2M,SUCCESS,UPI,SCEN_LEGIT_BASELINE,LEGITIMATE,legitimate
TXN_00001001,ACC_000013,,MER_000023,DEV_000002,IP_000116,2026-02-26T21:41:27,52.2,PAYMENT_P2M,SUCCESS,CARD,SCEN_LEGIT_BASELINE,LEGITIMATE,legitimate
TXN_00001729,ACC_000049,,MER_000018,DEV_000006,IP_000142,2026-02-26T23:37:17,345.37,PAYMENT_P2M,SUCCESS,UPI,SCEN_LEGIT_BASELINE,LEGITIMATE,legitimate
TXN_00000436,ACC_000396,,MER_000042,DEV_000078,IP_000097,2026-02-26T23:38:02,378.08,PAYMENT_P2M,SUCCESS,NETBANKING,SCEN_LEGIT_BASELINE,LEGITIMATE,legitimate
TXN_00001234,ACC_000200,BEN_000054,,DEV_000048,IP_000133,2026-02-26T23:48:05,236.87,TRANSFER_P2P,SUCCESS,NETBANKING,SCEN_LEGIT_BASELINE,LEGITIMATE,legitimate
TXN_00000156,ACC_000449,BEN_000029,,DEV_000013,IP_000073,2026-02-27T00:24:59,42000.0,TRANSFER_P2P,SUCCESS,IMPS,SCEN_HIST_CONN_001,HISTORICAL_CONNECTION_RING,ring
TXN_00000157,ACC_000424,BEN_000029,,DEV_000013,IP_000073,2026-02-27T00:27:59,48000.0,TRANSFER_P2P,SUCCESS,IMPS,SCEN_HIST_CONN_001,HISTORICAL_CONNECTION_RING,ring
TXN_00000159,ACC_000063,BEN_000029,,DEV_000013,IP_000073,2026-02-27T00:35:59,48000.0,TRANSFER_P2P,SUCCESS,IMPS,SCEN_HIST_CONN_001,HISTORICAL_CONNECTION_RING,ring
TXN_00000155,ACC_000046,BEN_000029,,DEV_000013,IP_000073,2026-02-27T00:37:59,48000.0,TRANSFER_P2P,SUCCESS,IMPS,SCEN_HIST_CONN_001,HISTORICAL_CONNECTION_RING,ring
TXN_00000158,ACC_000423,BEN_000029,,DEV_000013,IP_000073,2026-02-27T00:42:59,42000.0,TRANSFER_P2P,SUCCESS,IMPS,SCEN_HIST_CONN_001,HISTORICAL_CONNECTION_RING,ring
TXN_00001140,ACC_000308,BEN_000035,,DEV_000081,IP_000004,2026-02-27T01:11:07,2245.63,TRANSFER_P2P,SUCCESS,UPI,SCEN_LEGIT_BASELINE,LEGITIMATE,legitimate
TXN_00001837,ACC_000392,,MER_000004,DEV_000088,IP_000076,2026-02-27T01:17:28,664.89,PAYMENT_P2M,SUCCESS,CARD,SCEN_LEGIT_BASELINE,LEGITIMATE,legitimate
TXN_00000296,ACC_000005,,MER_000005,DEV_000080,IP_000049,2026-02-27T01:55:29,450.0,PAYMENT_P2M,SUCCESS,NETBANKING,SCEN_LOOKALIKE_004,LEGITIMATE_LOOKALIKE,legitimate
TXN_00000712,ACC_000374,,MER_000008,DEV_000051,IP_000078,2026-02-27T02:07:12,4252.72,PAYMENT_P2M,SUCCESS,UPI,SCEN_LEGIT_BASELINE,LEGITIMATE,legitimate
TXN_00000796,ACC_000479,,MER_000022,DEV_000022,IP_000148,2026-02-27T02:19:39,580.99,PAYMENT_P2M,SUCCESS,UPI,SCEN_LEGIT_BASELINE,LEGITIMATE,legitimate
TXN_00001892,ACC_000461,BEN_000066,,DEV_000009,IP_000093,2026-02-27T02:25:06,2606.83,TRANSFER_P2P,SUCCESS,NETBANKING,SCEN_LEGIT_BASELINE,LEGITIMATE,legitimate
TXN_00000710,ACC_000084,,MER_000041,DEV_000052,IP_000131,2026-02-27T03:47:34,116.67,PAYMENT_P2M,SUCCESS,CARD,SCEN_LEGIT_BASELINE,LEGITIMATE,legitimate
TXN_00001115,ACC_000153,,MER_000039,DEV_000092,IP_000009,2026-02-27T03:48:37,2140.86,PAYMENT_P2M,SUCCESS,UPI,SCEN_LEGIT_BASELINE,LEGITIMATE,legitimate
TXN_00000475,ACC_000467,,MER_000003,DEV_000036,IP_000099,2026-02-27T04:14:24,1741.65,PAYMENT_P2M,SUCCESS,UPI,SCEN_LEGIT_BASELINE,LEGITIMATE,legitimate
TXN_00001659,ACC_000032,,MER_000029,DEV_000019,IP_000071,2026-02-27T04:43:03,700.4,PAYMENT_P2M,SUCCESS,NETBANKING,SCEN_LEGIT_BASELINE,LEGITIMATE,legitimate
TXN_00000474,ACC_000024,,MER_000014,DEV_000032,IP_000112,2026-02-27T06:10:16,3815.23,PAYMENT_P2M,SUCCESS,UPI,SCEN_LEGIT_BASELINE,LEGITIMATE,legitimate
TXN_00001177,ACC_000110,,MER_000006,DEV_000078,IP_000087,2026-02-27T10:00:18,79.2,PAYMENT_P2M,SUCCESS,UPI,SCEN_LEGIT_BASELINE,LEGITIMATE,legitimate
TXN_00001768,ACC_000376,,MER_000004,DEV_000077,IP_000067,2026-02-27T11:49:17,585.07,PAYMENT_P2M,SUCCESS,UPI,SCEN_LEGIT_BASELINE,LEGITIMATE,legitimate
TXN_00000241,ACC_000127,,MER_000008,DEV_000010,IP_000032,2026-02-27T12:26:25,1250.0,PAYMENT_P2M,SUCCESS,NETBANKING,SCEN_LOOKALIKE_001,LEGITIMATE_LOOKALIKE,legitimate
TXN_00001867,ACC_000179,BEN_000015,,DEV_000077,IP_000034,2026-02-27T13:47:07,218.68,TRANSFER_P2P,SUCCESS,CARD,SCEN_LEGIT_BASELINE,LEGITIMATE,legitimate
TXN_00001582,ACC_000206,,MER_000045,DEV_000020,IP_000122,2026-02-27T14:00:10,2121.34,PAYMENT_P2M,SUCCESS,UPI,SCEN_LEGIT_BASELINE,LEGITIMATE,legitimate
TXN_00001958,ACC_000253,,MER_000026,DEV_000064,IP_000048,2026-02-27T14:47:26,1113.22,PAYMENT_P2M,SUCCESS,CARD,SCEN_LEGIT_BASELINE,LEGITIMATE,legitimate
TXN_00001532,ACC_000225,BEN_000060,,DEV_000056,IP_000059,2026-02-27T15:33:27,552.4,TRANSFER_P2P,SUCCESS,UPI,SCEN_LEGIT_BASELINE,LEGITIMATE,legitimate
TXN_00000476,ACC_000228,,MER_000023,DEV_000053,IP_000142,2026-02-27T16:29:31,4390.25,PAYMENT_P2M,SUCCESS,UPI,SCEN_LEGIT_BASELINE,LEGITIMATE,legitimate
TXN_00001723,ACC_000381,,MER_000015,DEV_000012,IP_000018,2026-02-27T16:58:50,843.96,PAYMENT_P2M,SUCCESS,NETBANKING,SCEN_LEGIT_BASELINE,LEGITIMATE,legitimate
TXN_00001674,ACC_000396,,MER_000008,DEV_000078,IP_000040,2026-02-27T17:34:50,958.46,PAYMENT_P2M,SUCCESS,UPI,SCEN_LEGIT_BASELINE,LEGITIMATE,legitimate
TXN_00000877,ACC_000266,,MER_000019,DEV_000092,IP_000094,2026-02-27T19:02:34,886.72,PAYMENT_P2M,SUCCESS,NETBANKING,SCEN_LEGIT_BASELINE,LEGITIMATE,legitimate
TXN_00000585,ACC_000276,,MER_000038,DEV_000037,IP_000105,2026-02-27T20:10:37,3468.19,PAYMENT_P2M,SUCCESS,UPI,SCEN_LEGIT_BASELINE,LEGITIMATE,legitimate
TXN_00001211,ACC_000387,,MER_000039,DEV_000071,IP_000113,2026-02-27T21:38:22,1763.24,PAYMENT_P2M,SUCCESS,CARD,SCEN_LEGIT_BASELINE,LEGITIMATE,legitimate
TXN_00000903,ACC_000256,,MER_000007,DEV_000080,IP_000004,2026-02-27T23:45:56,78.97,PAYMENT_P2M,SUCCESS,NETBANKING,SCEN_LEGIT_BASELINE,LEGITIMATE,legitimate
TXN_00001375,ACC_000208,,MER_000028,DEV_000089,IP_000042,2026-02-28T00:34:58,4919.96,PAYMENT_P2M,SUCCESS,NETBANKING,SCEN_LEGIT_BASELINE,LEGITIMATE,legitimate
TXN_00001941,ACC_000027,,MER_000036,DEV_000026,IP_000123,2026-02-28T01:15:49,2886.35,PAYMENT_P2M,SUCCESS,CARD,SCEN_LEGIT_BASELINE,LEGITIMATE,legitimate
TXN_00001213,ACC_000097,,MER_000039,DEV_000074,IP_000099,2026-02-28T01:31:04,4707.9,PAYMENT_P2M,SUCCESS,UPI,SCEN_LEGIT_BASELINE,LEGITIMATE,legitimate
TXN_00000273,ACC_000202,,MER_000037,DEV_000056,IP_000119,2026-02-28T03:22:46,3500.0,PAYMENT_P2M,SUCCESS,CARD,SCEN_LOOKALIKE_003,LEGITIMATE_LOOKALIKE,legitimate
TXN_00001388,ACC_000343,,MER_000041,DEV_000035,IP_000125,2026-02-28T04:16:37,4250.33,PAYMENT_P2M,SUCCESS,CARD,SCEN_LEGIT_BASELINE,LEGITIMATE,legitimate
TXN_00001720,ACC_000060,BEN_000097,,DEV_000005,IP_000106,2026-02-28T04:39:20,1342.1,TRANSFER_P2P,SUCCESS,UPI,SCEN_LEGIT_BASELINE,LEGITIMATE,legitimate
TXN_00000983,ACC_000135,BEN_000029,,DEV_000032,IP_000064,2026-02-28T05:05:18,55.99,TRANSFER_P2P,SUCCESS,UPI,SCEN_LEGIT_BASELINE,LEGITIMATE,legitimate
TXN_00001626,ACC_000077,BEN_000082,,DEV_000027,IP_000010,2026-02-28T05:13:39,2662.3,TRANSFER_P2P,SUCCESS,NETBANKING,SCEN_LEGIT_BASELINE,LEGITIMATE,legitimate
TXN_00001220,ACC_000355,BEN_000078,,DEV_000094,IP_000061,2026-02-28T05:26:46,298.12,TRANSFER_P2P,SUCCESS,UPI,SCEN_LEGIT_BASELINE,LEGITIMATE,legitimate
TXN_00001044,ACC_000400,,MER_000033,DEV_000055,IP_000108,2026-02-28T07:02:52,278.51,PAYMENT_P2M,SUCCESS,NETBANKING,SCEN_LEGIT_BASELINE,LEGITIMATE,legitimate
TXN_00001792,ACC_000276,,MER_000049,DEV_000037,IP_000105,2026-02-28T07:11:05,890.44,PAYMENT_P2M,SUCCESS,UPI,SCEN_LEGIT_BASELINE,LEGITIMATE,legitimate
TXN_00001014,ACC_000071,BEN_000093,,DEV_000080,IP_000028,2026-02-28T07:18:40,252.31,TRANSFER_P2P,SUCCESS,NETBANKING,SCEN_LEGIT_BASELINE,LEGITIMATE,legitimate
TXN_00000609,ACC_000216,BEN_000018,,DEV_000041,IP_000007,2026-02-28T07:47:19,312.36,TRANSFER_P2P,SUCCESS,NETBANKING,SCEN_LEGIT_BASELINE,LEGITIMATE,legitimate
TXN_00001332,ACC_000293,BEN_000032,,DEV_000025,IP_000029,2026-02-28T09:01:43,1762.75,TRANSFER_P2P,SUCCESS,UPI,SCEN_LEGIT_BASELINE,LEGITIMATE,legitimate
TXN_00001490,ACC_000039,,MER_000041,DEV_000070,IP_000034,2026-02-28T09:06:50,1186.9,PAYMENT_P2M,SUCCESS,NETBANKING,SCEN_LEGIT_BASELINE,LEGITIMATE,legitimate
TXN_00000787,ACC_000080,,MER_000022,DEV_000085,IP_000049,2026-02-28T10:47:24,552.24,PAYMENT_P2M,SUCCESS,NETBANKING,SCEN_LEGIT_BASELINE,LEGITIMATE,legitimate
TXN_00001383,ACC_000316,,MER_000018,DEV_000022,IP_000124,2026-02-28T11:19:24,349.17,PAYMENT_P2M,SUCCESS,CARD,SCEN_LEGIT_BASELINE,LEGITIMATE,legitimate
TXN_00001340,ACC_000363,,MER_000028,DEV_000072,IP_000115,2026-02-28T12:54:15,989.02,PAYMENT_P2M,SUCCESS,CARD,SCEN_LEGIT_BASELINE,LEGITIMATE,legitimate
TXN_00001533,ACC_000103,,MER_000030,DEV_000088,IP_000133,2026-02-28T13:33:50,798.44,PAYMENT_P2M,SUCCESS,CARD,SCEN_LEGIT_BASELINE,LEGITIMATE,legitimate
TXN_00000776,ACC_000036,,MER_000018,DEV_000077,IP_000102,2026-02-28T13:34:40,2726.61,PAYMENT_P2M,SUCCESS,CARD,SCEN_LEGIT_BASELINE,LEGITIMATE,legitimate
TXN_00000510,ACC_000384,,MER_000009,DEV_000030,IP_000028,2026-02-28T16:01:17,6206.88,PAYMENT_P2M,SUCCESS,UPI,SCEN_LEGIT_BASELINE,LEGITIMATE,legitimate
TXN_00001965,ACC_000233,BEN_000069,,DEV_000057,IP_000067,2026-02-28T17:57:37,2677.78,TRANSFER_P2P,SUCCESS,UPI,SCEN_LEGIT_BASELINE,LEGITIMATE,legitimate
TXN_00001725,ACC_000081,,MER_000032,DEV_000071,IP_000077,2026-02-28T17:59:13,1624.37,PAYMENT_P2M,SUCCESS,UPI,SCEN_LEGIT_BASELINE,LEGITIMATE,legitimate
TXN_00000496,ACC_000287,BEN_000023,,DEV_000012,IP_000108,2026-02-28T18:18:37,681.63,TRANSFER_P2P,SUCCESS,CARD,SCEN_LEGIT_BASELINE,LEGITIMATE,legitimate
TXN_00000534,ACC_000050,,MER_000043,DEV_000016,IP_000148,2026-02-28T18:39:50,2671.7,PAYMENT_P2M,SUCCESS,CARD,SCEN_LEGIT_BASELINE,LEGITIMATE,legitimate
TXN_00000358,ACC_000121,,MER_000006,DEV_000062,IP_000052,2026-02-28T21:39:10,2489.46,PAYMENT_P2M,SUCCESS,UPI,SCEN_LEGIT_BASELINE,LEGITIMATE,legitimate
TXN_00001059,ACC_000138,,MER_000036,DEV_000069,IP_000050,2026-02-28T21:49:42,1877.84,PAYMENT_P2M,SUCCESS,CARD,SCEN_LEGIT_BASELINE,LEGITIMATE,legitimate
TXN_00000835,ACC_000042,,MER_000021,DEV_000099,IP_000126,2026-02-28T22:35:33,1860.18,PAYMENT_P2M,SUCCESS,UPI,SCEN_LEGIT_BASELINE,LEGITIMATE,legitimate
TXN_00000379,ACC_000181,,MER_000029,DEV_000006,IP_000065,2026-02-28T23:42:46,3026.3,PAYMENT_P2M,SUCCESS,CARD,SCEN_LEGIT_BASELINE,LEGITIMATE,legitimate
TXN_00000514,ACC_000378,,MER_000026,DEV_000095,IP_000028,2026-03-01T00:12:22,262.96,PAYMENT_P2M,SUCCESS,CARD,SCEN_LEGIT_BASELINE,LEGITIMATE,legitimate
TXN_00001950,ACC_000171,,MER_000007,DEV_000018,IP_000122,2026-03-01T00:31:39,256.16,PAYMENT_P2M,SUCCESS,UPI,SCEN_LEGIT_BASELINE,LEGITIMATE,legitimate
TXN_00001062,ACC_000466,BEN_000082,,DEV_000055,IP_000100,2026-03-01T00:49:47,607.84,TRANSFER_P2P,SUCCESS,UPI,SCEN_LEGIT_BASELINE,LEGITIMATE,legitimate
TXN_00000383,ACC_000367,BEN_000022,,DEV_000030,IP_000046,2026-03-01T01:57:20,938.97,TRANSFER_P2P,SUCCESS,UPI,SCEN_LEGIT_BASELINE,LEGITIMATE,legitimate
TXN_00001286,ACC_000130,BEN_000001,,DEV_000037,IP_000117,2026-03-01T02:03:37,2822.53,TRANSFER_P2P,SUCCESS,UPI,SCEN_LEGIT_BASELINE,LEGITIMATE,legitimate
TXN_00001820,ACC_000478,,MER_000035,DEV_000002,IP_000051,2026-03-01T02:53:49,127.84,PAYMENT_P2M,SUCCESS,UPI,SCEN_LEGIT_BASELINE,LEGITIMATE,legitimate
TXN_00000867,ACC_000164,,MER_000019,DEV_000093,IP_000114,2026-03-01T03:06:21,1486.43,PAYMENT_P2M,SUCCESS,UPI,SCEN_LEGIT_BASELINE,LEGITIMATE,legitimate
TXN_00000894,ACC_000180,,MER_000011,DEV_000045,IP_000050,2026-03-01T03:29:14,250.51,PAYMENT_P2M,SUCCESS,UPI,SCEN_LEGIT_BASELINE,LEGITIMATE,legitimate
TXN_00001714,ACC_000465,,MER_000015,DEV_000052,IP_000059,2026-03-01T03:30:30,653.34,PAYMENT_P2M,SUCCESS,UPI,SCEN_LEGIT_BASELINE,LEGITIMATE,legitimate
TXN_00001323,ACC_000116,,MER_000030,DEV_000009,IP_000014,2026-03-01T04:04:39,467.91,PAYMENT_P2M,SUCCESS,CARD,SCEN_LEGIT_BASELINE,LEGITIMATE,legitimate
TXN_00000319,ACC_000204,,MER_000049,DEV_000046,IP_000107,2026-03-01T05:16:11,292.9,PAYMENT_P2M,SUCCESS,UPI,SCEN_LEGIT_BASELINE,LEGITIMATE,legitimate
TXN_00000798,ACC_000060,,MER_000008,DEV_000055,IP_000106,2026-03-01T05:19:54,1194.08,PAYMENT_P2M,SUCCESS,UPI,SCEN_LEGIT_BASELINE,LEGITIMATE,legitimate
TXN_00001261,ACC_000216,,MER_000010,DEV_000041,IP_000007,2026-03-01T05:32:51,1141.94,PAYMENT_P2M,SUCCESS,UPI,SCEN_LEGIT_BASELINE,LEGITIMATE,legitimate
TXN_00000839,ACC_000259,,MER_000024,DEV_000048,IP_000009,2026-03-01T06:42:25,914.93,PAYMENT_P2M,SUCCESS,CARD,SCEN_LEGIT_BASELINE,LEGITIMATE,legitimate
TXN_00001827,ACC_000325,,MER_000035,DEV_000100,IP_000041,2026-03-01T07:58:04,2099.56,PAYMENT_P2M,SUCCESS,UPI,SCEN_LEGIT_BASELINE,LEGITIMATE,legitimate
TXN_00000619,ACC_000483,,MER_000044,DEV_000031,IP_000043,2026-03-01T08:22:02,2284.04,PAYMENT_P2M,SUCCESS,UPI,SCEN_LEGIT_BASELINE,LEGITIMATE,legitimate
TXN_00001074,ACC_000010,,MER_000047,DEV_000067,IP_000087,2026-03-01T09:11:34,284.35,PAYMENT_P2M,SUCCESS,UPI,SCEN_LEGIT_BASELINE,LEGITIMATE,legitimate
TXN_00000840,ACC_000043,,MER_000022,DEV_000033,IP_000081,2026-03-01T09:37:55,543.19,PAYMENT_P2M,SUCCESS,CARD,SCEN_LEGIT_BASELINE,LEGITIMATE,legitimate
TXN_00000879,ACC_000255,BEN_000074,,DEV_000067,IP_000040,2026-03-01T11:09:09,995.72,TRANSFER_P2P,SUCCESS,UPI,SCEN_LEGIT_BASELINE,LEGITIMATE,legitimate
TXN_00000378,ACC_000260,BEN_000082,,DEV_000003,IP_000075,2026-03-01T14:32:09,938.72,TRANSFER_P2P,SUCCESS,UPI,SCEN_LEGIT_BASELINE,LEGITIMATE,legitimate
TXN_00000440,ACC_000244,,MER_000015,DEV_000007,IP_000012,2026-03-01T14:38:22,933.74,PAYMENT_P2M,SUCCESS,UPI,SCEN_LEGIT_BASELINE,LEGITIMATE,legitimate
TXN_00000522,ACC_000297,,MER_000014,DEV_000014,IP_000003,2026-03-01T15:34:53,751.4,PAYMENT_P2M,SUCCESS,UPI,SCEN_LEGIT_BASELINE,LEGITIMATE,legitimate
TXN_00000670,ACC_000174,,MER_000045,DEV_000019,IP_000128,2026-03-01T15:40:58,138.35,PAYMENT_P2M,SUCCESS,UPI,SCEN_LEGIT_BASELINE,LEGITIMATE,legitimate
TXN_00000277,ACC_000149,,MER_000013,DEV_000056,IP_000119,2026-03-01T16:12:42,450.0,PAYMENT_P2M,SUCCESS,NETBANKING,SCEN_LOOKALIKE_003,LEGITIMATE_LOOKALIKE,legitimate
TXN_00000765,ACC_000114,,MER_000037,DEV_000079,IP_000103,2026-03-01T17:40:45,1683.5,PAYMENT_P2M,SUCCESS,NETBANKING,SCEN_LEGIT_BASELINE,LEGITIMATE,legitimate
TXN_00001058,ACC_000101,,MER_000049,DEV_000048,IP_000146,2026-03-01T17:49:03,1107.09,PAYMENT_P2M,SUCCESS,NETBANKING,SCEN_LEGIT_BASELINE,LEGITIMATE,legitimate
TXN_00001277,ACC_000267,,MER_000029,DEV_000034,IP_000011,2026-03-01T18:06:46,731.72,PAYMENT_P2M,SUCCESS,UPI,SCEN_LEGIT_BASELINE,LEGITIMATE,legitimate
TXN_00000671,ACC_000098,,MER_000011,DEV_000080,IP_000115,2026-03-01T18:31:50,709.0,PAYMENT_P2M,SUCCESS,UPI,SCEN_LEGIT_BASELINE,LEGITIMATE,legitimate
TXN_00001067,ACC_000043,,MER_000020,DEV_000033,IP_000081,2026-03-01T19:07:53,5122.18,PAYMENT_P2M,SUCCESS,UPI,SCEN_LEGIT_BASELINE,LEGITIMATE,legitimate
TXN_00001629,ACC_000392,,MER_000036,DEV_000088,IP_000076,2026-03-01T19:44:56,2971.59,PAYMENT_P2M,SUCCESS,UPI,SCEN_LEGIT_BASELINE,LEGITIMATE,legitimate
TXN_00000371,ACC_000117,BEN_000051,,DEV_000047,IP_000059,2026-03-01T20:29:18,804.15,TRANSFER_P2P,SUCCESS,NETBANKING,SCEN_LEGIT_BASELINE,LEGITIMATE,legitimate
TXN_00001741,ACC_000040,,MER_000008,DEV_000018,IP_000126,2026-03-01T21:11:55,1184.93,PAYMENT_P2M,SUCCESS,UPI,SCEN_LEGIT_BASELINE,LEGITIMATE,legitimate
TXN_00000635,ACC_000060,,MER_000039,DEV_000055,IP_000046,2026-03-01T22:06:07,273.14,PAYMENT_P2M,SUCCESS,UPI,SCEN_LEGIT_BASELINE,LEGITIMATE,legitimate
TXN_00000960,ACC_000141,BEN_000089,,DEV_000001,IP_000102,2026-03-01T22:26:50,522.95,TRANSFER_P2P,SUCCESS,UPI,SCEN_LEGIT_BASELINE,LEGITIMATE,legitimate
TXN_00000517,ACC_000310,,MER_000033,DEV_000023,IP_000041,2026-03-01T22:27:04,173.99,PAYMENT_P2M,SUCCESS,UPI,SCEN_LEGIT_BASELINE,LEGITIMATE,legitimate
TXN_00001204,ACC_000198,,MER_000036,DEV_000065,IP_000116,2026-03-01T22:40:19,3207.67,PAYMENT_P2M,SUCCESS,CARD,SCEN_LEGIT_BASELINE,LEGITIMATE,legitimate
TXN_00000651,ACC_000491,BEN_000001,,DEV_000100,IP_000085,2026-03-01T22:52:25,2500.42,TRANSFER_P2P,SUCCESS,CARD,SCEN_LEGIT_BASELINE,LEGITIMATE,legitimate
TXN_00000858,ACC_000373,BEN_000017,,DEV_000069,IP_000117,2026-03-01T22:54:01,602.38,TRANSFER_P2P,SUCCESS,UPI,SCEN_LEGIT_BASELINE,LEGITIMATE,legitimate
TXN_00001795,ACC_000044,,MER_000008,DEV_000053,IP_000082,2026-03-01T23:12:38,1755.43,PAYMENT_P2M,SUCCESS,NETBANKING,SCEN_LEGIT_BASELINE,LEGITIMATE,legitimate
TXN_00001866,ACC_000119,,MER_000021,DEV_000082,IP_000113,2026-03-01T23:15:54,2763.81,PAYMENT_P2M,SUCCESS,CARD,SCEN_LEGIT_BASELINE,LEGITIMATE,legitimate
