transaction_id,account_id,beneficiary_id,merchant_id,device_id,ip_id,timestamp,amount,transaction_type,status,channel,scenario_id,scenario_type,ground_truth_label
TXN_CHAL_000069,ACC_000135,,MER_000030,DEV_000029,IP_000023,2026-03-08T10:49:45,28000.0,PAYMENT_P2M,SUCCESS,NETBANKING,CHAL_A_FAMILY_005,LEGITIMATE_LOOKALIKE,legitimate
TXN_CHAL_000065,ACC_000046,,MER_000002,DEV_000029,IP_000023,2026-03-08T19:49:45,3500.0,PAYMENT_P2M,SUCCESS,NETBANKING,CHAL_A_FAMILY_005,LEGITIMATE_LOOKALIKE,legitimate
TXN_CHAL_000074,ACC_000087,,MER_000017,DEV_000029,IP_000023,2026-03-08T22:49:45,49000.0,PAYMENT_P2M,SUCCESS,NETBANKING,CHAL_A_FAMILY_005,LEGITIMATE_LOOKALIKE,legitimate
TXN_CHAL_000075,ACC_000087,,MER_000016,DEV_000029,IP_000023,2026-03-09T07:49:45,3500.0,PAYMENT_P2M,SUCCESS,NETBANKING,CHAL_A_FAMILY_005,LEGITIMATE_LOOKALIKE,legitimate
TXN_CHAL_000073,ACC_000087,BEN_000028,,DEV_000029,IP_000023,2026-03-09T08:49:45,28000.0,TRANSFER_P2P,SUCCESS,CARD,CHAL_A_FAMILY_005,LEGITIMATE_LOOKALIKE,legitimate
TXN_CHAL_000071,ACC_000135,,MER_000029,DEV_000029,IP_000023,2026-03-09T09:49:45,28000.0,PAYMENT_P2M,SUCCESS,NETBANKING,CHAL_A_FAMILY_005,LEGITIMATE_LOOKALIKE,legitimate
TXN_CHAL_000077,ACC_000036,,MER_000012,DEV_000029,IP_000023,2026-03-09T09:49:45,18000.0,PAYMENT_P2M,SUCCESS,UPI,CHAL_A_FAMILY_005,LEGITIMATE_LOOKALIKE,legitimate
TXN_CHAL_000072,ACC_000135,,MER_000012,DEV_000029,IP_000023,2026-03-09T11:49:45,18000.0,PAYMENT_P2M,SUCCESS,NETBANKING,CHAL_A_FAMILY_005,LEGITIMATE_LOOKALIKE,legitimate
TXN_CHAL_000067,ACC_000046,BEN_000047,,DEV_000029,IP_000023,2026-03-09T17:49:45,8500.0,TRANSFER_P2P,SUCCESS,CARD,CHAL_A_FAMILY_005,LEGITIMATE_LOOKALIKE,legitimate
TXN_CHAL_000070,ACC_000135,BEN_000023,,DEV_000029,IP_000023,2026-03-09T20:49:45,49000.0,TRANSFER_P2P,SUCCESS,UPI,CHAL_A_FAMILY_005,LEGITIMATE_LOOKALIKE,legitimate
TXN_CHAL_000066,ACC_000046,BEN_000043,,DEV_000029,IP_000023,2026-03-09T21:49:45,3500.0,TRANSFER_P2P,SUCCESS,CARD,CHAL_A_FAMILY_005,LEGITIMATE_LOOKALIKE,legitimate
TXN_CHAL_000068,ACC_000046,,MER_000001,DEV_000029,IP_000023,2026-03-09T23:49:45,28000.0,PAYMENT_P2M,SUCCESS,NETBANKING,CHAL_A_FAMILY_005,LEGITIMATE_LOOKALIKE,legitimate
TXN_CHAL_000080,ACC_000036,BEN_000042,,DEV_000029,IP_000023,2026-03-10T00:49:45,8500.0,TRANSFER_P2P,SUCCESS,UPI,CHAL_A_FAMILY_005,LEGITIMATE_LOOKALIKE,legitimate
TXN_CHAL_000079,ACC_000036,BEN_000030,,DEV_000029,IP_000023,2026-03-10T02:49:45,3500.0,TRANSFER_P2P,SUCCESS,NETBANKING,CHAL_A_FAMILY_005,LEGITIMATE_LOOKALIKE,legitimate
TXN_CHAL_000076,ACC_000087,,MER_000004,DEV_000029,IP_000023,2026-03-10T04:49:45,1500.0,PAYMENT_P2M,SUCCESS,CARD,CHAL_A_FAMILY_005,LEGITIMATE_LOOKALIKE,legitimate
TXN_CHAL_000078,ACC_000036,,MER_000006,DEV_000029,IP_000023,2026-03-10T06:49:45,1500.0,PAYMENT_P2M,SUCCESS,UPI,CHAL_A_FAMILY_005,LEGITIMATE_LOOKALIKE,legitimate
TXN_CHAL_000397,ACC_000128,,MER_000013,DEV_000057,IP_000017,2026-03-10T11:32:50,52000.0,PAYMENT_P2M,SUCCESS,UPI,CHAL_E_RUSH_HOUR_004,LEGITIMATE_LOOKALIKE,legitimate
TXN_CHAL_000401,ACC_000003,,MER_000005,DEV_000038,IP_000041,2026-03-10T11:38:50,52000.0,PAYMENT_P2M,SUCCESS,IMPS,CHAL_E_RUSH_HOUR_004,LEGITIMATE_LOOKALIKE,legitimate
TXN_CHAL_000398,ACC_000128,,MER_000030,DEV_000057,IP_000017,2026-03-10T11:39:50,3200.0,PAYMENT_P2M,SUCCESS,UPI,CHAL_E_RUSH_HOUR_004,LEGITIMATE_LOOKALIKE,legitimate
TXN_CHAL_000404,ACC_000106,,MER_000005,DEV_000028,IP_000050,2026-03-10T11:40:50,3200.0,PAYMENT_P2M,SUCCESS,IMPS,CHAL_E_RUSH_HOUR_004,LEGITIMATE_LOOKALIKE,legitimate
TXN_CHAL_000402,ACC_000003,,MER_000009,DEV_000038,IP_000041,2026-03-10T11:43:50,7500.0,PAYMENT_P2M,SUCCESS,UPI,CHAL_E_RUSH_HOUR_004,LEGITIMATE_LOOKALIKE,legitimate
TXN_CHAL_000399,ACC_000128,BEN_000025,,DEV_000057,IP_000017,2026-03-10T11:45:50,1200.0,TRANSFER_P2P,SUCCESS,UPI,CHAL_E_RUSH_HOUR_004,LEGITIMATE_LOOKALIKE,legitimate
TXN_CHAL_000403,ACC_000003,BEN_000027,,DEV_000038,IP_000041,2026-03-10T11:49:50,3200.0,TRANSFER_P2P,SUCCESS,UPI,CHAL_E_RUSH_HOUR_004,LEGITIMATE_LOOKALIKE,legitimate
TXN_CHAL_000407,ACC_000140,BEN_000015,,DEV_000010,IP_000036,2026-03-10T11:49:50,28000.0,TRANSFER_P2P,SUCCESS,UPI,CHAL_E_RUSH_HOUR_004,LEGITIMATE_LOOKALIKE,legitimate
TXN_CHAL_000405,ACC_000106,BEN_000012,,DEV_000028,IP_000050,2026-03-10T11:51:50,3200.0,TRANSFER_P2P,SUCCESS,IMPS,CHAL_E_RUSH_HOUR_004,LEGITIMATE_LOOKALIKE,legitimate
TXN_CHAL_000411,ACC_000004,BEN_000050,,DEV_000038,IP_000066,2026-03-10T11:51:50,7500.0,TRANSFER_P2P,SUCCESS,IMPS,CHAL_E_RUSH_HOUR_004,LEGITIMATE_LOOKALIKE,legitimate
TXN_CHAL_000400,ACC_000128,BEN_000008,,DEV_000057,IP_000017,2026-03-10T11:52:50,3200.0,TRANSFER_P2P,SUCCESS,UPI,CHAL_E_RUSH_HOUR_004,LEGITIMATE_LOOKALIKE,legitimate
TXN_CHAL_000406,ACC_000106,,MER_000018,DEV_000028,IP_000050,2026-03-10T11:56:50,3200.0,PAYMENT_P2M,SUCCESS,UPI,CHAL_E_RUSH_HOUR_004,LEGITIMATE_LOOKALIKE,legitimate
TXN_CHAL_000408,ACC_000140,,MER_000008,DEV_000010,IP_000036,2026-03-10T11:56:50,7500.0,PAYMENT_P2M,SUCCESS,IMPS,CHAL_E_RUSH_HOUR_004,LEGITIMATE_LOOKALIKE,legitimate
TXN_CHAL_000412,ACC_000004,,MER_000004,DEV_000038,IP_000066,2026-03-10T12:01:50,28000.0,PAYMENT_P2M,SUCCESS,IMPS,CHAL_E_RUSH_HOUR_004,LEGITIMATE_LOOKALIKE,legitimate
TXN_CHAL_000409,ACC_000140,,MER_000003,DEV_000010,IP_000036,2026-03-10T12:02:50,1200.0,PAYMENT_P2M,SUCCESS,IMPS,CHAL_E_RUSH_HOUR_004,LEGITIMATE_LOOKALIKE,legitimate
TXN_CHAL_000410,ACC_000140,BEN_000042,,DEV_000010,IP_000036,2026-03-10T12:06:50,28000.0,TRANSFER_P2P,SUCCESS,UPI,CHAL_E_RUSH_HOUR_004,LEGITIMATE_LOOKALIKE,legitimate
TXN_CHAL_000413,ACC_000004,,MER_000015,DEV_000038,IP_000066,2026-03-10T12:06:50,3200.0,PAYMENT_P2M,SUCCESS,IMPS,CHAL_E_RUSH_HOUR_004,LEGITIMATE_LOOKALIKE,legitimate
TXN_CHAL_000221,ACC_000198,BEN_000010,,DEV_000026,IP_000021,2026-03-10T12:45:20,22000.0,TRANSFER_P2P,SUCCESS,NEFT,CHAL_C_LANDLORD_004,LEGITIMATE_LOOKALIKE,legitimate
TXN_CHAL_000033,ACC_000182,,MER_000011,DEV_000008,IP_000023,2026-03-10T13:30:01,1500.0,PAYMENT_P2M,SUCCESS,UPI,CHAL_A_FAMILY_003,LEGITIMATE_LOOKALIKE,legitimate
TXN_CHAL_000041,ACC_000133,,MER_000028,DEV_000008,IP_000023,2026-03-10T16:30:01,8500.0,PAYMENT_P2M,SUCCESS,NETBANKING,CHAL_A_FAMILY_003,LEGITIMATE_LOOKALIKE,legitimate
TXN_CHAL_000224,ACC_000065,BEN_000010,,DEV_000015,IP_000068,2026-03-10T18:32:20,75000.0,TRANSFER_P2P,SUCCESS,IMPS,CHAL_C_LANDLORD_004,LEGITIMATE_LOOKALIKE,legitimate
TXN_CHAL_000222,ACC_000198,BEN_000010,,DEV_000026,IP_000021,2026-03-11T00:28:20,28000.0,TRANSFER_P2P,SUCCESS,UPI,CHAL_C_LANDLORD_004,LEGITIMATE_LOOKALIKE,legitimate
TXN_CHAL_000227,ACC_000090,BEN_000010,,DEV_000048,IP_000001,2026-03-11T00:37:20,22000.0,TRANSFER_P2P,SUCCESS,UPI,CHAL_C_LANDLORD_004,LEGITIMATE_LOOKALIKE,legitimate
TXN_CHAL_000045,ACC_000147,,MER_000014,DEV_000008,IP_000023,2026-03-11T04:30:01,28000.0,PAYMENT_P2M,SUCCESS,CARD,CHAL_A_FAMILY_003,LEGITIMATE_LOOKALIKE,legitimate
TXN_CHAL_000046,ACC_000147,,MER_000004,DEV_000008,IP_000023,2026-03-11T05:30:01,1500.0,PAYMENT_P2M,SUCCESS,NETBANKING,CHAL_A_FAMILY_003,LEGITIMATE_LOOKALIKE,legitimate
TXN_CHAL_000230,ACC_000035,BEN_000010,,DEV_000024,IP_000009,2026-03-11T06:33:20,75000.0,TRANSFER_P2P,SUCCESS,NEFT,CHAL_C_LANDLORD_004,LEGITIMATE_LOOKALIKE,legitimate
TXN_CHAL_000225,ACC_000065,BEN_000010,,DEV_000015,IP_000068,2026-03-11T06:55:20,55000.0,TRANSFER_P2P,SUCCESS,NEFT,CHAL_C_LANDLORD_004,LEGITIMATE_LOOKALIKE,legitimate
TXN_CHAL_000169,ACC_000023,BEN_000023,,DEV_000003,IP_000023,2026-03-11T11:12:41,22000.0,TRANSFER_P2P,SUCCESS,NEFT,CHAL_C_LANDLORD_001,LEGITIMATE_LOOKALIKE,legitimate
TXN_CHAL_000223,ACC_000198,BEN_000010,,DEV_000026,IP_000021,2026-03-11T12:39:20,22000.0,TRANSFER_P2P,SUCCESS,UPI,CHAL_C_LANDLORD_004,LEGITIMATE_LOOKALIKE,legitimate
TXN_CHAL_000228,ACC_000090,BEN_000010,,DEV_000048,IP_000001,2026-03-11T12:50:20,55000.0,TRANSFER_P2P,SUCCESS,UPI,CHAL_C_LANDLORD_004,LEGITIMATE_LOOKALIKE,legitimate
TXN_CHAL_000233,ACC_000088,BEN_000010,,DEV_000050,IP_000011,2026-03-11T12:53:20,38000.0,TRANSFER_P2P,SUCCESS,UPI,CHAL_C_LANDLORD_004,LEGITIMATE_LOOKALIKE,legitimate
TXN_CHAL_000556,ACC_000164,BEN_000034,,DEV_000045,IP_000059,2026-03-11T15:37:11,4500.0,TRANSFER_P2P,SUCCESS,IMPS,CHAL_G_COMPOUND_003,LEGITIMATE_LOOKALIKE,legitimate
TXN_CHAL_000172,ACC_000114,BEN_000023,,DEV_000056,IP_000012,2026-03-11T17:21:41,48500.0,TRANSFER_P2P,SUCCESS,UPI,CHAL_C_LANDLORD_001,LEGITIMATE_LOOKALIKE,legitimate
TXN_CHAL_000043,ACC_000133,,MER_000006,DEV_000008,IP_000023,2026-03-11T17:30:01,1500.0,PAYMENT_P2M,SUCCESS,NETBANKING,CHAL_A_FAMILY_003,LEGITIMATE_LOOKALIKE,legitimate
TXN_CHAL_000231,ACC_000035,BEN_000010,,DEV_000024,IP_000009,2026-03-11T18:21:20,22000.0,TRANSFER_P2P,SUCCESS,NEFT,CHAL_C_LANDLORD_004,LEGITIMATE_LOOKALIKE,legitimate
TXN_CHAL_000036,ACC_000182,BEN_000024,,DEV_000008,IP_000023,2026-03-11T18:30:01,1500.0,TRANSFER_P2P,SUCCESS,UPI,CHAL_A_FAMILY_003,LEGITIMATE_LOOKALIKE,legitimate
TXN_CHAL_000226,ACC_000065,BEN_000010,,DEV_000015,IP_000068,2026-03-11T18:45:20,48500.0,TRANSFER_P2P,SUCCESS,IMPS,CHAL_C_LANDLORD_004,LEGITIMATE_LOOKALIKE,legitimate
TXN_CHAL_000038,ACC_000119,,MER_000003,DEV_000008,IP_000023,2026-03-11T19:30:01,49000.0,PAYMENT_P2M,SUCCESS,CARD,CHAL_A_FAMILY_003,LEGITIMATE_LOOKALIKE,legitimate
TXN_CHAL_000560,ACC_000181,BEN_000034,,DEV_000045,IP_000059,2026-03-11T19:42:11,35000.0,TRANSFER_P2P,SUCCESS,UPI,CHAL_G_COMPOUND_003,LEGITIMATE_LOOKALIKE,legitimate
TXN_CHAL_000133,ACC_000139,BEN_000038,,DEV_000013,IP_000034,2026-03-11T19:51:31,4500.0,TRANSFER_P2P,SUCCESS,UPI,CHAL_B_OFFICE_IP_004,LEGITIMATE_LOOKALIKE,legitimate
TXN_CHAL_000136,ACC_000001,,MER_000020,DEV_000040,IP_000034,2026-03-11T20:50:31,450.0,PAYMENT_P2M,SUCCESS,UPI,CHAL_B_OFFICE_IP_004,LEGITIMATE_LOOKALIKE,legitimate
TXN_CHAL_000005,ACC_000080,,MER_000009,DEV_000015,IP_000028,2026-03-11T20:50:45,49000.0,PAYMENT_P2M,SUCCESS,UPI,CHAL_A_FAMILY_001,LEGITIMATE_LOOKALIKE,legitimate
TXN_CHAL_000342,ACC_000074,,MER_000024,DEV_000011,IP_000049,2026-03-11T20:55:29,16000.0,PAYMENT_P2M,SUCCESS,IMPS,CHAL_E_RUSH_HOUR_001,LEGITIMATE_LOOKALIKE,legitimate
TXN_CHAL_000346,ACC_000171,,MER_000005,DEV_000014,IP_000039,2026-03-11T20:57:29,3200.0,PAYMENT_P2M,SUCCESS,IMPS,CHAL_E_RUSH_HOUR_001,LEGITIMATE_LOOKALIKE,legitimate
TXN_CHAL_000343,ACC_000074,,MER_000007,DEV_000011,IP_000049,2026-03-11T20:59:29,1200.0,PAYMENT_P2M,SUCCESS,IMPS,CHAL_E_RUSH_HOUR_001,LEGITIMATE_LOOKALIKE,legitimate
TXN_CHAL_000350,ACC_000038,,MER_000013,DEV_000008,IP_000006,2026-03-11T21:04:29,1200.0,PAYMENT_P2M,SUCCESS,UPI,CHAL_E_RUSH_HOUR_001,LEGITIMATE_LOOKALIKE,legitimate
TXN_CHAL_000344,ACC_000074,,MER_000015,DEV_000011,IP_000049,2026-03-11T21:07:29,16000.0,PAYMENT_P2M,SUCCESS,UPI,CHAL_E_RUSH_HOUR_001,LEGITIMATE_LOOKALIKE,legitimate
TXN_CHAL_000347,ACC_000171,BEN_000038,,DEV_000014,IP_000039,2026-03-11T21:07:29,3200.0,TRANSFER_P2P,SUCCESS,IMPS,CHAL_E_RUSH_HOUR_001,LEGITIMATE_LOOKALIKE,legitimate
TXN_CHAL_000353,ACC_000155,,MER_000011,DEV_000018,IP_000058,2026-03-11T21:07:29,7500.0,PAYMENT_P2M,SUCCESS,UPI,CHAL_E_RUSH_HOUR_001,LEGITIMATE_LOOKALIKE,legitimate
TXN_CHAL_000351,ACC_000038,,MER_000006,DEV_000008,IP_000006,2026-03-11T21:13:29,28000.0,PAYMENT_P2M,SUCCESS,UPI,CHAL_E_RUSH_HOUR_001,LEGITIMATE_LOOKALIKE,legitimate
TXN_CHAL_000345,ACC_000074,,MER_000019,DEV_000011,IP_000049,2026-03-11T21:15:29,3200.0,PAYMENT_P2M,SUCCESS,UPI,CHAL_E_RUSH_HOUR_001,LEGITIMATE_LOOKALIKE,legitimate
TXN_CHAL_000348,ACC_000171,,MER_000024,DEV_000014,IP_000039,2026-03-11T21:15:29,3200.0,PAYMENT_P2M,SUCCESS,UPI,CHAL_E_RUSH_HOUR_001,LEGITIMATE_LOOKALIKE,legitimate
TXN_CHAL_000354,ACC_000155,,MER_000018,DEV_000018,IP_000058,2026-03-11T21:15:29,7500.0,PAYMENT_P2M,SUCCESS,UPI,CHAL_E_RUSH_HOUR_001,LEGITIMATE_LOOKALIKE,legitimate
TXN_CHAL_000356,ACC_000073,BEN_000041,,DEV_000028,IP_000051,2026-03-11T21:15:29,16000.0,TRANSFER_P2P,SUCCESS,UPI,CHAL_E_RUSH_HOUR_001,LEGITIMATE_LOOKALIKE,legitimate
TXN_CHAL_000352,ACC_000038,BEN_000024,,DEV_000008,IP_000006,2026-03-11T21:16:29,16000.0,TRANSFER_P2P,SUCCESS,IMPS,CHAL_E_RUSH_HOUR_001,LEGITIMATE_LOOKALIKE,legitimate
TXN_CHAL_000349,ACC_000171,,MER_000014,DEV_000014,IP_000039,2026-03-11T21:20:29,28000.0,PAYMENT_P2M,SUCCESS,IMPS,CHAL_E_RUSH_HOUR_001,LEGITIMATE_LOOKALIKE,legitimate
TXN_CHAL_000357,ACC_000073,,MER_000006,DEV_000028,IP_000051,2026-03-11T21:21:29,52000.0,PAYMENT_P2M,SUCCESS,UPI,CHAL_E_RUSH_HOUR_001,LEGITIMATE_LOOKALIKE,legitimate
TXN_CHAL_000355,ACC_000155,,MER_000029,DEV_000018,IP_000058,2026-03-11T21:25:29,16000.0,PAYMENT_P2M,SUCCESS,UPI,CHAL_E_RUSH_HOUR_001,LEGITIMATE_LOOKALIKE,legitimate
TXN_CHAL_000358,ACC_000073,BEN_000021,,DEV_000028,IP_000051,2026-03-11T21:27:29,16000.0,TRANSFER_P2P,SUCCESS,UPI,CHAL_E_RUSH_HOUR_001,LEGITIMATE_LOOKALIKE,legitimate
TXN_CHAL_000557,ACC_000164,BEN_000034,,DEV_000045,IP_000059,2026-03-11T21:39:11,21000.0,TRANSFER_P2P,SUCCESS,IMPS,CHAL_G_COMPOUND_003,LEGITIMATE_LOOKALIKE,legitimate
TXN_CHAL_000139,ACC_000138,,MER_000019,DEV_000016,IP_000034,2026-03-11T21:42:31,1850.0,PAYMENT_P2M,SUCCESS,UPI,CHAL_B_OFFICE_IP_004,LEGITIMATE_LOOKALIKE,legitimate
TXN_CHAL_000034,ACC_000182,BEN_000032,,DEV_000008,IP_000023,2026-03-11T22:30:01,28000.0,TRANSFER_P2P,SUCCESS,NETBANKING,CHAL_A_FAMILY_003,LEGITIMATE_LOOKALIKE,legitimate
TXN_CHAL_000037,ACC_000119,,MER_000009,DEV_000008,IP_000023,2026-03-11T22:30:01,3500.0,PAYMENT_P2M,SUCCESS,UPI,CHAL_A_FAMILY_003,LEGITIMATE_LOOKALIKE,legitimate
TXN_CHAL_000143,ACC_000031,,MER_000001,DEV_000055,IP_000034,2026-03-11T22:53:31,450.0,PAYMENT_P2M,SUCCESS,CARD,CHAL_B_OFFICE_IP_004,LEGITIMATE_LOOKALIKE,legitimate
TXN_CHAL_000170,ACC_000023,BEN_000023,,DEV_000003,IP_000023,2026-03-11T23:04:41,15000.0,TRANSFER_P2P,SUCCESS,IMPS,CHAL_C_LANDLORD_001,LEGITIMATE_LOOKALIKE,legitimate
TXN_CHAL_000176,ACC_000115,BEN_000023,,DEV_000007,IP_000063,2026-03-11T23:10:41,28000.0,TRANSFER_P2P,SUCCESS,UPI,CHAL_C_LANDLORD_001,LEGITIMATE_LOOKALIKE,legitimate
TXN_CHAL_000563,ACC_000183,BEN_000034,,DEV_000045,IP_000059,2026-03-11T23:39:11,12000.0,TRANSFER_P2P,SUCCESS,UPI,CHAL_G_COMPOUND_003,LEGITIMATE_LOOKALIKE,legitimate
TXN_CHAL_000146,ACC_000121,BEN_000050,,DEV_000014,IP_000034,2026-03-11T23:49:31,1850.0,TRANSFER_P2P,SUCCESS,UPI,CHAL_B_OFFICE_IP_004,LEGITIMATE_LOOKALIKE,legitimate
TXN_CHAL_000134,ACC_000139,BEN_000032,,DEV_000013,IP_000034,2026-03-11T23:53:31,12000.0,TRANSFER_P2P,SUCCESS,UPI,CHAL_B_OFFICE_IP_004,LEGITIMATE_LOOKALIKE,legitimate
TXN_CHAL_000229,ACC_000090,BEN_000010,,DEV_000048,IP_000001,2026-03-12T00:22:20,75000.0,TRANSFER_P2P,SUCCESS,UPI,CHAL_C_LANDLORD_004,LEGITIMATE_LOOKALIKE,legitimate
TXN_CHAL_000234,ACC_000088,BEN_000010,,DEV_000050,IP_000011,2026-03-12T00:30:20,55000.0,TRANSFER_P2P,SUCCESS,NEFT,CHAL_C_LANDLORD_004,LEGITIMATE_LOOKALIKE,legitimate
TXN_CHAL_000137,ACC_000001,,MER_000010,DEV_000040,IP_000034,2026-03-12T01:00:31,24000.0,PAYMENT_P2M,SUCCESS,UPI,CHAL_B_OFFICE_IP_004,LEGITIMATE_LOOKALIKE,legitimate
TXN_CHAL_000561,ACC_000181,BEN_000034,,DEV_000045,IP_000059,2026-03-12T01:24:11,35000.0,TRANSFER_P2P,SUCCESS,IMPS,CHAL_G_COMPOUND_003,LEGITIMATE_LOOKALIKE,legitimate
TXN_CHAL_000140,ACC_000138,BEN_000046,,DEV_000016,IP_000034,2026-03-12T02:09:31,450.0,TRANSFER_P2P,SUCCESS,UPI,CHAL_B_OFFICE_IP_004,LEGITIMATE_LOOKALIKE,legitimate
TXN_CHAL_000013,ACC_000042,,MER_000022,DEV_000015,IP_000028,2026-03-12T02:50:45,18000.0,PAYMENT_P2M,SUCCESS,CARD,CHAL_A_FAMILY_001,LEGITIMATE_LOOKALIKE,legitimate
TXN_CHAL_000144,ACC_000031,BEN_000011,,DEV_000055,IP_000034,2026-03-12T03:16:31,4500.0,TRANSFER_P2P,SUCCESS,CARD,CHAL_B_OFFICE_IP_004,LEGITIMATE_LOOKALIKE,legitimate
TXN_CHAL_000039,ACC_000119,,MER_000026,DEV_000008,IP_000023,2026-03-12T03:30:01,28000.0,PAYMENT_P2M,SUCCESS,CARD,CHAL_A_FAMILY_003,LEGITIMATE_LOOKALIKE,legitimate
TXN_CHAL_000567,ACC_000008,BEN_000034,,DEV_000045,IP_000059,2026-03-12T03:33:11,4500.0,TRANSFER_P2P,SUCCESS,UPI,CHAL_G_COMPOUND_003,LEGITIMATE_LOOKALIKE,legitimate
TXN_CHAL_000558,ACC_000164,BEN_000034,,DEV_000045,IP_000059,2026-03-12T03:44:11,35000.0,TRANSFER_P2P,SUCCESS,IMPS,CHAL_G_COMPOUND_003,LEGITIMATE_LOOKALIKE,legitimate
TXN_CHAL_000147,ACC_000121,,MER_000030,DEV_000014,IP_000034,2026-03-12T04:01:31,4500.0,PAYMENT_P2M,SUCCESS,UPI,CHAL_B_OFFICE_IP_004,LEGITIMATE_LOOKALIKE,legitimate
TXN_CHAL_000135,ACC_000139,,MER_000015,DEV_000013,IP_000034,2026-03-12T04:02:31,1850.0,PAYMENT_P2M,SUCCESS,CARD,CHAL_B_OFFICE_IP_004,LEGITIMATE_LOOKALIKE,legitimate
TXN_CHAL_000138,ACC_000001,BEN_000030,,DEV_000040,IP_000034,2026-03-12T05:21:31,450.0,TRANSFER_P2P,SUCCESS,CARD,CHAL_B_OFFICE_IP_004,LEGITIMATE_LOOKALIKE,legitimate
TXN_CHAL_000173,ACC_000114,BEN_000023,,DEV_000056,IP_000012,2026-03-12T05:23:41,38000.0,TRANSFER_P2P,SUCCESS,UPI,CHAL_C_LANDLORD_001,LEGITIMATE_LOOKALIKE,legitimate
TXN_CHAL_000179,ACC_000092,BEN_000023,,DEV_000036,IP_000047,2026-03-12T05:30:41,75000.0,TRANSFER_P2P,SUCCESS,IMPS,CHAL_C_LANDLORD_001,LEGITIMATE_LOOKALIKE,legitimate
TXN_CHAL_000564,ACC_000183,BEN_000034,,DEV_000045,IP_000059,2026-03-12T05:37:11,49500.0,TRANSFER_P2P,SUCCESS,UPI,CHAL_G_COMPOUND_003,LEGITIMATE_LOOKALIKE,legitimate
TXN_CHAL_000141,ACC_000138,,MER_000023,DEV_000016,IP_000034,2026-03-12T06:11:31,48000.0,PAYMENT_P2M,SUCCESS,UPI,CHAL_B_OFFICE_IP_004,LEGITIMATE_LOOKALIKE,legitimate
TXN_CHAL_000035,ACC_000182,BEN_000014,,DEV_000008,IP_000023,2026-03-12T06:30:01,3500.0,TRANSFER_P2P,SUCCESS,UPI,CHAL_A_FAMILY_003,LEGITIMATE_LOOKALIKE,legitimate
TXN_CHAL_000232,ACC_000035,BEN_000010,,DEV_000024,IP_000009,2026-03-12T06:52:20,22000.0,TRANSFER_P2P,SUCCESS,UPI,CHAL_C_LANDLORD_004,LEGITIMATE_LOOKALIKE,legitimate
TXN_CHAL_000145,ACC_000031,BEN_000049,,DEV_000055,IP_000034,2026-03-12T07:16:31,1850.0,TRANSFER_P2P,SUCCESS,UPI,CHAL_B_OFFICE_IP_004,LEGITIMATE_LOOKALIKE,legitimate
TXN_CHAL_000562,ACC_000181,BEN_000034,,DEV_000045,IP_000059,2026-03-12T07:20:11,49500.0,TRANSFER_P2P,SUCCESS,IMPS,CHAL_G_COMPOUND_003,LEGITIMATE_LOOKALIKE,legitimate
TXN_CHAL_000570,ACC_000200,BEN_000034,,DEV_000045,IP_000059,2026-03-12T07:32:11,68000.0,TRANSFER_P2P,SUCCESS,IMPS,CHAL_G_COMPOUND_003,LEGITIMATE_LOOKALIKE,legitimate
TXN_CHAL_000148,ACC_000121,,MER_000026,DEV_000014,IP_000034,2026-03-12T08:24:31,450.0,PAYMENT_P2M,SUCCESS,UPI,CHAL_B_OFFICE_IP_004,LEGITIMATE_LOOKALIKE,legitimate
TXN_CHAL_000568,ACC_000008,BEN_000034,,DEV_000045,IP_000059,2026-03-12T09:24:11,21000.0,TRANSFER_P2P,SUCCESS,UPI,CHAL_G_COMPOUND_003,LEGITIMATE_LOOKALIKE,legitimate
TXN_CHAL_000559,ACC_000164,BEN_000034,,DEV_000045,IP_000059,2026-03-12T09:38:11,35000.0,TRANSFER_P2P,SUCCESS,UPI,CHAL_G_COMPOUND_003,LEGITIMATE_LOOKALIKE,legitimate
TXN_CHAL_000142,ACC_000138,,MER_000021,DEV_000016,IP_000034,2026-03-12T10:19:31,48000.0,PAYMENT_P2M,SUCCESS,UPI,CHAL_B_OFFICE_IP_004,LEGITIMATE_LOOKALIKE,legitimate
TXN_CHAL_000047,ACC_000147,BEN_000014,,DEV_000008,IP_000023,2026-03-12T10:30:01,28000.0,TRANSFER_P2P,SUCCESS,UPI,CHAL_A_FAMILY_003,LEGITIMATE_LOOKALIKE,legitimate
TXN_CHAL_000177,ACC_000115,BEN_000023,,DEV_000007,IP_000063,2026-03-12T11:02:41,55000.0,TRANSFER_P2P,SUCCESS,NEFT,CHAL_C_LANDLORD_001,LEGITIMATE_LOOKALIKE,legitimate
TXN_CHAL_000057,ACC_000103,,MER_000007,DEV_000059,IP_000069,2026-03-12T11:05:41,1500.0,PAYMENT_P2M,SUCCESS,UPI,CHAL_A_FAMILY_004,LEGITIMATE_LOOKALIKE,legitimate
TXN_CHAL_000171,ACC_000023,BEN_000023,,DEV_000003,IP_000023,2026-03-12T11:25:41,38000.0,TRANSFER_P2P,SUCCESS,NEFT,CHAL_C_LANDLORD_001,LEGITIMATE_LOOKALIKE,legitimate
TXN_CHAL_000182,ACC_000029,BEN_000023,,DEV_000054,IP_000036,2026-03-12T11:27:41,28000.0,TRANSFER_P2P,SUCCESS,IMPS,CHAL_C_LANDLORD_001,LEGITIMATE_LOOKALIKE,legitimate
TXN_CHAL_000565,ACC_000183,BEN_000034,,DEV_000045,IP_000059,2026-03-12T11:50:11,35000.0,TRANSFER_P2P,SUCCESS,UPI,CHAL_G_COMPOUND_003,LEGITIMATE_LOOKALIKE,legitimate
TXN_CHAL_000011,ACC_000098,,MER_000005,DEV_000015,IP_000028,2026-03-12T11:50:45,18000.0,PAYMENT_P2M,SUCCESS,CARD,CHAL_A_FAMILY_001,LEGITIMATE_LOOKALIKE,legitimate
TXN_CHAL_000149,ACC_000121,,MER_000011,DEV_000014,IP_000034,2026-03-12T12:00:31,450.0,PAYMENT_P2M,SUCCESS,UPI,CHAL_B_OFFICE_IP_004,LEGITIMATE_LOOKALIKE,legitimate
TXN_CHAL_000061,ACC_000018,,MER_000028,DEV_000059,IP_000069,2026-03-12T12:05:41,18000.0,PAYMENT_P2M,SUCCESS,UPI,CHAL_A_FAMILY_004,LEGITIMATE_LOOKALIKE,legitimate
TXN_CHAL_000014,ACC_000042,,MER_000029,DEV_000015,IP_000028,2026-03-12T12:50:45,28000.0,PAYMENT_P2M,SUCCESS,CARD,CHAL_A_FAMILY_001,LEGITIMATE_LOOKALIKE,legitimate
TXN_CHAL_000235,ACC_000088,BEN_000010,,DEV_000050,IP_000011,2026-03-12T12:56:20,48500.0,TRANSFER_P2P,SUCCESS,UPI,CHAL_C_LANDLORD_004,LEGITIMATE_LOOKALIKE,legitimate
TXN_CHAL_000571,ACC_000200,BEN_000034,,DEV_000045,IP_000059,2026-03-12T13:27:11,49500.0,TRANSFER_P2P,SUCCESS,UPI,CHAL_G_COMPOUND_003,LEGITIMATE_LOOKALIKE,legitimate
TXN_CHAL_000042,ACC_000133,BEN_000038,,DEV_000008,IP_000023,2026-03-12T13:30:01,49000.0,TRANSFER_P2P,SUCCESS,NETBANKING,CHAL_A_FAMILY_003,LEGITIMATE_LOOKALIKE,legitimate
TXN_CHAL_000040,ACC_000119,BEN_000032,,DEV_000008,IP_000023,2026-03-12T14:30:01,49000.0,TRANSFER_P2P,SUCCESS,CARD,CHAL_A_FAMILY_003,LEGITIMATE_LOOKALIKE,legitimate
TXN_CHAL_000062,ACC_000018,,MER_000029,DEV_000059,IP_000069,2026-03-12T15:05:41,18000.0,PAYMENT_P2M,SUCCESS,CARD,CHAL_A_FAMILY_004,LEGITIMATE_LOOKALIKE,legitimate
TXN_CHAL_000569,ACC_000008,BEN_000034,,DEV_000045,IP_000059,2026-03-12T15:43:11,21000.0,TRANSFER_P2P,SUCCESS,UPI,CHAL_G_COMPOUND_003,LEGITIMATE_LOOKALIKE,legitimate
TXN_CHAL_000180,ACC_000092,BEN_000023,,DEV_000036,IP_000047,2026-03-12T17:01:41,48500.0,TRANSFER_P2P,SUCCESS,IMPS,CHAL_C_LANDLORD_001,LEGITIMATE_LOOKALIKE,legitimate
TXN_CHAL_000174,ACC_000114,BEN_000023,,DEV_000056,IP_000012,2026-03-12T17:15:41,75000.0,TRANSFER_P2P,SUCCESS,IMPS,CHAL_C_LANDLORD_001,LEGITIMATE_LOOKALIKE,legitimate
TXN_CHAL_000566,ACC_000183,BEN_000034,,DEV_000045,IP_000059,2026-03-12T17:44:11,49500.0,TRANSFER_P2P,SUCCESS,UPI,CHAL_G_COMPOUND_003,LEGITIMATE_LOOKALIKE,legitimate
TXN_CHAL_000050,ACC_000162,,MER_000019,DEV_000059,IP_000069,2026-03-12T18:05:41,49000.0,PAYMENT_P2M,SUCCESS,NETBANKING,CHAL_A_FAMILY_004,LEGITIMATE_LOOKALIKE,legitimate
TXN_CHAL_000063,ACC_000018,BEN_000010,,DEV_000059,IP_000069,2026-03-12T19:05:41,28000.0,TRANSFER_P2P,SUCCESS,CARD,CHAL_A_FAMILY_004,LEGITIMATE_LOOKALIKE,legitimate
TXN_CHAL_000572,ACC_000200,BEN_000034,,DEV_000045,IP_000059,2026-03-12T19:31:11,68000.0,TRANSFER_P2P,SUCCESS,UPI,CHAL_G_COMPOUND_003,LEGITIMATE_LOOKALIKE,legitimate
TXN_CHAL_000055,ACC_000094,BEN_000036,,DEV_000059,IP_000069,2026-03-12T20:05:41,3500.0,TRANSFER_P2P,SUCCESS,NETBANKING,CHAL_A_FAMILY_004,LEGITIMATE_LOOKALIKE,legitimate
TXN_CHAL_000115,ACC_000071,,MER_000025,DEV_000011,IP_000043,2026-03-12T20:50:17,24000.0,PAYMENT_P2M,SUCCESS,UPI,CHAL_B_OFFICE_IP_003,LEGITIMATE_LOOKALIKE,legitimate
TXN_CHAL_000001,ACC_000120,,MER_000019,DEV_000015,IP_000028,2026-03-12T20:50:45,3500.0,PAYMENT_P2M,SUCCESS,NETBANKING,CHAL_A_FAMILY_001,LEGITIMATE_LOOKALIKE,legitimate
TXN_CHAL_000015,ACC_000042,,MER_000010,DEV_000015,IP_000028,2026-03-12T20:50:45,49000.0,PAYMENT_P2M,SUCCESS,NETBANKING,CHAL_A_FAMILY_001,LEGITIMATE_LOOKALIKE,legitimate
TXN_CHAL_000056,ACC_000094,,MER_000005,DEV_000059,IP_000069,2026-03-12T21:05:41,1500.0,PAYMENT_P2M,SUCCESS,CARD,CHAL_A_FAMILY_004,LEGITIMATE_LOOKALIKE,legitimate
TXN_CHAL_000119,ACC_000028,,MER_000006,DEV_000041,IP_000043,2026-03-12T22:05:17,48000.0,PAYMENT_P2M,SUCCESS,UPI,CHAL_B_OFFICE_IP_003,LEGITIMATE_LOOKALIKE,legitimate
TXN_CHAL_000183,ACC_000029,BEN_000023,,DEV_000054,IP_000036,2026-03-12T23:05:41,48500.0,TRANSFER_P2P,SUCCESS,IMPS,CHAL_C_LANDLORD_001,LEGITIMATE_LOOKALIKE,legitimate
TXN_CHAL_000178,ACC_000115,BEN_000023,,DEV_000007,IP_000063,2026-03-12T23:09:41,15000.0,TRANSFER_P2P,SUCCESS,IMPS,CHAL_C_LANDLORD_001,LEGITIMATE_LOOKALIKE,legitimate
TXN_CHAL_000122,ACC_000101,BEN_000011,,DEV_000042,IP_000043,2026-03-12T23:16:17,1850.0,TRANSFER_P2P,SUCCESS,UPI,CHAL_B_OFFICE_IP_003,LEGITIMATE_LOOKALIKE,legitimate
TXN_CHAL_000048,ACC_000147,,MER_000030,DEV_000008,IP_000023,2026-03-12T23:30:01,49000.0,PAYMENT_P2M,SUCCESS,NETBANKING,CHAL_A_FAMILY_003,LEGITIMATE_LOOKALIKE,legitimate
TXN_CHAL_000125,ACC_000154,,MER_000009,DEV_000060,IP_000043,2026-03-12T23:42:17,24000.0,PAYMENT_P2M,SUCCESS,CARD,CHAL_B_OFFICE_IP_003,LEGITIMATE_LOOKALIKE,legitimate
TXN_CHAL_000016,ACC_000042,,MER_000021,DEV_000015,IP_000028,2026-03-12T23:50:45,8500.0,PAYMENT_P2M,SUCCESS,NETBANKING,CHAL_A_FAMILY_001,LEGITIMATE_LOOKALIKE,legitimate
TXN_CHAL_000291,ACC_000105,,MER_000022,DEV_000046,IP_000021,2026-03-12T23:58:34,19999.0,PAYMENT_P2M,SUCCESS,CARD,CHAL_D_FLASH_SALE_003,LEGITIMATE_LOOKALIKE,legitimate
TXN_CHAL_000295,ACC_000113,,MER_000022,DEV_000027,IP_000042,2026-03-13T00:12:34,69999.0,PAYMENT_P2M,SUCCESS,CARD,CHAL_D_FLASH_SALE_003,LEGITIMATE_LOOKALIKE,legitimate
TXN_CHAL_000292,ACC_000105,,MER_000022,DEV_000046,IP_000021,2026-03-13T00:17:34,49999.0,PAYMENT_P2M,SUCCESS,UPI,CHAL_D_FLASH_SALE_003,LEGITIMATE_LOOKALIKE,legitimate
TXN_CHAL_000299,ACC_000007,,MER_000022,DEV_000029,IP_000028,2026-03-13T00:21:34,29999.0,PAYMENT_P2M,SUCCESS,UPI,CHAL_D_FLASH_SALE_003,LEGITIMATE_LOOKALIKE,legitimate
TXN_CHAL_000296,ACC_000113,,MER_000022,DEV_000027,IP_000042,2026-03-13T00:29:34,49999.0,PAYMENT_P2M,SUCCESS,UPI,CHAL_D_FLASH_SALE_003,LEGITIMATE_LOOKALIKE,legitimate
TXN_CHAL_000044,ACC_000133,,MER_000015,DEV_000008,IP_000023,2026-03-13T00:30:01,28000.0,PAYMENT_P2M,SUCCESS,NETBANKING,CHAL_A_FAMILY_003,LEGITIMATE_LOOKALIKE,legitimate
TXN_CHAL_000302,ACC_000197,,MER_000022,DEV_000004,IP_000014,2026-03-13T00:34:34,4999.0,PAYMENT_P2M,SUCCESS,UPI,CHAL_D_FLASH_SALE_003,LEGITIMATE_LOOKALIKE,legitimate
TXN_CHAL_000293,ACC_000105,,MER_000022,DEV_000046,IP_000021,2026-03-13T00:38:34,2999.0,PAYMENT_P2M,SUCCESS,CARD,CHAL_D_FLASH_SALE_003,LEGITIMATE_LOOKALIKE,legitimate
TXN_CHAL_000129,ACC_000127,,MER_000021,DEV_000048,IP_000043,2026-03-13T00:40:17,48000.0,PAYMENT_P2M,SUCCESS,UPI,CHAL_B_OFFICE_IP_003,LEGITIMATE_LOOKALIKE,legitimate
TXN_CHAL_000300,ACC_000007,,MER_000022,DEV_000029,IP_000028,2026-03-13T00:44:34,2999.0,PAYMENT_P2M,SUCCESS,UPI,CHAL_D_FLASH_SALE_003,LEGITIMATE_LOOKALIKE,legitimate
TXN_CHAL_000305,ACC_000009,,MER_000022,DEV_000022,IP_000012,2026-03-13T00:44:34,49999.0,PAYMENT_P2M,SUCCESS,CARD,CHAL_D_FLASH_SALE_003,LEGITIMATE_LOOKALIKE,legitimate
TXN_CHAL_000303,ACC_000197,,MER_000022,DEV_000004,IP_000014,2026-03-13T00:52:34,2999.0,PAYMENT_P2M,SUCCESS,CARD,CHAL_D_FLASH_SALE_003,LEGITIMATE_LOOKALIKE,legitimate
TXN_CHAL_000297,ACC_000113,,MER_000022,DEV_000027,IP_000042,2026-03-13T00:54:34,69999.0,PAYMENT_P2M,SUCCESS,UPI,CHAL_D_FLASH_SALE_003,LEGITIMATE_LOOKALIKE,legitimate
TXN_CHAL_000294,ACC_000105,,MER_000022,DEV_000046,IP_000021,2026-03-13T00:56:34,2999.0,PAYMENT_P2M,SUCCESS,CARD,CHAL_D_FLASH_SALE_003,LEGITIMATE_LOOKALIKE,legitimate
TXN_CHAL_000301,ACC_000007,,MER_000022,DEV_000029,IP_000028,2026-03-13T01:04:34,2999.0,PAYMENT_P2M,SUCCESS,CARD,CHAL_D_FLASH_SALE_003,LEGITIMATE_LOOKALIKE,legitimate
TXN_CHAL_000049,ACC_000162,,MER_000020,DEV_000059,IP_000069,2026-03-13T01:05:41,49000.0,PAYMENT_P2M,SUCCESS,CARD,CHAL_A_FAMILY_004,LEGITIMATE_LOOKALIKE,legitimate
TXN_CHAL_000053,ACC_000094,,MER_000011,DEV_000059,IP_000069,2026-03-13T01:05:41,3500.0,PAYMENT_P2M,SUCCESS,UPI,CHAL_A_FAMILY_004,LEGITIMATE_LOOKALIKE,legitimate
TXN_CHAL_000116,ACC_000071,,MER_000010,DEV_000011,IP_000043,2026-03-13T01:06:17,48000.0,PAYMENT_P2M,SUCCESS,CARD,CHAL_B_OFFICE_IP_003,LEGITIMATE_LOOKALIKE,legitimate
TXN_CHAL_000306,ACC_000009,,MER_000022,DEV_000022,IP_000012,2026-03-13T01:09:34,4999.0,PAYMENT_P2M,SUCCESS,CARD,CHAL_D_FLASH_SALE_003,LEGITIMATE_LOOKALIKE,legitimate
TXN_CHAL_000298,ACC_000113,,MER_000022,DEV_000027,IP_000042,2026-03-13T01:14:34,19999.0,PAYMENT_P2M,SUCCESS,CARD,CHAL_D_FLASH_SALE_003,LEGITIMATE_LOOKALIKE,legitimate
TXN_CHAL_000304,ACC_000197,,MER_000022,DEV_000004,IP_000014,2026-03-13T01:14:34,9999.0,PAYMENT_P2M,SUCCESS,CARD,CHAL_D_FLASH_SALE_003,LEGITIMATE_LOOKALIKE,legitimate
TXN_CHAL_000307,ACC_000009,,MER_000022,DEV_000022,IP_000012,2026-03-13T01:25:34,2999.0,PAYMENT_P2M,SUCCESS,CARD,CHAL_D_FLASH_SALE_003,LEGITIMATE_LOOKALIKE,legitimate
TXN_CHAL_000120,ACC_000028,BEN_000010,,DEV_000041,IP_000043,2026-03-13T01:32:17,4500.0,TRANSFER_P2P,SUCCESS,CARD,CHAL_B_OFFICE_IP_003,LEGITIMATE_LOOKALIKE,legitimate
TXN_CHAL_000123,ACC_000101,BEN_000031,,DEV_000042,IP_000043,2026-03-13T03:03:17,48000.0,TRANSFER_P2P,SUCCESS,UPI,CHAL_B_OFFICE_IP_003,LEGITIMATE_LOOKALIKE,legitimate
TXN_CHAL_000126,ACC_000154,,MER_000005,DEV_000060,IP_000043,2026-03-13T04:02:17,1850.0,PAYMENT_P2M,SUCCESS,CARD,CHAL_B_OFFICE_IP_003,LEGITIMATE_LOOKALIKE,legitimate
TXN_CHAL_000058,ACC_000103,BEN_000039,,DEV_000059,IP_000069,2026-03-13T04:05:41,18000.0,TRANSFER_P2P,SUCCESS,NETBANKING,CHAL_A_FAMILY_004,LEGITIMATE_LOOKALIKE,legitimate
TXN_CHAL_000130,ACC_000127,,MER_000024,DEV_000048,IP_000043,2026-03-13T05:04:17,4500.0,PAYMENT_P2M,SUCCESS,CARD,CHAL_B_OFFICE_IP_003,LEGITIMATE_LOOKALIKE,legitimate
TXN_CHAL_000181,ACC_000092,BEN_000023,,DEV_000036,IP_000047,2026-03-13T05:04:41,38000.0,TRANSFER_P2P,SUCCESS,NEFT,CHAL_C_LANDLORD_001,LEGITIMATE_LOOKALIKE,legitimate
TXN_CHAL_000117,ACC_000071,,MER_000004,DEV_000011,IP_000043,2026-03-13T05:06:17,4500.0,PAYMENT_P2M,SUCCESS,CARD,CHAL_B_OFFICE_IP_003,LEGITIMATE_LOOKALIKE,legitimate
TXN_CHAL_000175,ACC_000114,BEN_000023,,DEV_000056,IP_000012,2026-03-13T05:19:41,28000.0,TRANSFER_P2P,SUCCESS,UPI,CHAL_C_LANDLORD_001,LEGITIMATE_LOOKALIKE,legitimate
TXN_CHAL_000121,ACC_000028,BEN_000047,,DEV_000041,IP_000043,2026-03-13T05:32:17,24000.0,TRANSFER_P2P,SUCCESS,UPI,CHAL_B_OFFICE_IP_003,LEGITIMATE_LOOKALIKE,legitimate
TXN_CHAL_000003,ACC_000120,BEN_000042,,DEV_000015,IP_000028,2026-03-13T05:50:45,1500.0,TRANSFER_P2P,SUCCESS,CARD,CHAL_A_FAMILY_001,LEGITIMATE_LOOKALIKE,legitimate
TXN_CHAL_000124,ACC_000101,,MER_000008,DEV_000042,IP_000043,2026-03-13T06:36:17,24000.0,PAYMENT_P2M,SUCCESS,UPI,CHAL_B_OFFICE_IP_003,LEGITIMATE_LOOKALIKE,legitimate
TXN_CHAL_000006,ACC_000080,,MER_000016,DEV_000015,IP_000028,2026-03-13T07:50:45,28000.0,PAYMENT_P2M,SUCCESS,NETBANKING,CHAL_A_FAMILY_001,LEGITIMATE_LOOKALIKE,legitimate
TXN_CHAL_000127,ACC_000154,,MER_000003,DEV_000060,IP_000043,2026-03-13T08:09:17,12000.0,PAYMENT_P2M,SUCCESS,UPI,CHAL_B_OFFICE_IP_003,LEGITIMATE_LOOKALIKE,legitimate
TXN_CHAL_000118,ACC_000071,,MER_000029,DEV_000011,IP_000043,2026-03-13T08:36:17,450.0,PAYMENT_P2M,SUCCESS,UPI,CHAL_B_OFFICE_IP_003,LEGITIMATE_LOOKALIKE,legitimate
TXN_CHAL_000009,ACC_000098,BEN_000021,,DEV_000015,IP_000028,2026-03-13T08:50:45,1500.0,TRANSFER_P2P,SUCCESS,CARD,CHAL_A_FAMILY_001,LEGITIMATE_LOOKALIKE,legitimate
TXN_CHAL_000131,ACC_000127,,MER_000020,DEV_000048,IP_000043,2026-03-13T09:16:17,4500.0,PAYMENT_P2M,SUCCESS,UPI,CHAL_B_OFFICE_IP_003,LEGITIMATE_LOOKALIKE,legitimate
TXN_CHAL_000054,ACC_000094,,MER_000025,DEV_000059,IP_000069,2026-03-13T10:05:41,49000.0,PAYMENT_P2M,SUCCESS,UPI,CHAL_A_FAMILY_004,LEGITIMATE_LOOKALIKE,legitimate
TXN_CHAL_000010,ACC_000098,BEN_000023,,DEV_000015,IP_000028,2026-03-13T10:50:45,18000.0,TRANSFER_P2P,SUCCESS,UPI,CHAL_A_FAMILY_001,LEGITIMATE_LOOKALIKE,legitimate
TXN_CHAL_000184,ACC_000029,BEN_000023,,DEV_000054,IP_000036,2026-03-13T11:16:41,38000.0,TRANSFER_P2P,SUCCESS,UPI,CHAL_C_LANDLORD_001,LEGITIMATE_LOOKALIKE,legitimate
TXN_CHAL_000059,ACC_000103,BEN_000033,,DEV_000059,IP_000069,2026-03-13T12:05:41,8500.0,TRANSFER_P2P,SUCCESS,NETBANKING,CHAL_A_FAMILY_004,LEGITIMATE_LOOKALIKE,legitimate
TXN_CHAL_000128,ACC_000154,,MER_000013,DEV_000060,IP_000043,2026-03-13T12:19:17,450.0,PAYMENT_P2M,SUCCESS,CARD,CHAL_B_OFFICE_IP_003,LEGITIMATE_LOOKALIKE,legitimate
TXN_CHAL_000021,ACC_000126,BEN_000047,,DEV_000017,IP_000043,2026-03-13T12:27:24,1500.0,TRANSFER_P2P,SUCCESS,CARD,CHAL_A_FAMILY_002,LEGITIMATE_LOOKALIKE,legitimate
TXN_CHAL_000002,ACC_000120,,MER_000003,DEV_000015,IP_000028,2026-03-13T12:50:45,28000.0,PAYMENT_P2M,SUCCESS,NETBANKING,CHAL_A_FAMILY_001,LEGITIMATE_LOOKALIKE,legitimate
TXN_CHAL_000132,ACC_000127,,MER_000004,DEV_000048,IP_000043,2026-03-13T13:09:17,12000.0,PAYMENT_P2M,SUCCESS,UPI,CHAL_B_OFFICE_IP_003,LEGITIMATE_LOOKALIKE,legitimate
TXN_CHAL_000536,ACC_000047,BEN_000015,,DEV_000023,IP_000046,2026-03-13T14:43:02,12000.0,TRANSFER_P2P,SUCCESS,UPI,CHAL_G_COMPOUND_002,LEGITIMATE_LOOKALIKE,legitimate
TXN_CHAL_000012,ACC_000098,BEN_000023,,DEV_000015,IP_000028,2026-03-13T14:50:45,3500.0,TRANSFER_P2P,SUCCESS,NETBANKING,CHAL_A_FAMILY_001,LEGITIMATE_LOOKALIKE,legitimate
TXN_CHAL_000022,ACC_000126,,MER_000008,DEV_000017,IP_000043,2026-03-13T17:27:24,3500.0,PAYMENT_P2M,SUCCESS,UPI,CHAL_A_FAMILY_002,LEGITIMATE_LOOKALIKE,legitimate
TXN_CHAL_000007,ACC_000080,BEN_000036,,DEV_000015,IP_000028,2026-03-13T17:50:45,3500.0,TRANSFER_P2P,SUCCESS,UPI,CHAL_A_FAMILY_001,LEGITIMATE_LOOKALIKE,legitimate
TXN_CHAL_000540,ACC_000014,BEN_000015,,DEV_000023,IP_000046,2026-03-13T18:47:02,68000.0,TRANSFER_P2P,SUCCESS,IMPS,CHAL_G_COMPOUND_002,LEGITIMATE_LOOKALIKE,legitimate
TXN_CHAL_000018,ACC_000141,,MER_000007,DEV_000017,IP_000043,2026-03-13T20:27:24,49000.0,PAYMENT_P2M,SUCCESS,CARD,CHAL_A_FAMILY_002,LEGITIMATE_LOOKALIKE,legitimate
TXN_CHAL_000025,ACC_000110,BEN_000016,,DEV_000017,IP_000043,2026-03-13T20:27:24,3500.0,TRANSFER_P2P,SUCCESS,NETBANKING,CHAL_A_FAMILY_002,LEGITIMATE_LOOKALIKE,legitimate
TXN_CHAL_000004,ACC_000120,,MER_000003,DEV_000015,IP_000028,2026-03-13T20:50:45,18000.0,PAYMENT_P2M,SUCCESS,UPI,CHAL_A_FAMILY_001,LEGITIMATE_LOOKALIKE,legitimate
TXN_CHAL_000537,ACC_000047,BEN_000015,,DEV_000023,IP_000046,2026-03-13T21:05:02,12000.0,TRANSFER_P2P,SUCCESS,UPI,CHAL_G_COMPOUND_002,LEGITIMATE_LOOKALIKE,legitimate
TXN_CHAL_000023,ACC_000126,,MER_000012,DEV_000017,IP_000043,2026-03-13T22:27:24,1500.0,PAYMENT_P2M,SUCCESS,NETBANKING,CHAL_A_FAMILY_002,LEGITIMATE_LOOKALIKE,legitimate
TXN_CHAL_000544,ACC_000192,BEN_000015,,DEV_000023,IP_000046,2026-03-13T22:53:02,35000.0,TRANSFER_P2P,SUCCESS,IMPS,CHAL_G_COMPOUND_002,LEGITIMATE_LOOKALIKE,legitimate
TXN_CHAL_000185,ACC_000029,BEN_000023,,DEV_000054,IP_000036,2026-03-13T23:18:41,55000.0,TRANSFER_P2P,SUCCESS,NEFT,CHAL_C_LANDLORD_001,LEGITIMATE_LOOKALIKE,legitimate
TXN_CHAL_000541,ACC_000014,BEN_000015,,DEV_000023,IP_000046,2026-03-14T00:59:02,49500.0,TRANSFER_P2P,SUCCESS,IMPS,CHAL_G_COMPOUND_002,LEGITIMATE_LOOKALIKE,legitimate
TXN_CHAL_000051,ACC_000162,,MER_000023,DEV_000059,IP_000069,2026-03-14T02:05:41,49000.0,PAYMENT_P2M,SUCCESS,UPI,CHAL_A_FAMILY_004,LEGITIMATE_LOOKALIKE,legitimate
TXN_CHAL_000060,ACC_000103,BEN_000022,,DEV_000059,IP_000069,2026-03-14T02:05:41,1500.0,TRANSFER_P2P,SUCCESS,CARD,CHAL_A_FAMILY_004,LEGITIMATE_LOOKALIKE,legitimate
TXN_CHAL_000029,ACC_000044,,MER_000015,DEV_000017,IP_000043,2026-03-14T02:27:24,18000.0,PAYMENT_P2M,SUCCESS,UPI,CHAL_A_FAMILY_002,LEGITIMATE_LOOKALIKE,legitimate
TXN_CHAL_000548,ACC_000100,BEN_000015,,DEV_000023,IP_000046,2026-03-14T02:56:02,12000.0,TRANSFER_P2P,SUCCESS,IMPS,CHAL_G_COMPOUND_002,LEGITIMATE_LOOKALIKE,legitimate
TXN_CHAL_000538,ACC_000047,BEN_000015,,DEV_000023,IP_000046,2026-03-14T03:06:02,4500.0,TRANSFER_P2P,SUCCESS,IMPS,CHAL_G_COMPOUND_002,LEGITIMATE_LOOKALIKE,legitimate
TXN_CHAL_000008,ACC_000080,BEN_000021,,DEV_000015,IP_000028,2026-03-14T03:50:45,28000.0,TRANSFER_P2P,SUCCESS,CARD,CHAL_A_FAMILY_001,LEGITIMATE_LOOKALIKE,legitimate
TXN_CHAL_000545,ACC_000192,BEN_000015,,DEV_000023,IP_000046,2026-03-14T04:40:02,35000.0,TRANSFER_P2P,SUCCESS,UPI,CHAL_G_COMPOUND_002,LEGITIMATE_LOOKALIKE,legitimate
TXN_CHAL_000019,ACC_000141,BEN_000031,,DEV_000017,IP_000043,2026-03-14T05:27:24,18000.0,TRANSFER_P2P,SUCCESS,CARD,CHAL_A_FAMILY_002,LEGITIMATE_LOOKALIKE,legitimate
TXN_CHAL_000542,ACC_000014,BEN_000015,,DEV_000023,IP_000046,2026-03-14T07:01:02,68000.0,TRANSFER_P2P,SUCCESS,UPI,CHAL_G_COMPOUND_002,LEGITIMATE_LOOKALIKE,legitimate
TXN_CHAL_000552,ACC_000136,BEN_000015,,DEV_000023,IP_000046,2026-03-14T07:09:02,35000.0,TRANSFER_P2P,SUCCESS,UPI,CHAL_G_COMPOUND_002,LEGITIMATE_LOOKALIKE,legitimate
TXN_CHAL_000186,ACC_000026,BEN_000027,,DEV_000028,IP_000042,2026-03-14T08:03:49,15000.0,TRANSFER_P2P,SUCCESS,IMPS,CHAL_C_LANDLORD_002,LEGITIMATE_LOOKALIKE,legitimate
TXN_CHAL_000031,ACC_000044,,MER_000008,DEV_000017,IP_000043,2026-03-14T08:27:24,28000.0,PAYMENT_P2M,SUCCESS,UPI,CHAL_A_FAMILY_002,LEGITIMATE_LOOKALIKE,legitimate
TXN_CHAL_000549,ACC_000100,BEN_000015,,DEV_000023,IP_000046,2026-03-14T08:55:02,49500.0,TRANSFER_P2P,SUCCESS,IMPS,CHAL_G_COMPOUND_002,LEGITIMATE_LOOKALIKE,legitimate
TXN_CHAL_000539,ACC_000047,BEN_000015,,DEV_000023,IP_000046,2026-03-14T09:06:02,35000.0,TRANSFER_P2P,SUCCESS,IMPS,CHAL_G_COMPOUND_002,LEGITIMATE_LOOKALIKE,legitimate
TXN_CHAL_000052,ACC_000162,,MER_000026,DEV_000059,IP_000069,2026-03-14T10:05:41,1500.0,PAYMENT_P2M,SUCCESS,UPI,CHAL_A_FAMILY_004,LEGITIMATE_LOOKALIKE,legitimate
TXN_CHAL_000546,ACC_000192,BEN_000015,,DEV_000023,IP_000046,2026-03-14T10:38:02,4500.0,TRANSFER_P2P,SUCCESS,IMPS,CHAL_G_COMPOUND_002,LEGITIMATE_LOOKALIKE,legitimate
TXN_CHAL_000024,ACC_000126,BEN_000030,,DEV_000017,IP_000043,2026-03-14T12:27:24,3500.0,TRANSFER_P2P,SUCCESS,NETBANKING,CHAL_A_FAMILY_002,LEGITIMATE_LOOKALIKE,legitimate
TXN_CHAL_000553,ACC_000136,BEN_000015,,DEV_000023,IP_000046,2026-03-14T13:06:02,35000.0,TRANSFER_P2P,SUCCESS,UPI,CHAL_G_COMPOUND_002,LEGITIMATE_LOOKALIKE,legitimate
TXN_CHAL_000543,ACC_000014,BEN_000015,,DEV_000023,IP_000046,2026-03-14T13:08:02,68000.0,TRANSFER_P2P,SUCCESS,UPI,CHAL_G_COMPOUND_002,LEGITIMATE_LOOKALIKE,legitimate
TXN_CHAL_000190,ACC_000179,BEN_000027,,DEV_000003,IP_000032,2026-03-14T14:13:49,48500.0,TRANSFER_P2P,SUCCESS,NEFT,CHAL_C_LANDLORD_002,LEGITIMATE_LOOKALIKE,legitimate
TXN_CHAL_000020,ACC_000141,,MER_000003,DEV_000017,IP_000043,2026-03-14T14:27:24,1500.0,PAYMENT_P2M,SUCCESS,CARD,CHAL_A_FAMILY_002,LEGITIMATE_LOOKALIKE,legitimate
TXN_CHAL_000550,ACC_000100,BEN_000015,,DEV_000023,IP_000046,2026-03-14T15:01:02,12000.0,TRANSFER_P2P,SUCCESS,IMPS,CHAL_G_COMPOUND_002,LEGITIMATE_LOOKALIKE,legitimate
TXN_CHAL_000064,ACC_000018,,MER_000005,DEV_000059,IP_000069,2026-03-14T15:05:41,49000.0,PAYMENT_P2M,SUCCESS,NETBANKING,CHAL_A_FAMILY_004,LEGITIMATE_LOOKALIKE,legitimate
TXN_CHAL_000017,ACC_000141,BEN_000027,,DEV_000017,IP_000043,2026-03-14T15:27:24,18000.0,TRANSFER_P2P,SUCCESS,UPI,CHAL_A_FAMILY_002,LEGITIMATE_LOOKALIKE,legitimate
TXN_CHAL_000027,ACC_000110,,MER_000020,DEV_000017,IP_000043,2026-03-14T16:27:24,28000.0,PAYMENT_P2M,SUCCESS,NETBANKING,CHAL_A_FAMILY_002,LEGITIMATE_LOOKALIKE,legitimate
TXN_CHAL_000547,ACC_000192,BEN_000015,,DEV_000023,IP_000046,2026-03-14T16:54:02,4500.0,TRANSFER_P2P,SUCCESS,IMPS,CHAL_G_COMPOUND_002,LEGITIMATE_LOOKALIKE,legitimate
TXN_CHAL_000554,ACC_000136,BEN_000015,,DEV_000023,IP_000046,2026-03-14T19:10:02,35000.0,TRANSFER_P2P,SUCCESS,IMPS,CHAL_G_COMPOUND_002,LEGITIMATE_LOOKALIKE,legitimate
TXN_CHAL_000187,ACC_000026,BEN_000027,,DEV_000028,IP_000042,2026-03-14T19:50:49,28000.0,TRANSFER_P2P,SUCCESS,UPI,CHAL_C_LANDLORD_002,LEGITIMATE_LOOKALIKE,legitimate
TXN_CHAL_000193,ACC_000158,BEN_000027,,DEV_000054,IP_000023,2026-03-14T19:51:49,15000.0,TRANSFER_P2P,SUCCESS,UPI,CHAL_C_LANDLORD_002,LEGITIMATE_LOOKALIKE,legitimate
TXN_CHAL_000551,ACC_000100,BEN_000015,,DEV_000023,IP_000046,2026-03-14T20:46:02,35000.0,TRANSFER_P2P,SUCCESS,IMPS,CHAL_G_COMPOUND_002,LEGITIMATE_LOOKALIKE,legitimate
TXN_CHAL_000555,ACC_000136,BEN_000015,,DEV_000023,IP_000046,2026-03-15T01:00:02,68000.0,TRANSFER_P2P,SUCCESS,UPI,CHAL_G_COMPOUND_002,LEGITIMATE_LOOKALIKE,legitimate
TXN_CHAL_000191,ACC_000179,BEN_000027,,DEV_000003,IP_000032,2026-03-15T02:03:49,48500.0,TRANSFER_P2P,SUCCESS,UPI,CHAL_C_LANDLORD_002,LEGITIMATE_LOOKALIKE,legitimate
TXN_CHAL_000196,ACC_000048,BEN_000027,,DEV_000031,IP_000021,2026-03-15T02:17:49,48500.0,TRANSFER_P2P,SUCCESS,NEFT,CHAL_C_LANDLORD_002,LEGITIMATE_LOOKALIKE,legitimate
TXN_CHAL_000030,ACC_000044,,MER_000004,DEV_000017,IP_000043,2026-03-15T04:27:24,1500.0,PAYMENT_P2M,SUCCESS,NETBANKING,CHAL_A_FAMILY_002,LEGITIMATE_LOOKALIKE,legitimate
TXN_CHAL_000026,ACC_000110,,MER_000024,DEV_000017,IP_000043,2026-03-15T05:27:24,8500.0,PAYMENT_P2M,SUCCESS,CARD,CHAL_A_FAMILY_002,LEGITIMATE_LOOKALIKE,legitimate
TXN_CHAL_000731,ACC_000149,BEN_000033,,DEV_000056,IP_000057,2026-03-15T06:52:51,49900.0,TRANSFER_P2P,SUCCESS,UPI,CHAL_H_RING_006,COMBINED_RING,ring
TXN_CHAL_000732,ACC_000149,BEN_000033,,DEV_000056,IP_000057,2026-03-15T06:56:33,48500.0,TRANSFER_P2P,SUCCESS,IMPS,CHAL_H_RING_006,COMBINED_RING,ring
TXN_CHAL_000737,ACC_000184,BEN_000033,,DEV_000056,IP_000057,2026-03-15T07:04:19,48500.0,TRANSFER_P2P,SUCCESS,NEFT,CHAL_H_RING_006,COMBINED_RING,ring
TXN_CHAL_000738,ACC_000184,BEN_000033,,DEV_000056,IP_000057,2026-03-15T07:08:32,48500.0,TRANSFER_P2P,SUCCESS,UPI,CHAL_H_RING_006,COMBINED_RING,ring
TXN_CHAL_000742,ACC_000022,BEN_000033,,DEV_000056,IP_000057,2026-03-15T07:16:58,49900.0,TRANSFER_P2P,SUCCESS,NEFT,CHAL_H_RING_006,COMBINED_RING,ring
TXN_CHAL_000743,ACC_000022,BEN_000033,,DEV_000056,IP_000057,2026-03-15T07:20:53,1500.0,TRANSFER_P2P,SUCCESS,UPI,CHAL_H_RING_006,COMBINED_RING,ring
TXN_CHAL_000747,ACC_000070,BEN_000033,,DEV_000056,IP_000057,2026-03-15T07:28:20,14500.0,TRANSFER_P2P,SUCCESS,NEFT,CHAL_H_RING_006,COMBINED_RING,ring
TXN_CHAL_000748,ACC_000070,,MER_000029,DEV_000056,IP_000057,2026-03-15T07:32:29,22000.0,PAYMENT_P2M,SUCCESS,IMPS,CHAL_H_RING_006,COMBINED_RING,ring
TXN_CHAL_000751,ACC_000151,BEN_000033,,DEV_000056,IP_000057,2026-03-15T07:40:22,3500.0,TRANSFER_P2P,SUCCESS,NEFT,CHAL_H_RING_006,COMBINED_RING,ring
TXN_CHAL_000752,ACC_000151,BEN_000033,,DEV_000056,IP_000057,2026-03-15T07:44:19,75000.0,TRANSFER_P2P,SUCCESS,NEFT,CHAL_H_RING_006,COMBINED_RING,ring
TXN_CHAL_000194,ACC_000158,BEN_000027,,DEV_000054,IP_000023,2026-03-15T07:49:49,28000.0,TRANSFER_P2P,SUCCESS,IMPS,CHAL_C_LANDLORD_002,LEGITIMATE_LOOKALIKE,legitimate
TXN_CHAL_000188,ACC_000026,BEN_000027,,DEV_000028,IP_000042,2026-03-15T07:53:49,22000.0,TRANSFER_P2P,SUCCESS,UPI,CHAL_C_LANDLORD_002,LEGITIMATE_LOOKALIKE,legitimate
TXN_CHAL_000200,ACC_000034,BEN_000027,,DEV_000020,IP_000029,2026-03-15T08:08:49,22000.0,TRANSFER_P2P,SUCCESS,NEFT,CHAL_C_LANDLORD_002,LEGITIMATE_LOOKALIKE,legitimate
TXN_CHAL_000683,ACC_000054,BEN_000032,,DEV_000050,IP_000019,2026-03-15T09:25:36,1500.0,TRANSFER_P2P,SUCCESS,IMPS,CHAL_H_RING_004,COMBINED_RING,ring
TXN_CHAL_000684,ACC_000054,BEN_000032,,DEV_000050,IP_000019,2026-03-15T09:29:43,1500.0,TRANSFER_P2P,SUCCESS,UPI,CHAL_H_RING_004,COMBINED_RING,ring
TXN_CHAL_000687,ACC_000077,BEN_000032,,DEV_000050,IP_000019,2026-03-15T09:37:47,32000.0,TRANSFER_P2P,SUCCESS,UPI,CHAL_H_RING_004,COMBINED_RING,ring
TXN_CHAL_000688,ACC_000077,BEN_000032,,DEV_000050,IP_000019,2026-03-15T09:41:36,14500.0,TRANSFER_P2P,SUCCESS,IMPS,CHAL_H_RING_004,COMBINED_RING,ring
TXN_CHAL_000693,ACC_000011,,MER_000004,DEV_000050,IP_000019,2026-03-15T09:49:16,75000.0,PAYMENT_P2M,SUCCESS,NEFT,CHAL_H_RING_004,COMBINED_RING,ring
TXN_CHAL_000733,ACC_000149,BEN_000033,,DEV_000056,IP_000057,2026-03-15T09:53:01,8500.0,TRANSFER_P2P,SUCCESS,NEFT,CHAL_H_RING_006,COMBINED_RING,ring
TXN_CHAL_000694,ACC_000011,BEN_000032,,DEV_000050,IP_000019,2026-03-15T09:53:14,22000.0,TRANSFER_P2P,SUCCESS,UPI,CHAL_H_RING_004,COMBINED_RING,ring
TXN_CHAL_000734,ACC_000149,BEN_000033,,DEV_000056,IP_000057,2026-03-15T09:56:31,3500.0,TRANSFER_P2P,SUCCESS,UPI,CHAL_H_RING_006,COMBINED_RING,ring
TXN_CHAL_000698,ACC_000059,BEN_000032,,DEV_000050,IP_000019,2026-03-15T10:01:37,48500.0,TRANSFER_P2P,SUCCESS,NEFT,CHAL_H_RING_004,COMBINED_RING,ring
TXN_CHAL_000739,ACC_000184,,MER_000025,DEV_000056,IP_000057,2026-03-15T10:04:18,75000.0,PAYMENT_P2M,SUCCESS,NEFT,CHAL_H_RING_006,COMBINED_RING,ring
TXN_CHAL_000699,ACC_000059,BEN_000032,,DEV_000050,IP_000019,2026-03-15T10:05:38,22000.0,TRANSFER_P2P,SUCCESS,IMPS,CHAL_H_RING_004,COMBINED_RING,ring
TXN_CHAL_000740,ACC_000184,BEN_000033,,DEV_000056,IP_000057,2026-03-15T10:08:58,1500.0,TRANSFER_P2P,SUCCESS,IMPS,CHAL_H_RING_006,COMBINED_RING,ring
TXN_CHAL_000379,ACC_000099,,MER_000017,DEV_000038,IP_000047,2026-03-15T10:10:33,1200.0,PAYMENT_P2M,SUCCESS,IMPS,CHAL_E_RUSH_HOUR_003,LEGITIMATE_LOOKALIKE,legitimate
TXN_CHAL_000702,ACC_000167,,MER_000021,DEV_000050,IP_000019,2026-03-15T10:13:45,75000.0,PAYMENT_P2M,SUCCESS,IMPS,CHAL_H_RING_004,COMBINED_RING,ring
TXN_CHAL_000744,ACC_000022,BEN_000033,,DEV_000056,IP_000057,2026-03-15T10:16:28,22000.0,TRANSFER_P2P,SUCCESS,NEFT,CHAL_H_RING_006,COMBINED_RING,ring
TXN_CHAL_000703,ACC_000167,BEN_000032,,DEV_000050,IP_000019,2026-03-15T10:17:18,1500.0,TRANSFER_P2P,SUCCESS,NEFT,CHAL_H_RING_004,COMBINED_RING,ring
TXN_CHAL_000380,ACC_000099,,MER_000023,DEV_000038,IP_000047,2026-03-15T10:17:33,1200.0,PAYMENT_P2M,SUCCESS,IMPS,CHAL_E_RUSH_HOUR_003,LEGITIMATE_LOOKALIKE,legitimate
TXN_CHAL_000383,ACC_000116,,MER_000018,DEV_000035,IP_000016,2026-03-15T10:17:33,3200.0,PAYMENT_P2M,SUCCESS,UPI,CHAL_E_RUSH_HOUR_003,LEGITIMATE_LOOKALIKE,legitimate
TXN_CHAL_000384,ACC_000116,BEN_000043,,DEV_000035,IP_000016,2026-03-15T10:20:33,1200.0,TRANSFER_P2P,SUCCESS,UPI,CHAL_E_RUSH_HOUR_003,LEGITIMATE_LOOKALIKE,legitimate
TXN_CHAL_000745,ACC_000022,,MER_000022,DEV_000056,IP_000057,2026-03-15T10:20:46,8500.0,PAYMENT_P2M,SUCCESS,IMPS,CHAL_H_RING_006,COMBINED_RING,ring
TXN_CHAL_000386,ACC_000134,BEN_000002,,DEV_000017,IP_000023,2026-03-15T10:21:33,16000.0,TRANSFER_P2P,SUCCESS,IMPS,CHAL_E_RUSH_HOUR_003,LEGITIMATE_LOOKALIKE,legitimate
TXN_CHAL_000389,ACC_000050,BEN_000037,,DEV_000052,IP_000065,2026-03-15T10:25:33,1200.0,TRANSFER_P2P,SUCCESS,UPI,CHAL_E_RUSH_HOUR_003,LEGITIMATE_LOOKALIKE,legitimate
TXN_CHAL_000381,ACC_000099,,MER_000001,DEV_000038,IP_000047,2026-03-15T10:26:33,28000.0,PAYMENT_P2M,SUCCESS,UPI,CHAL_E_RUSH_HOUR_003,LEGITIMATE_LOOKALIKE,legitimate
TXN_CHAL_000387,ACC_000134,,MER_000022,DEV_000017,IP_000023,2026-03-15T10:26:33,28000.0,PAYMENT_P2M,SUCCESS,UPI,CHAL_E_RUSH_HOUR_003,LEGITIMATE_LOOKALIKE,legitimate
TXN_CHAL_000749,ACC_000070,BEN_000033,,DEV_000056,IP_000057,2026-03-15T10:28:56,48500.0,TRANSFER_P2P,SUCCESS,NEFT,CHAL_H_RING_006,COMBINED_RING,ring
TXN_CHAL_000382,ACC_000099,,MER_000027,DEV_000038,IP_000047,2026-03-15T10:30:33,28000.0,PAYMENT_P2M,SUCCESS,UPI,CHAL_E_RUSH_HOUR_003,LEGITIMATE_LOOKALIKE,legitimate
TXN_CHAL_000385,ACC_000116,,MER_000010,DEV_000035,IP_000016,2026-03-15T10:30:33,3200.0,PAYMENT_P2M,SUCCESS,UPI,CHAL_E_RUSH_HOUR_003,LEGITIMATE_LOOKALIKE,legitimate
TXN_CHAL_000390,ACC_000050,BEN_000041,,DEV_000052,IP_000065,2026-03-15T10:30:33,1200.0,TRANSFER_P2P,SUCCESS,UPI,CHAL_E_RUSH_HOUR_003,LEGITIMATE_LOOKALIKE,legitimate
TXN_CHAL_000393,ACC_000163,BEN_000025,,DEV_000057,IP_000066,2026-03-15T10:32:33,1200.0,TRANSFER_P2P,SUCCESS,UPI,CHAL_E_RUSH_HOUR_003,LEGITIMATE_LOOKALIKE,legitimate
TXN_CHAL_000750,ACC_000070,BEN_000033,,DEV_000056,IP_000057,2026-03-15T10:32:34,32000.0,TRANSFER_P2P,SUCCESS,NEFT,CHAL_H_RING_006,COMBINED_RING,ring
TXN_CHAL_000388,ACC_000134,BEN_000026,,DEV_000017,IP_000023,2026-03-15T10:34:33,1200.0,TRANSFER_P2P,SUCCESS,IMPS,CHAL_E_RUSH_HOUR_003,LEGITIMATE_LOOKALIKE,legitimate
TXN_CHAL_000394,ACC_000163,BEN_000029,,DEV_000057,IP_000066,2026-03-15T10:39:33,16000.0,TRANSFER_P2P,SUCCESS,IMPS,CHAL_E_RUSH_HOUR_003,LEGITIMATE_LOOKALIKE,legitimate
TXN_CHAL_000391,ACC_000050,BEN_000041,,DEV_000052,IP_000065,2026-03-15T10:40:33,52000.0,TRANSFER_P2P,SUCCESS,IMPS,CHAL_E_RUSH_HOUR_003,LEGITIMATE_LOOKALIKE,legitimate
TXN_CHAL_000753,ACC_000151,BEN_000033,,DEV_000056,IP_000057,2026-03-15T10:40:50,75000.0,TRANSFER_P2P,SUCCESS,UPI,CHAL_H_RING_006,COMBINED_RING,ring
TXN_CHAL_000392,ACC_000050,BEN_000014,,DEV_000052,IP_000065,2026-03-15T10:44:33,16000.0,TRANSFER_P2P,SUCCESS,UPI,CHAL_E_RUSH_HOUR_003,LEGITIMATE_LOOKALIKE,legitimate
TXN_CHAL_000754,ACC_000151,BEN_000033,,DEV_000056,IP_000057,2026-03-15T10:45:00,48500.0,TRANSFER_P2P,SUCCESS,UPI,CHAL_H_RING_006,COMBINED_RING,ring
TXN_CHAL_000395,ACC_000163,,MER_000027,DEV_000057,IP_000066,2026-03-15T10:46:33,7500.0,PAYMENT_P2M,SUCCESS,IMPS,CHAL_E_RUSH_HOUR_003,LEGITIMATE_LOOKALIKE,legitimate
TXN_CHAL_000396,ACC_000163,,MER_000003,DEV_000057,IP_000066,2026-03-15T10:51:33,28000.0,PAYMENT_P2M,SUCCESS,UPI,CHAL_E_RUSH_HOUR_003,LEGITIMATE_LOOKALIKE,legitimate
TXN_CHAL_000685,ACC_000054,BEN_000032,,DEV_000050,IP_000019,2026-03-15T12:25:46,75000.0,TRANSFER_P2P,SUCCESS,NEFT,CHAL_H_RING_004,COMBINED_RING,ring
TXN_CHAL_000686,ACC_000054,BEN_000032,,DEV_000050,IP_000019,2026-03-15T12:29:37,1500.0,TRANSFER_P2P,SUCCESS,IMPS,CHAL_H_RING_004,COMBINED_RING,ring
TXN_CHAL_000689,ACC_000077,BEN_000032,,DEV_000050,IP_000019,2026-03-15T12:37:10,32000.0,TRANSFER_P2P,SUCCESS,UPI,CHAL_H_RING_004,COMBINED_RING,ring
TXN_CHAL_000690,ACC_000077,BEN_000032,,DEV_000050,IP_000019,2026-03-15T12:41:13,1500.0,TRANSFER_P2P,SUCCESS,IMPS,CHAL_H_RING_004,COMBINED_RING,ring
TXN_CHAL_000695,ACC_000011,BEN_000032,,DEV_000050,IP_000019,2026-03-15T12:49:19,48500.0,TRANSFER_P2P,SUCCESS,IMPS,CHAL_H_RING_004,COMBINED_RING,ring
TXN_CHAL_000735,ACC_000149,BEN_000033,,DEV_000056,IP_000057,2026-03-15T12:52:48,32000.0,TRANSFER_P2P,SUCCESS,NEFT,CHAL_H_RING_006,COMBINED_RING,ring
TXN_CHAL_000696,ACC_000011,BEN_000032,,DEV_000050,IP_000019,2026-03-15T12:53:28,49900.0,TRANSFER_P2P,SUCCESS,IMPS,CHAL_H_RING_004,COMBINED_RING,ring
TXN_CHAL_000736,ACC_000149,BEN_000033,,DEV_000056,IP_000057,2026-03-15T12:56:27,49900.0,TRANSFER_P2P,SUCCESS,NEFT,CHAL_H_RING_006,COMBINED_RING,ring
TXN_CHAL_000700,ACC_000059,BEN_000032,,DEV_000050,IP_000019,2026-03-15T13:01:21,75000.0,TRANSFER_P2P,SUCCESS,IMPS,CHAL_H_RING_004,COMBINED_RING,ring
TXN_CHAL_000741,ACC_000184,BEN_000033,,DEV_000056,IP_000057,2026-03-15T13:04:23,3500.0,TRANSFER_P2P,SUCCESS,UPI,CHAL_H_RING_006,COMBINED_RING,ring
TXN_CHAL_000701,ACC_000059,BEN_000032,,DEV_000050,IP_000019,2026-03-15T13:05:35,14500.0,TRANSFER_P2P,SUCCESS,IMPS,CHAL_H_RING_004,COMBINED_RING,ring
TXN_CHAL_000704,ACC_000167,BEN_000032,,DEV_000050,IP_000019,2026-03-15T13:13:21,22000.0,TRANSFER_P2P,SUCCESS,NEFT,CHAL_H_RING_004,COMBINED_RING,ring
TXN_CHAL_000746,ACC_000022,BEN_000033,,DEV_000056,IP_000057,2026-03-15T13:16:28,48500.0,TRANSFER_P2P,SUCCESS,UPI,CHAL_H_RING_006,COMBINED_RING,ring
TXN_CHAL_000705,ACC_000167,BEN_000032,,DEV_000050,IP_000019,2026-03-15T13:17:16,32000.0,TRANSFER_P2P,SUCCESS,UPI,CHAL_H_RING_004,COMBINED_RING,ring
TXN_CHAL_000192,ACC_000179,BEN_000027,,DEV_000003,IP_000032,2026-03-15T13:48:49,48500.0,TRANSFER_P2P,SUCCESS,IMPS,CHAL_C_LANDLORD_002,LEGITIMATE_LOOKALIKE,legitimate
TXN_CHAL_000197,ACC_000048,BEN_000027,,DEV_000031,IP_000021,2026-03-15T14:00:49,55000.0,TRANSFER_P2P,SUCCESS,UPI,CHAL_C_LANDLORD_002,LEGITIMATE_LOOKALIKE,legitimate
TXN_CHAL_000028,ACC_000110,,MER_000011,DEV_000017,IP_000043,2026-03-15T15:27:24,28000.0,PAYMENT_P2M,SUCCESS,CARD,CHAL_A_FAMILY_002,LEGITIMATE_LOOKALIKE,legitimate
TXN_CHAL_000691,ACC_000077,BEN_000032,,DEV_000050,IP_000019,2026-03-15T15:37:19,32000.0,TRANSFER_P2P,SUCCESS,NEFT,CHAL_H_RING_004,COMBINED_RING,ring
TXN_CHAL_000692,ACC_000077,BEN_000032,,DEV_000050,IP_000019,2026-03-15T15:41:34,22000.0,TRANSFER_P2P,SUCCESS,UPI,CHAL_H_RING_004,COMBINED_RING,ring
TXN_CHAL_000697,ACC_000011,BEN_000032,,DEV_000050,IP_000019,2026-03-15T15:49:42,1500.0,TRANSFER_P2P,SUCCESS,UPI,CHAL_H_RING_004,COMBINED_RING,ring
TXN_CHAL_000032,ACC_000044,,MER_000016,DEV_000017,IP_000043,2026-03-15T17:27:24,49000.0,PAYMENT_P2M,SUCCESS,UPI,CHAL_A_FAMILY_002,LEGITIMATE_LOOKALIKE,legitimate
TXN_CHAL_000189,ACC_000026,BEN_000027,,DEV_000028,IP_000042,2026-03-15T19:46:49,75000.0,TRANSFER_P2P,SUCCESS,IMPS,CHAL_C_LANDLORD_002,LEGITIMATE_LOOKALIKE,legitimate
TXN_CHAL_000201,ACC_000034,BEN_000027,,DEV_000020,IP_000029,2026-03-15T19:56:49,28000.0,TRANSFER_P2P,SUCCESS,IMPS,CHAL_C_LANDLORD_002,LEGITIMATE_LOOKALIKE,legitimate
TXN_CHAL_000195,ACC_000158,BEN_000027,,DEV_000054,IP_000023,2026-03-15T20:11:49,75000.0,TRANSFER_P2P,SUCCESS,UPI,CHAL_C_LANDLORD_002,LEGITIMATE_LOOKALIKE,legitimate
TXN_CHAL_000573,ACC_000109,BEN_000049,,DEV_000033,IP_000049,2026-03-15T21:41:16,21000.0,TRANSFER_P2P,SUCCESS,IMPS,CHAL_G_COMPOUND_004,LEGITIMATE_LOOKALIKE,legitimate
TXN_CHAL_000359,ACC_000060,BEN_000022,,DEV_000026,IP_000023,2026-03-15T22:01:45,52000.0,TRANSFER_P2P,SUCCESS,UPI,CHAL_E_RUSH_HOUR_002,LEGITIMATE_LOOKALIKE,legitimate
TXN_CHAL_000363,ACC_000118,BEN_000044,,DEV_000011,IP_000001,2026-03-15T22:09:45,16000.0,TRANSFER_P2P,SUCCESS,UPI,CHAL_E_RUSH_HOUR_002,LEGITIMATE_LOOKALIKE,legitimate
TXN_CHAL_000360,ACC_000060,BEN_000041,,DEV_000026,IP_000023,2026-03-15T22:10:45,52000.0,TRANSFER_P2P,SUCCESS,IMPS,CHAL_E_RUSH_HOUR_002,LEGITIMATE_LOOKALIKE,legitimate
TXN_CHAL_000364,ACC_000118,,MER_000004,DEV_000011,IP_000001,2026-03-15T22:12:45,52000.0,PAYMENT_P2M,SUCCESS,IMPS,CHAL_E_RUSH_HOUR_002,LEGITIMATE_LOOKALIKE,legitimate
TXN_CHAL_000367,ACC_000086,BEN_000036,,DEV_000053,IP_000021,2026-03-15T22:13:45,7500.0,TRANSFER_P2P,SUCCESS,IMPS,CHAL_E_RUSH_HOUR_002,LEGITIMATE_LOOKALIKE,legitimate
TXN_CHAL_000361,ACC_000060,BEN_000013,,DEV_000026,IP_000023,2026-03-15T22:15:45,3200.0,TRANSFER_P2P,SUCCESS,IMPS,CHAL_E_RUSH_HOUR_002,LEGITIMATE_LOOKALIKE,legitimate
TXN_CHAL_000371,ACC_000111,BEN_000024,,DEV_000057,IP_000045,2026-03-15T22:15:45,28000.0,TRANSFER_P2P,SUCCESS,UPI,CHAL_E_RUSH_HOUR_002,LEGITIMATE_LOOKALIKE,legitimate
TXN_CHAL_000368,ACC_000086,,MER_000017,DEV_000053,IP_000021,2026-03-15T22:20:45,3200.0,PAYMENT_P2M,SUCCESS,UPI,CHAL_E_RUSH_HOUR_002,LEGITIMATE_LOOKALIKE,legitimate
TXN_CHAL_000362,ACC_000060,,MER_000026,DEV_000026,IP_000023,2026-03-15T22:21:45,52000.0,PAYMENT_P2M,SUCCESS,UPI,CHAL_E_RUSH_HOUR_002,LEGITIMATE_LOOKALIKE,legitimate
TXN_CHAL_000365,ACC_000118,BEN_000036,,DEV_000011,IP_000001,2026-03-15T22:23:45,52000.0,TRANSFER_P2P,SUCCESS,UPI,CHAL_E_RUSH_HOUR_002,LEGITIMATE_LOOKALIKE,legitimate
TXN_CHAL_000375,ACC_000012,BEN_000028,,DEV_000021,IP_000028,2026-03-15T22:23:45,1200.0,TRANSFER_P2P,SUCCESS,UPI,CHAL_E_RUSH_HOUR_002,LEGITIMATE_LOOKALIKE,legitimate
TXN_CHAL_000372,ACC_000111,BEN_000022,,DEV_000057,IP_000045,2026-03-15T22:24:45,3200.0,TRANSFER_P2P,SUCCESS,UPI,CHAL_E_RUSH_HOUR_002,LEGITIMATE_LOOKALIKE,legitimate
TXN_CHAL_000369,ACC_000086,,MER_000023,DEV_000053,IP_000021,2026-03-15T22:27:45,7500.0,PAYMENT_P2M,SUCCESS,UPI,CHAL_E_RUSH_HOUR_002,LEGITIMATE_LOOKALIKE,legitimate
TXN_CHAL_000366,ACC_000118,,MER_000019,DEV_000011,IP_000001,2026-03-15T22:28:45,52000.0,PAYMENT_P2M,SUCCESS,UPI,CHAL_E_RUSH_HOUR_002,LEGITIMATE_LOOKALIKE,legitimate
TXN_CHAL_000376,ACC_000012,BEN_000028,,DEV_000021,IP_000028,2026-03-15T22:29:45,3200.0,TRANSFER_P2P,SUCCESS,UPI,CHAL_E_RUSH_HOUR_002,LEGITIMATE_LOOKALIKE,legitimate
TXN_CHAL_000370,ACC_000086,BEN_000045,,DEV_000053,IP_000021,2026-03-15T22:32:45,7500.0,TRANSFER_P2P,SUCCESS,IMPS,CHAL_E_RUSH_HOUR_002,LEGITIMATE_LOOKALIKE,legitimate
TXN_CHAL_000373,ACC_000111,,MER_000012,DEV_000057,IP_000045,2026-03-15T22:32:45,1200.0,PAYMENT_P2M,SUCCESS,UPI,CHAL_E_RUSH_HOUR_002,LEGITIMATE_LOOKALIKE,legitimate
TXN_CHAL_000377,ACC_000012,BEN_000014,,DEV_000021,IP_000028,2026-03-15T22:38:45,16000.0,TRANSFER_P2P,SUCCESS,UPI,CHAL_E_RUSH_HOUR_002,LEGITIMATE_LOOKALIKE,legitimate
TXN_CHAL_000374,ACC_000111,,MER_000019,DEV_000057,IP_000045,2026-03-15T22:40:45,28000.0,PAYMENT_P2M,SUCCESS,UPI,CHAL_E_RUSH_HOUR_002,LEGITIMATE_LOOKALIKE,legitimate
TXN_CHAL_000378,ACC_000012,,MER_000027,DEV_000021,IP_000028,2026-03-15T22:44:45,7500.0,PAYMENT_P2M,SUCCESS,IMPS,CHAL_E_RUSH_HOUR_002,LEGITIMATE_LOOKALIKE,legitimate
TXN_CHAL_000577,ACC_000032,BEN_000049,,DEV_000033,IP_000049,2026-03-16T01:48:16,35000.0,TRANSFER_P2P,SUCCESS,UPI,CHAL_G_COMPOUND_004,LEGITIMATE_LOOKALIKE,legitimate
TXN_CHAL_000198,ACC_000048,BEN_000027,,DEV_000031,IP_000021,2026-03-16T02:20:49,75000.0,TRANSFER_P2P,SUCCESS,NEFT,CHAL_C_LANDLORD_002,LEGITIMATE_LOOKALIKE,legitimate
TXN_CHAL_000574,ACC_000109,BEN_000049,,DEV_000033,IP_000049,2026-03-16T03:40:16,35000.0,TRANSFER_P2P,SUCCESS,IMPS,CHAL_G_COMPOUND_004,LEGITIMATE_LOOKALIKE,legitimate
TXN_CHAL_000581,ACC_000075,BEN_000049,,DEV_000033,IP_000049,2026-03-16T05:31:16,68000.0,TRANSFER_P2P,SUCCESS,IMPS,CHAL_G_COMPOUND_004,LEGITIMATE_LOOKALIKE,legitimate
TXN_CHAL_000591,ACC_000102,BEN_000003,,DEV_000032,IP_000008,2026-03-16T07:22:07,4500.0,TRANSFER_P2P,SUCCESS,UPI,CHAL_G_COMPOUND_005,LEGITIMATE_LOOKALIKE,legitimate
TXN_CHAL_000578,ACC_000032,BEN_000049,,DEV_000033,IP_000049,2026-03-16T07:32:16,68000.0,TRANSFER_P2P,SUCCESS,UPI,CHAL_G_COMPOUND_004,LEGITIMATE_LOOKALIKE,legitimate
TXN_CHAL_000202,ACC_000034,BEN_000027,,DEV_000020,IP_000029,2026-03-16T08:02:49,55000.0,TRANSFER_P2P,SUCCESS,NEFT,CHAL_C_LANDLORD_002,LEGITIMATE_LOOKALIKE,legitimate
TXN_CHAL_000585,ACC_000013,BEN_000049,,DEV_000033,IP_000049,2026-03-16T09:45:16,12000.0,TRANSFER_P2P,SUCCESS,IMPS,CHAL_G_COMPOUND_004,LEGITIMATE_LOOKALIKE,legitimate
TXN_CHAL_000575,ACC_000109,BEN_000049,,DEV_000033,IP_000049,2026-03-16T09:49:16,35000.0,TRANSFER_P2P,SUCCESS,IMPS,CHAL_G_COMPOUND_004,LEGITIMATE_LOOKALIKE,legitimate
TXN_CHAL_000594,ACC_000025,BEN_000003,,DEV_000032,IP_000008,2026-03-16T11:42:07,49500.0,TRANSFER_P2P,SUCCESS,UPI,CHAL_G_COMPOUND_005,LEGITIMATE_LOOKALIKE,legitimate
TXN_CHAL_000582,ACC_000075,BEN_000049,,DEV_000033,IP_000049,2026-03-16T11:55:16,12000.0,TRANSFER_P2P,SUCCESS,UPI,CHAL_G_COMPOUND_004,LEGITIMATE_LOOKALIKE,legitimate
TXN_CHAL_000414,ACC_000049,,MER_000028,DEV_000057,IP_000045,2026-03-16T13:13:15,28000.0,PAYMENT_P2M,SUCCESS,UPI,CHAL_E_RUSH_HOUR_005,LEGITIMATE_LOOKALIKE,legitimate
TXN_CHAL_000415,ACC_000049,BEN_000038,,DEV_000057,IP_000045,2026-03-16T13:16:15,52000.0,TRANSFER_P2P,SUCCESS,IMPS,CHAL_E_RUSH_HOUR_005,LEGITIMATE_LOOKALIKE,legitimate
TXN_CHAL_000417,ACC_000051,BEN_000021,,DEV_000054,IP_000055,2026-03-16T13:18:15,7500.0,TRANSFER_P2P,SUCCESS,IMPS,CHAL_E_RUSH_HOUR_005,LEGITIMATE_LOOKALIKE,legitimate
TXN_CHAL_000420,ACC_000117,,MER_000005,DEV_000026,IP_000061,2026-03-16T13:20:15,3200.0,PAYMENT_P2M,SUCCESS,IMPS,CHAL_E_RUSH_HOUR_005,LEGITIMATE_LOOKALIKE,legitimate
TXN_CHAL_000418,ACC_000051,,MER_000010,DEV_000054,IP_000055,2026-03-16T13:23:15,3200.0,PAYMENT_P2M,SUCCESS,UPI,CHAL_E_RUSH_HOUR_005,LEGITIMATE_LOOKALIKE,legitimate
TXN_CHAL_000416,ACC_000049,,MER_000004,DEV_000057,IP_000045,2026-03-16T13:25:15,7500.0,PAYMENT_P2M,SUCCESS,IMPS,CHAL_E_RUSH_HOUR_005,LEGITIMATE_LOOKALIKE,legitimate
TXN_CHAL_000421,ACC_000117,BEN_000049,,DEV_000026,IP_000061,2026-03-16T13:27:15,3200.0,TRANSFER_P2P,SUCCESS,IMPS,CHAL_E_RUSH_HOUR_005,LEGITIMATE_LOOKALIKE,legitimate
TXN_CHAL_000419,ACC_000051,,MER_000001,DEV_000054,IP_000055,2026-03-16T13:28:15,1200.0,PAYMENT_P2M,SUCCESS,UPI,CHAL_E_RUSH_HOUR_005,LEGITIMATE_LOOKALIKE,legitimate
TXN_CHAL_000424,ACC_000107,,MER_000013,DEV_000002,IP_000011,2026-03-16T13:28:15,1200.0,PAYMENT_P2M,SUCCESS,IMPS,CHAL_E_RUSH_HOUR_005,LEGITIMATE_LOOKALIKE,legitimate
TXN_CHAL_000428,ACC_000063,BEN_000020,,DEV_000023,IP_000068,2026-03-16T13:29:15,52000.0,TRANSFER_P2P,SUCCESS,IMPS,CHAL_E_RUSH_HOUR_005,LEGITIMATE_LOOKALIKE,legitimate
TXN_CHAL_000425,ACC_000107,,MER_000028,DEV_000002,IP_000011,2026-03-16T13:32:15,1200.0,PAYMENT_P2M,SUCCESS,UPI,CHAL_E_RUSH_HOUR_005,LEGITIMATE_LOOKALIKE,legitimate
TXN_CHAL_000422,ACC_000117,BEN_000002,,DEV_000026,IP_000061,2026-03-16T13:33:15,1200.0,TRANSFER_P2P,SUCCESS,UPI,CHAL_E_RUSH_HOUR_005,LEGITIMATE_LOOKALIKE,legitimate
TXN_CHAL_000429,ACC_000063,,MER_000004,DEV_000023,IP_000068,2026-03-16T13:37:15,28000.0,PAYMENT_P2M,SUCCESS,UPI,CHAL_E_RUSH_HOUR_005,LEGITIMATE_LOOKALIKE,legitimate
TXN_CHAL_000588,ACC_000161,BEN_000049,,DEV_000033,IP_000049,2026-03-16T13:37:16,35000.0,TRANSFER_P2P,SUCCESS,UPI,CHAL_G_COMPOUND_004,LEGITIMATE_LOOKALIKE,legitimate
TXN_CHAL_000426,ACC_000107,,MER_000010,DEV_000002,IP_000011,2026-03-16T13:40:15,28000.0,PAYMENT_P2M,SUCCESS,IMPS,CHAL_E_RUSH_HOUR_005,LEGITIMATE_LOOKALIKE,legitimate
TXN_CHAL_000423,ACC_000117,BEN_000026,,DEV_000026,IP_000061,2026-03-16T13:41:15,7500.0,TRANSFER_P2P,SUCCESS,IMPS,CHAL_E_RUSH_HOUR_005,LEGITIMATE_LOOKALIKE,legitimate
TXN_CHAL_000430,ACC_000063,BEN_000049,,DEV_000023,IP_000068,2026-03-16T13:47:15,7500.0,TRANSFER_P2P,SUCCESS,IMPS,CHAL_E_RUSH_HOUR_005,LEGITIMATE_LOOKALIKE,legitimate
TXN_CHAL_000592,ACC_000102,BEN_000003,,DEV_000032,IP_000008,2026-03-16T13:49:07,12000.0,TRANSFER_P2P,SUCCESS,UPI,CHAL_G_COMPOUND_005,LEGITIMATE_LOOKALIKE,legitimate
TXN_CHAL_000427,ACC_000107,,MER_000026,DEV_000002,IP_000011,2026-03-16T13:49:15,28000.0,PAYMENT_P2M,SUCCESS,UPI,CHAL_E_RUSH_HOUR_005,LEGITIMATE_LOOKALIKE,legitimate
TXN_CHAL_000579,ACC_000032,BEN_000049,,DEV_000033,IP_000049,2026-03-16T13:51:16,68000.0,TRANSFER_P2P,SUCCESS,UPI,CHAL_G_COMPOUND_004,LEGITIMATE_LOOKALIKE,legitimate
TXN_CHAL_000199,ACC_000048,BEN_000027,,DEV_000031,IP_000021,2026-03-16T14:20:49,15000.0,TRANSFER_P2P,SUCCESS,NEFT,CHAL_C_LANDLORD_002,LEGITIMATE_LOOKALIKE,legitimate
TXN_CHAL_000597,ACC_000191,BEN_000003,,DEV_000032,IP_000008,2026-03-16T15:24:07,35000.0,TRANSFER_P2P,SUCCESS,UPI,CHAL_G_COMPOUND_005,LEGITIMATE_LOOKALIKE,legitimate
TXN_CHAL_000576,ACC_000109,BEN_000049,,DEV_000033,IP_000049,2026-03-16T15:40:16,35000.0,TRANSFER_P2P,SUCCESS,IMPS,CHAL_G_COMPOUND_004,LEGITIMATE_LOOKALIKE,legitimate
TXN_CHAL_000586,ACC_000013,BEN_000049,,DEV_000033,IP_000049,2026-03-16T15:53:16,68000.0,TRANSFER_P2P,SUCCESS,IMPS,CHAL_G_COMPOUND_004,LEGITIMATE_LOOKALIKE,legitimate
TXN_CHAL_000595,ACC_000025,BEN_000003,,DEV_000032,IP_000008,2026-03-16T17:21:07,68000.0,TRANSFER_P2P,SUCCESS,UPI,CHAL_G_COMPOUND_005,LEGITIMATE_LOOKALIKE,legitimate
TXN_CHAL_000583,ACC_000075,BEN_000049,,DEV_000033,IP_000049,2026-03-16T17:30:16,21000.0,TRANSFER_P2P,SUCCESS,IMPS,CHAL_G_COMPOUND_004,LEGITIMATE_LOOKALIKE,legitimate
TXN_CHAL_000589,ACC_000161,BEN_000049,,DEV_000033,IP_000049,2026-03-16T19:29:16,68000.0,TRANSFER_P2P,SUCCESS,IMPS,CHAL_G_COMPOUND_004,LEGITIMATE_LOOKALIKE,legitimate
TXN_CHAL_000600,ACC_000180,BEN_000003,,DEV_000032,IP_000008,2026-03-16T19:34:07,68000.0,TRANSFER_P2P,SUCCESS,UPI,CHAL_G_COMPOUND_005,LEGITIMATE_LOOKALIKE,legitimate
TXN_CHAL_000580,ACC_000032,BEN_000049,,DEV_000033,IP_000049,2026-03-16T19:51:16,68000.0,TRANSFER_P2P,SUCCESS,IMPS,CHAL_G_COMPOUND_004,LEGITIMATE_LOOKALIKE,legitimate
TXN_CHAL_000593,ACC_000102,BEN_000003,,DEV_000032,IP_000008,2026-03-16T19:52:07,35000.0,TRANSFER_P2P,SUCCESS,UPI,CHAL_G_COMPOUND_005,LEGITIMATE_LOOKALIKE,legitimate
TXN_CHAL_000203,ACC_000034,BEN_000027,,DEV_000020,IP_000029,2026-03-16T20:18:49,28000.0,TRANSFER_P2P,SUCCESS,NEFT,CHAL_C_LANDLORD_002,LEGITIMATE_LOOKALIKE,legitimate
TXN_CHAL_000598,ACC_000191,BEN_000003,,DEV_000032,IP_000008,2026-03-16T21:22:07,4500.0,TRANSFER_P2P,SUCCESS,UPI,CHAL_G_COMPOUND_005,LEGITIMATE_LOOKALIKE,legitimate
TXN_CHAL_000587,ACC_000013,BEN_000049,,DEV_000033,IP_000049,2026-03-16T21:27:16,35000.0,TRANSFER_P2P,SUCCESS,IMPS,CHAL_G_COMPOUND_004,LEGITIMATE_LOOKALIKE,legitimate
TXN_CHAL_000604,ACC_000170,BEN_000003,,DEV_000032,IP_000008,2026-03-16T23:22:07,12000.0,TRANSFER_P2P,SUCCESS,IMPS,CHAL_G_COMPOUND_005,LEGITIMATE_LOOKALIKE,legitimate
TXN_CHAL_000596,ACC_000025,BEN_000003,,DEV_000032,IP_000008,2026-03-16T23:26:07,21000.0,TRANSFER_P2P,SUCCESS,IMPS,CHAL_G_COMPOUND_005,LEGITIMATE_LOOKALIKE,legitimate
TXN_CHAL_000584,ACC_000075,BEN_000049,,DEV_000033,IP_000049,2026-03-16T23:50:16,35000.0,TRANSFER_P2P,SUCCESS,IMPS,CHAL_G_COMPOUND_004,LEGITIMATE_LOOKALIKE,legitimate
TXN_CHAL_000590,ACC_000161,BEN_000049,,DEV_000033,IP_000049,2026-03-17T01:44:16,68000.0,TRANSFER_P2P,SUCCESS,IMPS,CHAL_G_COMPOUND_004,LEGITIMATE_LOOKALIKE,legitimate
TXN_CHAL_000601,ACC_000180,BEN_000003,,DEV_000032,IP_000008,2026-03-17T01:53:07,21000.0,TRANSFER_P2P,SUCCESS,IMPS,CHAL_G_COMPOUND_005,LEGITIMATE_LOOKALIKE,legitimate
TXN_CHAL_000081,ACC_000095,,MER_000020,DEV_000042,IP_000041,2026-03-17T02:54:04,48000.0,PAYMENT_P2M,SUCCESS,CARD,CHAL_B_OFFICE_IP_001,LEGITIMATE_LOOKALIKE,legitimate
TXN_CHAL_000599,ACC_000191,BEN_000003,,DEV_000032,IP_000008,2026-03-17T03:35:07,49500.0,TRANSFER_P2P,SUCCESS,UPI,CHAL_G_COMPOUND_005,LEGITIMATE_LOOKALIKE,legitimate
TXN_CHAL_000084,ACC_000020,BEN_000001,,DEV_000007,IP_000041,2026-03-17T03:51:04,4500.0,TRANSFER_P2P,SUCCESS,UPI,CHAL_B_OFFICE_IP_001,LEGITIMATE_LOOKALIKE,legitimate
TXN_CHAL_000466,ACC_000190,BEN_000026,,DEV_000006,IP_000010,2026-03-17T03:57:47,850.0,TRANSFER_P2P,SUCCESS,UPI,CHAL_F_COMMUNITY_003,LEGITIMATE_LOOKALIKE,legitimate
TXN_CHAL_000087,ACC_000174,BEN_000045,,DEV_000048,IP_000041,2026-03-17T04:20:04,24000.0,TRANSFER_P2P,SUCCESS,CARD,CHAL_B_OFFICE_IP_001,LEGITIMATE_LOOKALIKE,legitimate
TXN_CHAL_000605,ACC_000170,BEN_000003,,DEV_000032,IP_000008,2026-03-17T05:35:07,35000.0,TRANSFER_P2P,SUCCESS,UPI,CHAL_G_COMPOUND_005,LEGITIMATE_LOOKALIKE,legitimate
TXN_CHAL_000091,ACC_000096,,MER_000030,DEV_000003,IP_000041,2026-03-17T05:41:04,4500.0,PAYMENT_P2M,SUCCESS,UPI,CHAL_B_OFFICE_IP_001,LEGITIMATE_LOOKALIKE,legitimate
TXN_CHAL_000095,ACC_000061,,MER_000026,DEV_000005,IP_000041,2026-03-17T06:53:04,12000.0,PAYMENT_P2M,SUCCESS,UPI,CHAL_B_OFFICE_IP_001,LEGITIMATE_LOOKALIKE,legitimate
TXN_CHAL_000082,ACC_000095,,MER_000001,DEV_000042,IP_000041,2026-03-17T06:54:04,48000.0,PAYMENT_P2M,SUCCESS,UPI,CHAL_B_OFFICE_IP_001,LEGITIMATE_LOOKALIKE,legitimate
TXN_CHAL_000085,ACC_000020,,MER_000028,DEV_000007,IP_000041,2026-03-17T07:27:04,450.0,PAYMENT_P2M,SUCCESS,CARD,CHAL_B_OFFICE_IP_001,LEGITIMATE_LOOKALIKE,legitimate
TXN_CHAL_000602,ACC_000180,BEN_000003,,DEV_000032,IP_000008,2026-03-17T07:44:07,35000.0,TRANSFER_P2P,SUCCESS,UPI,CHAL_G_COMPOUND_005,LEGITIMATE_LOOKALIKE,legitimate
TXN_CHAL_000469,ACC_000045,BEN_000003,,DEV_000013,IP_000063,2026-03-17T08:57:47,7500.0,TRANSFER_P2P,SUCCESS,UPI,CHAL_F_COMMUNITY_003,LEGITIMATE_LOOKALIKE,legitimate
TXN_CHAL_000088,ACC_000174,,MER_000026,DEV_000048,IP_000041,2026-03-17T09:00:04,48000.0,PAYMENT_P2M,SUCCESS,CARD,CHAL_B_OFFICE_IP_001,LEGITIMATE_LOOKALIKE,legitimate
TXN_CHAL_000092,ACC_000096,,MER_000017,DEV_000003,IP_000041,2026-03-17T09:31:04,450.0,PAYMENT_P2M,SUCCESS,UPI,CHAL_B_OFFICE_IP_001,LEGITIMATE_LOOKALIKE,legitimate
TXN_CHAL_000083,ACC_000095,,MER_000019,DEV_000042,IP_000041,2026-03-17T10:10:04,1850.0,PAYMENT_P2M,SUCCESS,UPI,CHAL_B_OFFICE_IP_001,LEGITIMATE_LOOKALIKE,legitimate
TXN_CHAL_000096,ACC_000061,,MER_000017,DEV_000005,IP_000041,2026-03-17T10:23:04,24000.0,PAYMENT_P2M,SUCCESS,UPI,CHAL_B_OFFICE_IP_001,LEGITIMATE_LOOKALIKE,legitimate
TXN_CHAL_000606,ACC_000170,BEN_000003,,DEV_000032,IP_000008,2026-03-17T11:35:07,4500.0,TRANSFER_P2P,SUCCESS,UPI,CHAL_G_COMPOUND_005,LEGITIMATE_LOOKALIKE,legitimate
TXN_CHAL_000086,ACC_000020,BEN_000017,,DEV_000007,IP_000041,2026-03-17T11:40:04,1850.0,TRANSFER_P2P,SUCCESS,UPI,CHAL_B_OFFICE_IP_001,LEGITIMATE_LOOKALIKE,legitimate
TXN_CHAL_000608,ACC_000085,BEN_000049,,DEV_000009,IP_000019,2026-03-17T11:43:00,49900.0,TRANSFER_P2P,SUCCESS,IMPS,CHAL_H_RING_001,COMBINED_RING,ring
TXN_CHAL_000609,ACC_000085,BEN_000049,,DEV_000009,IP_000019,2026-03-17T11:46:52,3500.0,TRANSFER_P2P,SUCCESS,UPI,CHAL_H_RING_001,COMBINED_RING,ring
TXN_CHAL_000467,ACC_000190,BEN_000050,,DEV_000006,IP_000010,2026-03-17T11:52:47,850.0,TRANSFER_P2P,SUCCESS,UPI,CHAL_F_COMMUNITY_003,LEGITIMATE_LOOKALIKE,legitimate
TXN_CHAL_000612,ACC_000165,BEN_000049,,DEV_000009,IP_000019,2026-03-17T11:54:54,14500.0,TRANSFER_P2P,SUCCESS,UPI,CHAL_H_RING_001,COMBINED_RING,ring
TXN_CHAL_000613,ACC_000165,BEN_000049,,DEV_000009,IP_000019,2026-03-17T11:58:57,22000.0,TRANSFER_P2P,SUCCESS,UPI,CHAL_H_RING_001,COMBINED_RING,ring
TXN_CHAL_000618,ACC_000055,BEN_000049,,DEV_000009,IP_000019,2026-03-17T12:06:47,48500.0,TRANSFER_P2P,SUCCESS,IMPS,CHAL_H_RING_001,COMBINED_RING,ring
TXN_CHAL_000619,ACC_000055,,MER_000005,DEV_000009,IP_000019,2026-03-17T12:10:49,14500.0,PAYMENT_P2M,SUCCESS,UPI,CHAL_H_RING_001,COMBINED_RING,ring
TXN_CHAL_000624,ACC_000043,BEN_000049,,DEV_000009,IP_000019,2026-03-17T12:19:00,75000.0,TRANSFER_P2P,SUCCESS,UPI,CHAL_H_RING_001,COMBINED_RING,ring
TXN_CHAL_000625,ACC_000043,,MER_000010,DEV_000009,IP_000019,2026-03-17T12:23:16,14500.0,PAYMENT_P2M,SUCCESS,NEFT,CHAL_H_RING_001,COMBINED_RING,ring
TXN_CHAL_000628,ACC_000196,BEN_000049,,DEV_000009,IP_000019,2026-03-17T12:31:26,75000.0,TRANSFER_P2P,SUCCESS,IMPS,CHAL_H_RING_001,COMBINED_RING,ring
TXN_CHAL_000629,ACC_000196,BEN_000049,,DEV_000009,IP_000019,2026-03-17T12:35:13,22000.0,TRANSFER_P2P,SUCCESS,UPI,CHAL_H_RING_001,COMBINED_RING,ring
TXN_CHAL_000089,ACC_000174,,MER_000011,DEV_000048,IP_000041,2026-03-17T12:54:04,12000.0,PAYMENT_P2M,SUCCESS,UPI,CHAL_B_OFFICE_IP_001,LEGITIMATE_LOOKALIKE,legitimate
TXN_CHAL_000603,ACC_000180,BEN_000003,,DEV_000032,IP_000008,2026-03-17T13:41:07,68000.0,TRANSFER_P2P,SUCCESS,UPI,CHAL_G_COMPOUND_005,LEGITIMATE_LOOKALIKE,legitimate
TXN_CHAL_000093,ACC_000096,BEN_000008,,DEV_000003,IP_000041,2026-03-17T13:50:04,1850.0,TRANSFER_P2P,SUCCESS,CARD,CHAL_B_OFFICE_IP_001,LEGITIMATE_LOOKALIKE,legitimate
TXN_CHAL_000473,ACC_000157,BEN_000016,,DEV_000059,IP_000070,2026-03-17T13:54:47,850.0,TRANSFER_P2P,SUCCESS,UPI,CHAL_F_COMMUNITY_003,LEGITIMATE_LOOKALIKE,legitimate
TXN_CHAL_000097,ACC_000061,BEN_000019,,DEV_000005,IP_000041,2026-03-17T14:21:04,24000.0,TRANSFER_P2P,SUCCESS,CARD,CHAL_B_OFFICE_IP_001,LEGITIMATE_LOOKALIKE,legitimate
TXN_CHAL_000610,ACC_000085,BEN_000049,,DEV_000009,IP_000019,2026-03-17T14:42:53,1500.0,TRANSFER_P2P,SUCCESS,IMPS,CHAL_H_RING_001,COMBINED_RING,ring
TXN_CHAL_000611,ACC_000085,BEN_000049,,DEV_000009,IP_000019,2026-03-17T14:46:50,22000.0,TRANSFER_P2P,SUCCESS,NEFT,CHAL_H_RING_001,COMBINED_RING,ring
TXN_CHAL_000614,ACC_000165,BEN_000049,,DEV_000009,IP_000019,2026-03-17T14:55:16,8500.0,TRANSFER_P2P,SUCCESS,NEFT,CHAL_H_RING_001,COMBINED_RING,ring
TXN_CHAL_000615,ACC_000165,BEN_000049,,DEV_000009,IP_000019,2026-03-17T14:58:45,49900.0,TRANSFER_P2P,SUCCESS,IMPS,CHAL_H_RING_001,COMBINED_RING,ring
TXN_CHAL_000620,ACC_000055,BEN_000049,,DEV_000009,IP_000019,2026-03-17T15:06:54,32000.0,TRANSFER_P2P,SUCCESS,UPI,CHAL_H_RING_001,COMBINED_RING,ring
TXN_CHAL_000621,ACC_000055,BEN_000049,,DEV_000009,IP_000019,2026-03-17T15:11:26,8500.0,TRANSFER_P2P,SUCCESS,UPI,CHAL_H_RING_001,COMBINED_RING,ring
TXN_CHAL_000626,ACC_000043,,MER_000026,DEV_000009,IP_000019,2026-03-17T15:18:49,75000.0,PAYMENT_P2M,SUCCESS,NEFT,CHAL_H_RING_001,COMBINED_RING,ring
TXN_CHAL_000627,ACC_000043,BEN_000049,,DEV_000009,IP_000019,2026-03-17T15:22:56,48500.0,TRANSFER_P2P,SUCCESS,NEFT,CHAL_H_RING_001,COMBINED_RING,ring
TXN_CHAL_000630,ACC_000196,,MER_000026,DEV_000009,IP_000019,2026-03-17T15:31:18,75000.0,PAYMENT_P2M,SUCCESS,IMPS,CHAL_H_RING_001,COMBINED_RING,ring
TXN_CHAL_000631,ACC_000196,BEN_000049,,DEV_000009,IP_000019,2026-03-17T15:35:10,48500.0,TRANSFER_P2P,SUCCESS,NEFT,CHAL_H_RING_001,COMBINED_RING,ring
TXN_CHAL_000090,ACC_000174,,MER_000012,DEV_000048,IP_000041,2026-03-17T16:51:04,24000.0,PAYMENT_P2M,SUCCESS,UPI,CHAL_B_OFFICE_IP_001,LEGITIMATE_LOOKALIKE,legitimate
TXN_CHAL_000470,ACC_000045,BEN_000030,,DEV_000013,IP_000063,2026-03-17T16:52:47,7500.0,TRANSFER_P2P,SUCCESS,UPI,CHAL_F_COMMUNITY_003,LEGITIMATE_LOOKALIKE,legitimate
TXN_CHAL_000094,ACC_000096,BEN_000007,,DEV_000003,IP_000041,2026-03-17T17:36:04,48000.0,TRANSFER_P2P,SUCCESS,UPI,CHAL_B_OFFICE_IP_001,LEGITIMATE_LOOKALIKE,legitimate
TXN_CHAL_000607,ACC_000170,BEN_000003,,DEV_000032,IP_000008,2026-03-17T17:40:07,35000.0,TRANSFER_P2P,SUCCESS,UPI,CHAL_G_COMPOUND_005,LEGITIMATE_LOOKALIKE,legitimate
TXN_CHAL_000616,ACC_000165,BEN_000049,,DEV_000009,IP_000019,2026-03-17T17:54:51,75000.0,TRANSFER_P2P,SUCCESS,UPI,CHAL_H_RING_001,COMBINED_RING,ring
TXN_CHAL_000617,ACC_000165,BEN_000049,,DEV_000009,IP_000019,2026-03-17T17:59:27,75000.0,TRANSFER_P2P,SUCCESS,NEFT,CHAL_H_RING_001,COMBINED_RING,ring
TXN_CHAL_000622,ACC_000055,BEN_000049,,DEV_000009,IP_000019,2026-03-17T18:07:20,75000.0,TRANSFER_P2P,SUCCESS,IMPS,CHAL_H_RING_001,COMBINED_RING,ring
TXN_CHAL_000706,ACC_000188,,MER_000011,DEV_000025,IP_000057,2026-03-17T18:10:18,22000.0,PAYMENT_P2M,SUCCESS,NEFT,CHAL_H_RING_005,COMBINED_RING,ring
TXN_CHAL_000623,ACC_000055,BEN_000049,,DEV_000009,IP_000019,2026-03-17T18:10:47,8500.0,TRANSFER_P2P,SUCCESS,IMPS,CHAL_H_RING_001,COMBINED_RING,ring
TXN_CHAL_000707,ACC_000188,,MER_000003,DEV_000025,IP_000057,2026-03-17T18:14:12,75000.0,PAYMENT_P2M,SUCCESS,IMPS,CHAL_H_RING_005,COMBINED_RING,ring
TXN_CHAL_000710,ACC_000027,BEN_000042,,DEV_000025,IP_000057,2026-03-17T18:21:57,14500.0,TRANSFER_P2P,SUCCESS,NEFT,CHAL_H_RING_005,COMBINED_RING,ring
TXN_CHAL_000711,ACC_000027,BEN_000042,,DEV_000025,IP_000057,2026-03-17T18:26:07,48500.0,TRANSFER_P2P,SUCCESS,NEFT,CHAL_H_RING_005,COMBINED_RING,ring
TXN_CHAL_000632,ACC_000196,BEN_000049,,DEV_000009,IP_000019,2026-03-17T18:31:07,3500.0,TRANSFER_P2P,SUCCESS,NEFT,CHAL_H_RING_001,COMBINED_RING,ring
TXN_CHAL_000477,ACC_000166,BEN_000006,,DEV_000016,IP_000001,2026-03-17T18:33:47,48000.0,TRANSFER_P2P,SUCCESS,UPI,CHAL_F_COMMUNITY_003,LEGITIMATE_LOOKALIKE,legitimate
TXN_CHAL_000715,ACC_000122,BEN_000042,,DEV_000025,IP_000057,2026-03-17T18:34:08,49900.0,TRANSFER_P2P,SUCCESS,IMPS,CHAL_H_RING_005,COMBINED_RING,ring
TXN_CHAL_000633,ACC_000196,,MER_000006,DEV_000009,IP_000019,2026-03-17T18:35:07,22000.0,PAYMENT_P2M,SUCCESS,IMPS,CHAL_H_RING_001,COMBINED_RING,ring
TXN_CHAL_000716,ACC_000122,BEN_000042,,DEV_000025,IP_000057,2026-03-17T18:38:16,22000.0,TRANSFER_P2P,SUCCESS,UPI,CHAL_H_RING_005,COMBINED_RING,ring
TXN_CHAL_000720,ACC_000081,BEN_000042,,DEV_000025,IP_000057,2026-03-17T18:46:31,14500.0,TRANSFER_P2P,SUCCESS,UPI,CHAL_H_RING_005,COMBINED_RING,ring
TXN_CHAL_000721,ACC_000081,BEN_000042,,DEV_000025,IP_000057,2026-03-17T18:50:19,49900.0,TRANSFER_P2P,SUCCESS,UPI,CHAL_H_RING_005,COMBINED_RING,ring
TXN_CHAL_000725,ACC_000132,BEN_000042,,DEV_000025,IP_000057,2026-03-17T18:58:22,3500.0,TRANSFER_P2P,SUCCESS,UPI,CHAL_H_RING_005,COMBINED_RING,ring
TXN_CHAL_000726,ACC_000132,BEN_000042,,DEV_000025,IP_000057,2026-03-17T19:02:03,14500.0,TRANSFER_P2P,SUCCESS,UPI,CHAL_H_RING_005,COMBINED_RING,ring
TXN_CHAL_000273,ACC_000089,,MER_000024,DEV_000039,IP_000040,2026-03-17T19:06:13,49999.0,PAYMENT_P2M,SUCCESS,UPI,CHAL_D_FLASH_SALE_002,LEGITIMATE_LOOKALIKE,legitimate
TXN_CHAL_000277,ACC_000084,,MER_000024,DEV_000043,IP_000026,2026-03-17T19:25:13,9999.0,PAYMENT_P2M,SUCCESS,CARD,CHAL_D_FLASH_SALE_002,LEGITIMATE_LOOKALIKE,legitimate
TXN_CHAL_000274,ACC_000089,,MER_000024,DEV_000039,IP_000040,2026-03-17T19:30:13,9999.0,PAYMENT_P2M,SUCCESS,CARD,CHAL_D_FLASH_SALE_002,LEGITIMATE_LOOKALIKE,legitimate
TXN_CHAL_000280,ACC_000016,,MER_000024,DEV_000028,IP_000045,2026-03-17T19:33:13,9999.0,PAYMENT_P2M,SUCCESS,CARD,CHAL_D_FLASH_SALE_002,LEGITIMATE_LOOKALIKE,legitimate
TXN_CHAL_000278,ACC_000084,,MER_000024,DEV_000043,IP_000026,2026-03-17T19:41:13,2999.0,PAYMENT_P2M,SUCCESS,CARD,CHAL_D_FLASH_SALE_002,LEGITIMATE_LOOKALIKE,legitimate
TXN_CHAL_000284,ACC_000037,,MER_000024,DEV_000037,IP_000020,2026-03-17T19:44:13,29999.0,PAYMENT_P2M,SUCCESS,UPI,CHAL_D_FLASH_SALE_002,LEGITIMATE_LOOKALIKE,legitimate
TXN_CHAL_000468,ACC_000190,BEN_000027,,DEV_000006,IP_000010,2026-03-17T19:44:47,32000.0,TRANSFER_P2P,SUCCESS,UPI,CHAL_F_COMMUNITY_003,LEGITIMATE_LOOKALIKE,legitimate
TXN_CHAL_000275,ACC_000089,,MER_000024,DEV_000039,IP_000040,2026-03-17T19:50:13,29999.0,PAYMENT_P2M,SUCCESS,UPI,CHAL_D_FLASH_SALE_002,LEGITIMATE_LOOKALIKE,legitimate
TXN_CHAL_000281,ACC_000016,,MER_000024,DEV_000028,IP_000045,2026-03-17T19:57:13,49999.0,PAYMENT_P2M,SUCCESS,UPI,CHAL_D_FLASH_SALE_002,LEGITIMATE_LOOKALIKE,legitimate
TXN_CHAL_000287,ACC_000112,,MER_000024,DEV_000041,IP_000039,2026-03-17T20:02:13,69999.0,PAYMENT_P2M,SUCCESS,CARD,CHAL_D_FLASH_SALE_002,LEGITIMATE_LOOKALIKE,legitimate
TXN_CHAL_000279,ACC_000084,,MER_000024,DEV_000043,IP_000026,2026-03-17T20:03:13,9999.0,PAYMENT_P2M,SUCCESS,UPI,CHAL_D_FLASH_SALE_002,LEGITIMATE_LOOKALIKE,legitimate
TXN_CHAL_000285,ACC_000037,,MER_000024,DEV_000037,IP_000020,2026-03-17T20:08:13,9999.0,PAYMENT_P2M,SUCCESS,CARD,CHAL_D_FLASH_SALE_002,LEGITIMATE_LOOKALIKE,legitimate
TXN_CHAL_000276,ACC_000089,,MER_000024,DEV_000039,IP_000040,2026-03-17T20:13:13,19999.0,PAYMENT_P2M,SUCCESS,UPI,CHAL_D_FLASH_SALE_002,LEGITIMATE_LOOKALIKE,legitimate
TXN_CHAL_000282,ACC_000016,,MER_000024,DEV_000028,IP_000045,2026-03-17T20:13:13,4999.0,PAYMENT_P2M,SUCCESS,CARD,CHAL_D_FLASH_SALE_002,LEGITIMATE_LOOKALIKE,legitimate
TXN_CHAL_000288,ACC_000112,,MER_000024,DEV_000041,IP_000039,2026-03-17T20:23:13,69999.0,PAYMENT_P2M,SUCCESS,UPI,CHAL_D_FLASH_SALE_002,LEGITIMATE_LOOKALIKE,legitimate
TXN_CHAL_000286,ACC_000037,,MER_000024,DEV_000037,IP_000020,2026-03-17T20:29:13,2999.0,PAYMENT_P2M,SUCCESS,CARD,CHAL_D_FLASH_SALE_002,LEGITIMATE_LOOKALIKE,legitimate
TXN_CHAL_000283,ACC_000016,,MER_000024,DEV_000028,IP_000045,2026-03-17T20:30:13,69999.0,PAYMENT_P2M,SUCCESS,CARD,CHAL_D_FLASH_SALE_002,LEGITIMATE_LOOKALIKE,legitimate
TXN_CHAL_000289,ACC_000112,,MER_000024,DEV_000041,IP_000039,2026-03-17T20:34:13,2999.0,PAYMENT_P2M,SUCCESS,UPI,CHAL_D_FLASH_SALE_002,LEGITIMATE_LOOKALIKE,legitimate
TXN_CHAL_000236,ACC_000178,BEN_000021,,DEV_000013,IP_000020,2026-03-17T20:50:29,48500.0,TRANSFER_P2P,SUCCESS,UPI,CHAL_C_LANDLORD_005,LEGITIMATE_LOOKALIKE,legitimate
TXN_CHAL_000290,ACC_000112,,MER_000024,DEV_000041,IP_000039,2026-03-17T20:59:13,69999.0,PAYMENT_P2M,SUCCESS,UPI,CHAL_D_FLASH_SALE_002,LEGITIMATE_LOOKALIKE,legitimate
TXN_CHAL_000708,ACC_000188,BEN_000042,,DEV_000025,IP_000057,2026-03-17T21:10:01,32000.0,TRANSFER_P2P,SUCCESS,NEFT,CHAL_H_RING_005,COMBINED_RING,ring
TXN_CHAL_000709,ACC_000188,BEN_000042,,DEV_000025,IP_000057,2026-03-17T21:14:29,8500.0,TRANSFER_P2P,SUCCESS,IMPS,CHAL_H_RING_005,COMBINED_RING,ring
TXN_CHAL_000712,ACC_000027,BEN_000042,,DEV_000025,IP_000057,2026-03-17T21:21:57,3500.0,TRANSFER_P2P,SUCCESS,IMPS,CHAL_H_RING_005,COMBINED_RING,ring
TXN_CHAL_000713,ACC_000027,BEN_000042,,DEV_000025,IP_000057,2026-03-17T21:26:12,49900.0,TRANSFER_P2P,SUCCESS,NEFT,CHAL_H_RING_005,COMBINED_RING,ring
TXN_CHAL_000474,ACC_000157,BEN_000012,,DEV_000059,IP_000070,2026-03-17T21:26:47,32000.0,TRANSFER_P2P,SUCCESS,UPI,CHAL_F_COMMUNITY_003,LEGITIMATE_LOOKALIKE,legitimate
TXN_CHAL_000717,ACC_000122,BEN_000042,,DEV_000025,IP_000057,2026-03-17T21:34:03,3500.0,TRANSFER_P2P,SUCCESS,NEFT,CHAL_H_RING_005,COMBINED_RING,ring
TXN_CHAL_000718,ACC_000122,BEN_000042,,DEV_000025,IP_000057,2026-03-17T21:38:20,8500.0,TRANSFER_P2P,SUCCESS,IMPS,CHAL_H_RING_005,COMBINED_RING,ring
TXN_CHAL_000722,ACC_000081,BEN_000042,,DEV_000025,IP_000057,2026-03-17T21:46:30,3500.0,TRANSFER_P2P,SUCCESS,UPI,CHAL_H_RING_005,COMBINED_RING,ring
TXN_CHAL_000723,ACC_000081,BEN_000042,,DEV_000025,IP_000057,2026-03-17T21:49:59,75000.0,TRANSFER_P2P,SUCCESS,UPI,CHAL_H_RING_005,COMBINED_RING,ring
TXN_CHAL_000727,ACC_000132,BEN_000042,,DEV_000025,IP_000057,2026-03-17T21:58:34,49900.0,TRANSFER_P2P,SUCCESS,NEFT,CHAL_H_RING_005,COMBINED_RING,ring
TXN_CHAL_000728,ACC_000132,BEN_000042,,DEV_000025,IP_000057,2026-03-17T22:02:07,75000.0,TRANSFER_P2P,SUCCESS,NEFT,CHAL_H_RING_005,COMBINED_RING,ring
TXN_CHAL_000480,ACC_000144,BEN_000017,,DEV_000013,IP_000043,2026-03-17T23:43:47,15000.0,TRANSFER_P2P,SUCCESS,UPI,CHAL_F_COMMUNITY_003,LEGITIMATE_LOOKALIKE,legitimate
TXN_CHAL_000714,ACC_000027,BEN_000042,,DEV_000025,IP_000057,2026-03-18T00:22:28,8500.0,TRANSFER_P2P,SUCCESS,NEFT,CHAL_H_RING_005,COMBINED_RING,ring
TXN_CHAL_000719,ACC_000122,BEN_000042,,DEV_000025,IP_000057,2026-03-18T00:34:00,48500.0,TRANSFER_P2P,SUCCESS,UPI,CHAL_H_RING_005,COMBINED_RING,ring
TXN_CHAL_000724,ACC_000081,BEN_000042,,DEV_000025,IP_000057,2026-03-18T00:46:05,32000.0,TRANSFER_P2P,SUCCESS,UPI,CHAL_H_RING_005,COMBINED_RING,ring
TXN_CHAL_000471,ACC_000045,BEN_000004,,DEV_000013,IP_000063,2026-03-18T00:46:47,850.0,TRANSFER_P2P,SUCCESS,UPI,CHAL_F_COMMUNITY_003,LEGITIMATE_LOOKALIKE,legitimate
TXN_CHAL_000729,ACC_000132,BEN_000042,,DEV_000025,IP_000057,2026-03-18T00:57:56,3500.0,TRANSFER_P2P,SUCCESS,NEFT,CHAL_H_RING_005,COMBINED_RING,ring
TXN_CHAL_000730,ACC_000132,BEN_000042,,DEV_000025,IP_000057,2026-03-18T01:02:12,3500.0,TRANSFER_P2P,SUCCESS,IMPS,CHAL_H_RING_005,COMBINED_RING,ring
TXN_CHAL_000502,ACC_000017,BEN_000018,,DEV_000054,IP_000023,2026-03-18T01:27:04,1850.0,TRANSFER_P2P,SUCCESS,UPI,CHAL_F_COMMUNITY_005,LEGITIMATE_LOOKALIKE,legitimate
TXN_CHAL_000431,ACC_000124,BEN_000012,,DEV_000010,IP_000015,2026-03-18T01:27:16,3500.0,TRANSFER_P2P,SUCCESS,UPI,CHAL_F_COMMUNITY_001,LEGITIMATE_LOOKALIKE,legitimate
TXN_CHAL_000239,ACC_000169,BEN_000021,,DEV_000039,IP_000036,2026-03-18T02:16:29,48500.0,TRANSFER_P2P,SUCCESS,IMPS,CHAL_C_LANDLORD_005,LEGITIMATE_LOOKALIKE,legitimate
TXN_CHAL_000478,ACC_000166,BEN_000032,,DEV_000016,IP_000001,2026-03-18T03:07:47,15000.0,TRANSFER_P2P,SUCCESS,UPI,CHAL_F_COMMUNITY_003,LEGITIMATE_LOOKALIKE,legitimate
TXN_CHAL_000475,ACC_000157,BEN_000034,,DEV_000059,IP_000070,2026-03-18T05:26:47,48000.0,TRANSFER_P2P,SUCCESS,UPI,CHAL_F_COMMUNITY_003,LEGITIMATE_LOOKALIKE,legitimate
TXN_CHAL_000435,ACC_000187,BEN_000007,,DEV_000006,IP_000049,2026-03-18T06:18:16,3500.0,TRANSFER_P2P,SUCCESS,UPI,CHAL_F_COMMUNITY_001,LEGITIMATE_LOOKALIKE,legitimate
TXN_CHAL_000506,ACC_000150,BEN_000016,,DEV_000043,IP_000051,2026-03-18T06:31:04,15000.0,TRANSFER_P2P,SUCCESS,UPI,CHAL_F_COMMUNITY_005,LEGITIMATE_LOOKALIKE,legitimate
TXN_CHAL_000481,ACC_000144,BEN_000046,,DEV_000013,IP_000043,2026-03-18T07:56:47,48000.0,TRANSFER_P2P,SUCCESS,UPI,CHAL_F_COMMUNITY_003,LEGITIMATE_LOOKALIKE,legitimate
TXN_CHAL_000243,ACC_000079,BEN_000021,,DEV_000054,IP_000004,2026-03-18T08:27:29,22000.0,TRANSFER_P2P,SUCCESS,IMPS,CHAL_C_LANDLORD_005,LEGITIMATE_LOOKALIKE,legitimate
TXN_CHAL_000237,ACC_000178,BEN_000021,,DEV_000013,IP_000020,2026-03-18T08:39:29,15000.0,TRANSFER_P2P,SUCCESS,IMPS,CHAL_C_LANDLORD_005,LEGITIMATE_LOOKALIKE,legitimate
TXN_CHAL_000472,ACC_000045,BEN_000007,,DEV_000013,IP_000063,2026-03-18T09:06:47,48000.0,TRANSFER_P2P,SUCCESS,UPI,CHAL_F_COMMUNITY_003,LEGITIMATE_LOOKALIKE,legitimate
TXN_CHAL_000432,ACC_000124,BEN_000017,,DEV_000010,IP_000015,2026-03-18T09:21:16,32000.0,TRANSFER_P2P,SUCCESS,UPI,CHAL_F_COMMUNITY_001,LEGITIMATE_LOOKALIKE,legitimate
TXN_CHAL_000503,ACC_000017,BEN_000008,,DEV_000054,IP_000023,2026-03-18T09:28:04,32000.0,TRANSFER_P2P,SUCCESS,UPI,CHAL_F_COMMUNITY_005,LEGITIMATE_LOOKALIKE,legitimate
TXN_CHAL_000254,ACC_000185,,MER_000010,DEV_000012,IP_000043,2026-03-18T10:27:42,19999.0,PAYMENT_P2M,SUCCESS,UPI,CHAL_D_FLASH_SALE_001,LEGITIMATE_LOOKALIKE,legitimate
TXN_CHAL_000258,ACC_000177,,MER_000010,DEV_000016,IP_000063,2026-03-18T10:34:42,49999.0,PAYMENT_P2M,SUCCESS,CARD,CHAL_D_FLASH_SALE_001,LEGITIMATE_LOOKALIKE,legitimate
TXN_CHAL_000255,ACC_000185,,MER_000010,DEV_000012,IP_000043,2026-03-18T10:43:42,69999.0,PAYMENT_P2M,SUCCESS,CARD,CHAL_D_FLASH_SALE_001,LEGITIMATE_LOOKALIKE,legitimate
TXN_CHAL_000262,ACC_000130,,MER_000010,DEV_000039,IP_000056,2026-03-18T10:46:42,29999.0,PAYMENT_P2M,SUCCESS,UPI,CHAL_D_FLASH_SALE_001,LEGITIMATE_LOOKALIKE,legitimate
TXN_CHAL_000259,ACC_000177,,MER_000010,DEV_000016,IP_000063,2026-03-18T10:58:42,4999.0,PAYMENT_P2M,SUCCESS,CARD,CHAL_D_FLASH_SALE_001,LEGITIMATE_LOOKALIKE,legitimate
TXN_CHAL_000266,ACC_000041,,MER_000010,DEV_000004,IP_000027,2026-03-18T10:58:42,19999.0,PAYMENT_P2M,SUCCESS,CARD,CHAL_D_FLASH_SALE_001,LEGITIMATE_LOOKALIKE,legitimate
TXN_CHAL_000256,ACC_000185,,MER_000010,DEV_000012,IP_000043,2026-03-18T11:03:42,9999.0,PAYMENT_P2M,SUCCESS,UPI,CHAL_D_FLASH_SALE_001,LEGITIMATE_LOOKALIKE,legitimate
TXN_CHAL_000263,ACC_000130,,MER_000010,DEV_000039,IP_000056,2026-03-18T11:07:42,29999.0,PAYMENT_P2M,SUCCESS,UPI,CHAL_D_FLASH_SALE_001,LEGITIMATE_LOOKALIKE,legitimate
TXN_CHAL_000479,ACC_000166,BEN_000039,,DEV_000016,IP_000001,2026-03-18T11:07:47,1850.0,TRANSFER_P2P,SUCCESS,UPI,CHAL_F_COMMUNITY_003,LEGITIMATE_LOOKALIKE,legitimate
TXN_CHAL_000438,ACC_000057,BEN_000028,,DEV_000014,IP_000011,2026-03-18T11:08:16,48000.0,TRANSFER_P2P,SUCCESS,UPI,CHAL_F_COMMUNITY_001,LEGITIMATE_LOOKALIKE,legitimate
TXN_CHAL_000270,ACC_000039,,MER_000010,DEV_000005,IP_000051,2026-03-18T11:08:42,49999.0,PAYMENT_P2M,SUCCESS,UPI,CHAL_D_FLASH_SALE_001,LEGITIMATE_LOOKALIKE,legitimate
TXN_CHAL_000260,ACC_000177,,MER_000010,DEV_000016,IP_000063,2026-03-18T11:11:42,4999.0,PAYMENT_P2M,SUCCESS,CARD,CHAL_D_FLASH_SALE_001,LEGITIMATE_LOOKALIKE,legitimate
TXN_CHAL_000257,ACC_000185,,MER_000010,DEV_000012,IP_000043,2026-03-18T11:21:42,29999.0,PAYMENT_P2M,SUCCESS,CARD,CHAL_D_FLASH_SALE_001,LEGITIMATE_LOOKALIKE,legitimate
TXN_CHAL_000267,ACC_000041,,MER_000010,DEV_000004,IP_000027,2026-03-18T11:21:42,9999.0,PAYMENT_P2M,SUCCESS,CARD,CHAL_D_FLASH_SALE_001,LEGITIMATE_LOOKALIKE,legitimate
TXN_CHAL_000271,ACC_000039,,MER_000010,DEV_000005,IP_000051,2026-03-18T11:26:42,29999.0,PAYMENT_P2M,SUCCESS,UPI,CHAL_D_FLASH_SALE_001,LEGITIMATE_LOOKALIKE,legitimate
TXN_CHAL_000264,ACC_000130,,MER_000010,DEV_000039,IP_000056,2026-03-18T11:28:42,49999.0,PAYMENT_P2M,SUCCESS,UPI,CHAL_D_FLASH_SALE_001,LEGITIMATE_LOOKALIKE,legitimate
TXN_CHAL_000261,ACC_000177,,MER_000010,DEV_000016,IP_000063,2026-03-18T11:37:42,69999.0,PAYMENT_P2M,SUCCESS,UPI,CHAL_D_FLASH_SALE_001,LEGITIMATE_LOOKALIKE,legitimate
TXN_CHAL_000509,ACC_000053,BEN_000049,,DEV_000013,IP_000068,2026-03-18T11:38:04,850.0,TRANSFER_P2P,SUCCESS,UPI,CHAL_F_COMMUNITY_005,LEGITIMATE_LOOKALIKE,legitimate
TXN_CHAL_000268,ACC_000041,,MER_000010,DEV_000004,IP_000027,2026-03-18T11:40:42,49999.0,PAYMENT_P2M,SUCCESS,CARD,CHAL_D_FLASH_SALE_001,LEGITIMATE_LOOKALIKE,legitimate
TXN_CHAL_000272,ACC_000039,,MER_000010,DEV_000005,IP_000051,2026-03-18T11:47:42,29999.0,PAYMENT_P2M,SUCCESS,CARD,CHAL_D_FLASH_SALE_001,LEGITIMATE_LOOKALIKE,legitimate
TXN_CHAL_000265,ACC_000130,,MER_000010,DEV_000039,IP_000056,2026-03-18T11:51:42,9999.0,PAYMENT_P2M,SUCCESS,CARD,CHAL_D_FLASH_SALE_001,LEGITIMATE_LOOKALIKE,legitimate
TXN_CHAL_000269,ACC_000041,,MER_000010,DEV_000004,IP_000027,2026-03-18T12:01:42,2999.0,PAYMENT_P2M,SUCCESS,CARD,CHAL_D_FLASH_SALE_001,LEGITIMATE_LOOKALIKE,legitimate
TXN_CHAL_000476,ACC_000157,BEN_000013,,DEV_000059,IP_000070,2026-03-18T13:43:47,850.0,TRANSFER_P2P,SUCCESS,UPI,CHAL_F_COMMUNITY_003,LEGITIMATE_LOOKALIKE,legitimate
TXN_CHAL_000436,ACC_000187,BEN_000020,,DEV_000006,IP_000049,2026-03-18T14:12:16,3500.0,TRANSFER_P2P,SUCCESS,UPI,CHAL_F_COMMUNITY_001,LEGITIMATE_LOOKALIKE,legitimate
TXN_CHAL_000240,ACC_000169,BEN_000021,,DEV_000039,IP_000036,2026-03-18T14:29:29,48500.0,TRANSFER_P2P,SUCCESS,NEFT,CHAL_C_LANDLORD_005,LEGITIMATE_LOOKALIKE,legitimate
TXN_CHAL_000507,ACC_000150,BEN_000044,,DEV_000043,IP_000051,2026-03-18T14:35:04,15000.0,TRANSFER_P2P,SUCCESS,UPI,CHAL_F_COMMUNITY_005,LEGITIMATE_LOOKALIKE,legitimate
TXN_CHAL_000246,ACC_000137,BEN_000021,,DEV_000039,IP_000026,2026-03-18T14:41:29,15000.0,TRANSFER_P2P,SUCCESS,UPI,CHAL_C_LANDLORD_005,LEGITIMATE_LOOKALIKE,legitimate
TXN_CHAL_000482,ACC_000144,BEN_000048,,DEV_000013,IP_000043,2026-03-18T15:24:47,7500.0,TRANSFER_P2P,SUCCESS,UPI,CHAL_F_COMMUNITY_003,LEGITIMATE_LOOKALIKE,legitimate
TXN_CHAL_000442,ACC_000108,BEN_000002,,DEV_000032,IP_000041,2026-03-18T16:32:16,48000.0,TRANSFER_P2P,SUCCESS,UPI,CHAL_F_COMMUNITY_001,LEGITIMATE_LOOKALIKE,legitimate
TXN_CHAL_000513,ACC_000142,BEN_000035,,DEV_000020,IP_000016,2026-03-18T16:37:04,3500.0,TRANSFER_P2P,SUCCESS,UPI,CHAL_F_COMMUNITY_005,LEGITIMATE_LOOKALIKE,legitimate
TXN_CHAL_000433,ACC_000124,BEN_000048,,DEV_000010,IP_000015,2026-03-18T17:27:16,1850.0,TRANSFER_P2P,SUCCESS,UPI,CHAL_F_COMMUNITY_001,LEGITIMATE_LOOKALIKE,legitimate
TXN_CHAL_000504,ACC_000017,BEN_000032,,DEV_000054,IP_000023,2026-03-18T17:29:04,850.0,TRANSFER_P2P,SUCCESS,UPI,CHAL_F_COMMUNITY_005,LEGITIMATE_LOOKALIKE,legitimate
TXN_CHAL_000439,ACC_000057,BEN_000019,,DEV_000014,IP_000011,2026-03-18T19:00:16,32000.0,TRANSFER_P2P,SUCCESS,UPI,CHAL_F_COMMUNITY_001,LEGITIMATE_LOOKALIKE,legitimate
TXN_CHAL_000510,ACC_000053,BEN_000037,,DEV_000013,IP_000068,2026-03-18T19:29:04,15000.0,TRANSFER_P2P,SUCCESS,UPI,CHAL_F_COMMUNITY_005,LEGITIMATE_LOOKALIKE,legitimate
TXN_CHAL_000238,ACC_000178,BEN_000021,,DEV_000013,IP_000020,2026-03-18T20:26:29,22000.0,TRANSFER_P2P,SUCCESS,IMPS,CHAL_C_LANDLORD_005,LEGITIMATE_LOOKALIKE,legitimate
TXN_CHAL_000250,ACC_000068,BEN_000021,,DEV_000005,IP_000059,2026-03-18T20:31:29,75000.0,TRANSFER_P2P,SUCCESS,NEFT,CHAL_C_LANDLORD_005,LEGITIMATE_LOOKALIKE,legitimate
TXN_CHAL_000244,ACC_000079,BEN_000021,,DEV_000054,IP_000004,2026-03-18T20:42:29,28000.0,TRANSFER_P2P,SUCCESS,UPI,CHAL_C_LANDLORD_005,LEGITIMATE_LOOKALIKE,legitimate
TXN_CHAL_000516,ACC_000172,BEN_000014,,DEV_000020,IP_000009,2026-03-18T21:27:04,48000.0,TRANSFER_P2P,SUCCESS,UPI,CHAL_F_COMMUNITY_005,LEGITIMATE_LOOKALIKE,legitimate
TXN_CHAL_000446,ACC_000062,BEN_000024,,DEV_000010,IP_000013,2026-03-18T21:34:16,850.0,TRANSFER_P2P,SUCCESS,UPI,CHAL_F_COMMUNITY_001,LEGITIMATE_LOOKALIKE,legitimate
TXN_CHAL_000508,ACC_000150,BEN_000015,,DEV_000043,IP_000051,2026-03-18T22:16:04,15000.0,TRANSFER_P2P,SUCCESS,UPI,CHAL_F_COMMUNITY_005,LEGITIMATE_LOOKALIKE,legitimate
TXN_CHAL_000437,ACC_000187,BEN_000018,,DEV_000006,IP_000049,2026-03-18T22:22:16,48000.0,TRANSFER_P2P,SUCCESS,UPI,CHAL_F_COMMUNITY_001,LEGITIMATE_LOOKALIKE,legitimate
TXN_CHAL_000483,ACC_000144,BEN_000020,,DEV_000013,IP_000043,2026-03-19T00:02:47,32000.0,TRANSFER_P2P,SUCCESS,UPI,CHAL_F_COMMUNITY_003,LEGITIMATE_LOOKALIKE,legitimate
TXN_CHAL_000514,ACC_000142,BEN_000045,,DEV_000020,IP_000016,2026-03-19T00:08:04,3500.0,TRANSFER_P2P,SUCCESS,UPI,CHAL_F_COMMUNITY_005,LEGITIMATE_LOOKALIKE,legitimate
TXN_CHAL_000443,ACC_000108,BEN_000045,,DEV_000032,IP_000041,2026-03-19T00:26:16,3500.0,TRANSFER_P2P,SUCCESS,UPI,CHAL_F_COMMUNITY_001,LEGITIMATE_LOOKALIKE,legitimate
TXN_CHAL_000505,ACC_000017,BEN_000026,,DEV_000054,IP_000023,2026-03-19T01:04:04,850.0,TRANSFER_P2P,SUCCESS,UPI,CHAL_F_COMMUNITY_005,LEGITIMATE_LOOKALIKE,legitimate
TXN_CHAL_000434,ACC_000124,BEN_000034,,DEV_000010,IP_000015,2026-03-19T01:16:16,7500.0,TRANSFER_P2P,SUCCESS,UPI,CHAL_F_COMMUNITY_001,LEGITIMATE_LOOKALIKE,legitimate
TXN_CHAL_000247,ACC_000137,BEN_000021,,DEV_000039,IP_000026,2026-03-19T02:29:29,38000.0,TRANSFER_P2P,SUCCESS,UPI,CHAL_C_LANDLORD_005,LEGITIMATE_LOOKALIKE,legitimate
TXN_CHAL_000241,ACC_000169,BEN_000021,,DEV_000039,IP_000036,2026-03-19T02:56:29,48500.0,TRANSFER_P2P,SUCCESS,IMPS,CHAL_C_LANDLORD_005,LEGITIMATE_LOOKALIKE,legitimate
TXN_CHAL_000440,ACC_000057,BEN_000035,,DEV_000014,IP_000011,2026-03-19T03:24:16,32000.0,TRANSFER_P2P,SUCCESS,UPI,CHAL_F_COMMUNITY_001,LEGITIMATE_LOOKALIKE,legitimate
TXN_CHAL_000511,ACC_000053,BEN_000033,,DEV_000013,IP_000068,2026-03-19T03:33:04,1850.0,TRANSFER_P2P,SUCCESS,UPI,CHAL_F_COMMUNITY_005,LEGITIMATE_LOOKALIKE,legitimate
TXN_CHAL_000517,ACC_000172,BEN_000005,,DEV_000020,IP_000009,2026-03-19T05:19:04,48000.0,TRANSFER_P2P,SUCCESS,UPI,CHAL_F_COMMUNITY_005,LEGITIMATE_LOOKALIKE,legitimate
TXN_CHAL_000447,ACC_000062,BEN_000009,,DEV_000010,IP_000013,2026-03-19T05:22:16,3500.0,TRANSFER_P2P,SUCCESS,UPI,CHAL_F_COMMUNITY_001,LEGITIMATE_LOOKALIKE,legitimate
TXN_CHAL_000245,ACC_000079,BEN_000021,,DEV_000054,IP_000004,2026-03-19T08:24:29,22000.0,TRANSFER_P2P,SUCCESS,NEFT,CHAL_C_LANDLORD_005,LEGITIMATE_LOOKALIKE,legitimate
TXN_CHAL_000515,ACC_000142,BEN_000015,,DEV_000020,IP_000016,2026-03-19T08:28:04,7500.0,TRANSFER_P2P,SUCCESS,UPI,CHAL_F_COMMUNITY_005,LEGITIMATE_LOOKALIKE,legitimate
TXN_CHAL_000444,ACC_000108,BEN_000019,,DEV_000032,IP_000041,2026-03-19T08:31:16,3500.0,TRANSFER_P2P,SUCCESS,UPI,CHAL_F_COMMUNITY_001,LEGITIMATE_LOOKALIKE,legitimate
TXN_CHAL_000251,ACC_000068,BEN_000021,,DEV_000005,IP_000059,2026-03-19T08:38:29,55000.0,TRANSFER_P2P,SUCCESS,UPI,CHAL_C_LANDLORD_005,LEGITIMATE_LOOKALIKE,legitimate
TXN_CHAL_000441,ACC_000057,BEN_000050,,DEV_000014,IP_000011,2026-03-19T11:00:16,7500.0,TRANSFER_P2P,SUCCESS,UPI,CHAL_F_COMMUNITY_001,LEGITIMATE_LOOKALIKE,legitimate
TXN_CHAL_000512,ACC_000053,BEN_000018,,DEV_000013,IP_000068,2026-03-19T11:08:04,48000.0,TRANSFER_P2P,SUCCESS,UPI,CHAL_F_COMMUNITY_005,LEGITIMATE_LOOKALIKE,legitimate
TXN_CHAL_000518,ACC_000172,BEN_000026,,DEV_000020,IP_000009,2026-03-19T12:54:04,3500.0,TRANSFER_P2P,SUCCESS,UPI,CHAL_F_COMMUNITY_005,LEGITIMATE_LOOKALIKE,legitimate
TXN_CHAL_000448,ACC_000062,BEN_000031,,DEV_000010,IP_000013,2026-03-19T13:30:16,48000.0,TRANSFER_P2P,SUCCESS,UPI,CHAL_F_COMMUNITY_001,LEGITIMATE_LOOKALIKE,legitimate
TXN_CHAL_000242,ACC_000169,BEN_000021,,DEV_000039,IP_000036,2026-03-19T14:31:29,48500.0,TRANSFER_P2P,SUCCESS,IMPS,CHAL_C_LANDLORD_005,LEGITIMATE_LOOKALIKE,legitimate
TXN_CHAL_000248,ACC_000137,BEN_000021,,DEV_000039,IP_000026,2026-03-19T14:44:29,75000.0,TRANSFER_P2P,SUCCESS,IMPS,CHAL_C_LANDLORD_005,LEGITIMATE_LOOKALIKE,legitimate
TXN_CHAL_000445,ACC_000108,BEN_000034,,DEV_000032,IP_000041,2026-03-19T16:38:16,48000.0,TRANSFER_P2P,SUCCESS,UPI,CHAL_F_COMMUNITY_001,LEGITIMATE_LOOKALIKE,legitimate
TXN_CHAL_000252,ACC_000068,BEN_000021,,DEV_000005,IP_000059,2026-03-19T20:16:29,48500.0,TRANSFER_P2P,SUCCESS,NEFT,CHAL_C_LANDLORD_005,LEGITIMATE_LOOKALIKE,legitimate
TXN_CHAL_000519,ACC_000172,BEN_000040,,DEV_000020,IP_000009,2026-03-19T20:56:04,7500.0,TRANSFER_P2P,SUCCESS,UPI,CHAL_F_COMMUNITY_005,LEGITIMATE_LOOKALIKE,legitimate
TXN_CHAL_000449,ACC_000062,BEN_000033,,DEV_000010,IP_000013,2026-03-19T21:11:16,15000.0,TRANSFER_P2P,SUCCESS,UPI,CHAL_F_COMMUNITY_001,LEGITIMATE_LOOKALIKE,legitimate
TXN_CHAL_000450,ACC_000021,BEN_000025,,DEV_000059,IP_000063,2026-03-19T21:51:25,32000.0,TRANSFER_P2P,SUCCESS,UPI,CHAL_F_COMMUNITY_002,LEGITIMATE_LOOKALIKE,legitimate
TXN_CHAL_000634,ACC_000176,BEN_000012,,DEV_000015,IP_000005,2026-03-20T02:14:14,14500.0,TRANSFER_P2P,SUCCESS,UPI,CHAL_H_RING_002,COMBINED_RING,ring
TXN_CHAL_000635,ACC_000176,BEN_000012,,DEV_000015,IP_000005,2026-03-20T02:18:19,14500.0,TRANSFER_P2P,SUCCESS,NEFT,CHAL_H_RING_002,COMBINED_RING,ring
TXN_CHAL_000638,ACC_000152,,MER_000021,DEV_000015,IP_000005,2026-03-20T02:26:01,8500.0,PAYMENT_P2M,SUCCESS,UPI,CHAL_H_RING_002,COMBINED_RING,ring
TXN_CHAL_000639,ACC_000152,BEN_000012,,DEV_000015,IP_000005,2026-03-20T02:30:22,8500.0,TRANSFER_P2P,SUCCESS,NEFT,CHAL_H_RING_002,COMBINED_RING,ring
TXN_CHAL_000644,ACC_000056,BEN_000012,,DEV_000015,IP_000005,2026-03-20T02:38:01,22000.0,TRANSFER_P2P,SUCCESS,NEFT,CHAL_H_RING_002,COMBINED_RING,ring
TXN_CHAL_000645,ACC_000056,BEN_000012,,DEV_000015,IP_000005,2026-03-20T02:41:49,8500.0,TRANSFER_P2P,SUCCESS,UPI,CHAL_H_RING_002,COMBINED_RING,ring
TXN_CHAL_000249,ACC_000137,BEN_000021,,DEV_000039,IP_000026,2026-03-20T02:45:29,75000.0,TRANSFER_P2P,SUCCESS,NEFT,CHAL_C_LANDLORD_005,LEGITIMATE_LOOKALIKE,legitimate
TXN_CHAL_000648,ACC_000002,,MER_000026,DEV_000015,IP_000005,2026-03-20T02:49:57,3500.0,PAYMENT_P2M,SUCCESS,NEFT,CHAL_H_RING_002,COMBINED_RING,ring
TXN_CHAL_000453,ACC_000064,BEN_000031,,DEV_000013,IP_000051,2026-03-20T02:52:25,15000.0,TRANSFER_P2P,SUCCESS,UPI,CHAL_F_COMMUNITY_002,LEGITIMATE_LOOKALIKE,legitimate
TXN_CHAL_000649,ACC_000002,BEN_000012,,DEV_000015,IP_000005,2026-03-20T02:54:10,32000.0,TRANSFER_P2P,SUCCESS,UPI,CHAL_H_RING_002,COMBINED_RING,ring
TXN_CHAL_000653,ACC_000175,BEN_000012,,DEV_000015,IP_000005,2026-03-20T03:02:21,75000.0,TRANSFER_P2P,SUCCESS,UPI,CHAL_H_RING_002,COMBINED_RING,ring
TXN_CHAL_000654,ACC_000175,BEN_000012,,DEV_000015,IP_000005,2026-03-20T03:06:02,1500.0,TRANSFER_P2P,SUCCESS,IMPS,CHAL_H_RING_002,COMBINED_RING,ring
TXN_CHAL_000658,ACC_000010,,MER_000014,DEV_000037,IP_000037,2026-03-20T04:16:54,8500.0,PAYMENT_P2M,SUCCESS,NEFT,CHAL_H_RING_003,COMBINED_RING,ring
TXN_CHAL_000659,ACC_000010,BEN_000009,,DEV_000037,IP_000037,2026-03-20T04:20:39,3500.0,TRANSFER_P2P,SUCCESS,IMPS,CHAL_H_RING_003,COMBINED_RING,ring
TXN_CHAL_000662,ACC_000058,BEN_000009,,DEV_000037,IP_000037,2026-03-20T04:29:07,49900.0,TRANSFER_P2P,SUCCESS,UPI,CHAL_H_RING_003,COMBINED_RING,ring
TXN_CHAL_000663,ACC_000058,BEN_000009,,DEV_000037,IP_000037,2026-03-20T04:33:16,14500.0,TRANSFER_P2P,SUCCESS,NEFT,CHAL_H_RING_003,COMBINED_RING,ring
TXN_CHAL_000667,ACC_000145,,MER_000005,DEV_000037,IP_000037,2026-03-20T04:41:13,8500.0,PAYMENT_P2M,SUCCESS,IMPS,CHAL_H_RING_003,COMBINED_RING,ring
TXN_CHAL_000668,ACC_000145,,MER_000014,DEV_000037,IP_000037,2026-03-20T04:44:47,48500.0,PAYMENT_P2M,SUCCESS,UPI,CHAL_H_RING_003,COMBINED_RING,ring
TXN_CHAL_000672,ACC_000015,BEN_000009,,DEV_000037,IP_000037,2026-03-20T04:53:03,49900.0,TRANSFER_P2P,SUCCESS,NEFT,CHAL_H_RING_003,COMBINED_RING,ring
TXN_CHAL_000673,ACC_000015,BEN_000009,,DEV_000037,IP_000037,2026-03-20T04:57:03,32000.0,TRANSFER_P2P,SUCCESS,IMPS,CHAL_H_RING_003,COMBINED_RING,ring
TXN_CHAL_000678,ACC_000033,,MER_000006,DEV_000037,IP_000037,2026-03-20T05:05:15,3500.0,PAYMENT_P2M,SUCCESS,UPI,CHAL_H_RING_003,COMBINED_RING,ring
TXN_CHAL_000679,ACC_000033,BEN_000009,,DEV_000037,IP_000037,2026-03-20T05:09:15,14500.0,TRANSFER_P2P,SUCCESS,IMPS,CHAL_H_RING_003,COMBINED_RING,ring
TXN_CHAL_000636,ACC_000176,BEN_000012,,DEV_000015,IP_000005,2026-03-20T05:13:42,49900.0,TRANSFER_P2P,SUCCESS,IMPS,CHAL_H_RING_002,COMBINED_RING,ring
TXN_CHAL_000637,ACC_000176,BEN_000012,,DEV_000015,IP_000005,2026-03-20T05:18:01,14500.0,TRANSFER_P2P,SUCCESS,UPI,CHAL_H_RING_002,COMBINED_RING,ring
TXN_CHAL_000640,ACC_000152,BEN_000012,,DEV_000015,IP_000005,2026-03-20T05:26:10,14500.0,TRANSFER_P2P,SUCCESS,NEFT,CHAL_H_RING_002,COMBINED_RING,ring
TXN_CHAL_000641,ACC_000152,,MER_000010,DEV_000015,IP_000005,2026-03-20T05:30:20,1500.0,PAYMENT_P2M,SUCCESS,UPI,CHAL_H_RING_002,COMBINED_RING,ring
TXN_CHAL_000646,ACC_000056,BEN_000012,,DEV_000015,IP_000005,2026-03-20T05:38:16,1500.0,TRANSFER_P2P,SUCCESS,IMPS,CHAL_H_RING_002,COMBINED_RING,ring
TXN_CHAL_000647,ACC_000056,BEN_000012,,DEV_000015,IP_000005,2026-03-20T05:42:07,32000.0,TRANSFER_P2P,SUCCESS,UPI,CHAL_H_RING_002,COMBINED_RING,ring
TXN_CHAL_000650,ACC_000002,BEN_000012,,DEV_000015,IP_000005,2026-03-20T05:49:43,3500.0,TRANSFER_P2P,SUCCESS,NEFT,CHAL_H_RING_002,COMBINED_RING,ring
TXN_CHAL_000451,ACC_000021,BEN_000047,,DEV_000059,IP_000063,2026-03-20T05:52:25,48000.0,TRANSFER_P2P,SUCCESS,UPI,CHAL_F_COMMUNITY_002,LEGITIMATE_LOOKALIKE,legitimate
TXN_CHAL_000651,ACC_000002,BEN_000012,,DEV_000015,IP_000005,2026-03-20T05:54:00,1500.0,TRANSFER_P2P,SUCCESS,UPI,CHAL_H_RING_002,COMBINED_RING,ring
TXN_CHAL_000655,ACC_000175,BEN_000012,,DEV_000015,IP_000005,2026-03-20T06:01:41,3500.0,TRANSFER_P2P,SUCCESS,UPI,CHAL_H_RING_002,COMBINED_RING,ring
TXN_CHAL_000656,ACC_000175,BEN_000012,,DEV_000015,IP_000005,2026-03-20T06:06:01,75000.0,TRANSFER_P2P,SUCCESS,NEFT,CHAL_H_RING_002,COMBINED_RING,ring
TXN_CHAL_000660,ACC_000010,BEN_000009,,DEV_000037,IP_000037,2026-03-20T07:17:07,14500.0,TRANSFER_P2P,SUCCESS,IMPS,CHAL_H_RING_003,COMBINED_RING,ring
TXN_CHAL_000661,ACC_000010,BEN_000009,,DEV_000037,IP_000037,2026-03-20T07:21:12,22000.0,TRANSFER_P2P,SUCCESS,UPI,CHAL_H_RING_003,COMBINED_RING,ring
TXN_CHAL_000664,ACC_000058,BEN_000009,,DEV_000037,IP_000037,2026-03-20T07:28:47,32000.0,TRANSFER_P2P,SUCCESS,IMPS,CHAL_H_RING_003,COMBINED_RING,ring
TXN_CHAL_000665,ACC_000058,BEN_000009,,DEV_000037,IP_000037,2026-03-20T07:33:02,49900.0,TRANSFER_P2P,SUCCESS,UPI,CHAL_H_RING_003,COMBINED_RING,ring
TXN_CHAL_000669,ACC_000145,BEN_000009,,DEV_000037,IP_000037,2026-03-20T07:40:53,49900.0,TRANSFER_P2P,SUCCESS,IMPS,CHAL_H_RING_003,COMBINED_RING,ring
TXN_CHAL_000670,ACC_000145,BEN_000009,,DEV_000037,IP_000037,2026-03-20T07:44:56,3500.0,TRANSFER_P2P,SUCCESS,NEFT,CHAL_H_RING_003,COMBINED_RING,ring
TXN_CHAL_000674,ACC_000015,BEN_000009,,DEV_000037,IP_000037,2026-03-20T07:53:16,1500.0,TRANSFER_P2P,SUCCESS,UPI,CHAL_H_RING_003,COMBINED_RING,ring
TXN_CHAL_000675,ACC_000015,BEN_000009,,DEV_000037,IP_000037,2026-03-20T07:56:49,3500.0,TRANSFER_P2P,SUCCESS,UPI,CHAL_H_RING_003,COMBINED_RING,ring
TXN_CHAL_000680,ACC_000033,,MER_000030,DEV_000037,IP_000037,2026-03-20T08:04:50,48500.0,PAYMENT_P2M,SUCCESS,UPI,CHAL_H_RING_003,COMBINED_RING,ring
TXN_CHAL_000456,ACC_000072,BEN_000022,,DEV_000040,IP_000021,2026-03-20T08:08:25,3500.0,TRANSFER_P2P,SUCCESS,UPI,CHAL_F_COMMUNITY_002,LEGITIMATE_LOOKALIKE,legitimate
TXN_CHAL_000681,ACC_000033,BEN_000009,,DEV_000037,IP_000037,2026-03-20T08:09:10,1500.0,TRANSFER_P2P,SUCCESS,IMPS,CHAL_H_RING_003,COMBINED_RING,ring
TXN_CHAL_000642,ACC_000152,BEN_000012,,DEV_000015,IP_000005,2026-03-20T08:26:17,1500.0,TRANSFER_P2P,SUCCESS,IMPS,CHAL_H_RING_002,COMBINED_RING,ring
TXN_CHAL_000643,ACC_000152,,MER_000015,DEV_000015,IP_000005,2026-03-20T08:29:46,75000.0,PAYMENT_P2M,SUCCESS,NEFT,CHAL_H_RING_002,COMBINED_RING,ring
TXN_CHAL_000652,ACC_000002,,MER_000014,DEV_000015,IP_000005,2026-03-20T08:50:19,49900.0,PAYMENT_P2M,SUCCESS,NEFT,CHAL_H_RING_002,COMBINED_RING,ring
TXN_CHAL_000253,ACC_000068,BEN_000021,,DEV_000005,IP_000059,2026-03-20T08:50:29,55000.0,TRANSFER_P2P,SUCCESS,NEFT,CHAL_C_LANDLORD_005,LEGITIMATE_LOOKALIKE,legitimate
TXN_CHAL_000657,ACC_000175,BEN_000012,,DEV_000015,IP_000005,2026-03-20T09:02:01,49900.0,TRANSFER_P2P,SUCCESS,IMPS,CHAL_H_RING_002,COMBINED_RING,ring
TXN_CHAL_000666,ACC_000058,BEN_000009,,DEV_000037,IP_000037,2026-03-20T10:28:38,32000.0,TRANSFER_P2P,SUCCESS,NEFT,CHAL_H_RING_003,COMBINED_RING,ring
TXN_CHAL_000671,ACC_000145,BEN_000009,,DEV_000037,IP_000037,2026-03-20T10:40:38,49900.0,TRANSFER_P2P,SUCCESS,UPI,CHAL_H_RING_003,COMBINED_RING,ring
TXN_CHAL_000676,ACC_000015,BEN_000009,,DEV_000037,IP_000037,2026-03-20T10:53:16,32000.0,TRANSFER_P2P,SUCCESS,UPI,CHAL_H_RING_003,COMBINED_RING,ring
TXN_CHAL_000677,ACC_000015,BEN_000009,,DEV_000037,IP_000037,2026-03-20T10:56:34,14500.0,TRANSFER_P2P,SUCCESS,IMPS,CHAL_H_RING_003,COMBINED_RING,ring
TXN_CHAL_000454,ACC_000064,BEN_000007,,DEV_000013,IP_000051,2026-03-20T11:01:25,850.0,TRANSFER_P2P,SUCCESS,UPI,CHAL_F_COMMUNITY_002,LEGITIMATE_LOOKALIKE,legitimate
TXN_CHAL_000682,ACC_000033,BEN_000009,,DEV_000037,IP_000037,2026-03-20T11:05:09,75000.0,TRANSFER_P2P,SUCCESS,IMPS,CHAL_H_RING_003,COMBINED_RING,ring
TXN_CHAL_000460,ACC_000148,BEN_000016,,DEV_000045,IP_000036,2026-03-20T13:08:25,15000.0,TRANSFER_P2P,SUCCESS,UPI,CHAL_F_COMMUNITY_002,LEGITIMATE_LOOKALIKE,legitimate
TXN_CHAL_000452,ACC_000021,BEN_000043,,DEV_000059,IP_000063,2026-03-20T14:15:25,7500.0,TRANSFER_P2P,SUCCESS,UPI,CHAL_F_COMMUNITY_002,LEGITIMATE_LOOKALIKE,legitimate
TXN_CHAL_000457,ACC_000072,BEN_000014,,DEV_000040,IP_000021,2026-03-20T16:04:25,32000.0,TRANSFER_P2P,SUCCESS,UPI,CHAL_F_COMMUNITY_002,LEGITIMATE_LOOKALIKE,legitimate
TXN_CHAL_000204,ACC_000069,BEN_000032,,DEV_000057,IP_000009,2026-03-20T16:32:17,15000.0,TRANSFER_P2P,SUCCESS,NEFT,CHAL_C_LANDLORD_003,LEGITIMATE_LOOKALIKE,legitimate
TXN_CHAL_000463,ACC_000067,BEN_000016,,DEV_000060,IP_000014,2026-03-20T17:59:25,32000.0,TRANSFER_P2P,SUCCESS,UPI,CHAL_F_COMMUNITY_002,LEGITIMATE_LOOKALIKE,legitimate
TXN_CHAL_000455,ACC_000064,BEN_000009,,DEV_000013,IP_000051,2026-03-20T18:58:25,1850.0,TRANSFER_P2P,SUCCESS,UPI,CHAL_F_COMMUNITY_002,LEGITIMATE_LOOKALIKE,legitimate
TXN_CHAL_000461,ACC_000148,BEN_000001,,DEV_000045,IP_000036,2026-03-20T20:37:25,7500.0,TRANSFER_P2P,SUCCESS,UPI,CHAL_F_COMMUNITY_002,LEGITIMATE_LOOKALIKE,legitimate
TXN_CHAL_000207,ACC_000193,BEN_000032,,DEV_000006,IP_000063,2026-03-20T22:20:17,15000.0,TRANSFER_P2P,SUCCESS,IMPS,CHAL_C_LANDLORD_003,LEGITIMATE_LOOKALIKE,legitimate
TXN_CHAL_000458,ACC_000072,BEN_000049,,DEV_000040,IP_000021,2026-03-21T00:04:25,1850.0,TRANSFER_P2P,SUCCESS,UPI,CHAL_F_COMMUNITY_002,LEGITIMATE_LOOKALIKE,legitimate
TXN_CHAL_000464,ACC_000067,BEN_000003,,DEV_000060,IP_000014,2026-03-21T02:04:25,850.0,TRANSFER_P2P,SUCCESS,UPI,CHAL_F_COMMUNITY_002,LEGITIMATE_LOOKALIKE,legitimate
TXN_CHAL_000150,ACC_000093,,MER_000029,DEV_000054,IP_000017,2026-03-21T04:22:03,450.0,PAYMENT_P2M,SUCCESS,CARD,CHAL_B_OFFICE_IP_005,LEGITIMATE_LOOKALIKE,legitimate
TXN_CHAL_000211,ACC_000123,BEN_000032,,DEV_000054,IP_000009,2026-03-21T04:33:17,22000.0,TRANSFER_P2P,SUCCESS,IMPS,CHAL_C_LANDLORD_003,LEGITIMATE_LOOKALIKE,legitimate
TXN_CHAL_000205,ACC_000069,BEN_000032,,DEV_000057,IP_000009,2026-03-21T04:38:17,22000.0,TRANSFER_P2P,SUCCESS,NEFT,CHAL_C_LANDLORD_003,LEGITIMATE_LOOKALIKE,legitimate
TXN_CHAL_000462,ACC_000148,BEN_000013,,DEV_000045,IP_000036,2026-03-21T04:51:25,48000.0,TRANSFER_P2P,SUCCESS,UPI,CHAL_F_COMMUNITY_002,LEGITIMATE_LOOKALIKE,legitimate
TXN_CHAL_000153,ACC_000173,,MER_000027,DEV_000012,IP_000017,2026-03-21T05:51:03,12000.0,PAYMENT_P2M,SUCCESS,UPI,CHAL_B_OFFICE_IP_005,LEGITIMATE_LOOKALIKE,legitimate
TXN_CHAL_000157,ACC_000097,BEN_000041,,DEV_000006,IP_000017,2026-03-21T06:04:03,48000.0,TRANSFER_P2P,SUCCESS,CARD,CHAL_B_OFFICE_IP_005,LEGITIMATE_LOOKALIKE,legitimate
TXN_CHAL_000161,ACC_000076,,MER_000018,DEV_000023,IP_000017,2026-03-21T07:20:03,48000.0,PAYMENT_P2M,SUCCESS,CARD,CHAL_B_OFFICE_IP_005,LEGITIMATE_LOOKALIKE,legitimate
TXN_CHAL_000459,ACC_000072,BEN_000029,,DEV_000040,IP_000021,2026-03-21T07:49:25,7500.0,TRANSFER_P2P,SUCCESS,UPI,CHAL_F_COMMUNITY_002,LEGITIMATE_LOOKALIKE,legitimate
TXN_CHAL_000151,ACC_000093,BEN_000044,,DEV_000054,IP_000017,2026-03-21T08:07:03,48000.0,TRANSFER_P2P,SUCCESS,CARD,CHAL_B_OFFICE_IP_005,LEGITIMATE_LOOKALIKE,legitimate
TXN_CHAL_000165,ACC_000005,,MER_000012,DEV_000049,IP_000017,2026-03-21T08:33:03,24000.0,PAYMENT_P2M,SUCCESS,UPI,CHAL_B_OFFICE_IP_005,LEGITIMATE_LOOKALIKE,legitimate
TXN_CHAL_000154,ACC_000173,,MER_000012,DEV_000012,IP_000017,2026-03-21T09:25:03,12000.0,PAYMENT_P2M,SUCCESS,CARD,CHAL_B_OFFICE_IP_005,LEGITIMATE_LOOKALIKE,legitimate
TXN_CHAL_000465,ACC_000067,BEN_000003,,DEV_000060,IP_000014,2026-03-21T09:34:25,32000.0,TRANSFER_P2P,SUCCESS,UPI,CHAL_F_COMMUNITY_002,LEGITIMATE_LOOKALIKE,legitimate
TXN_CHAL_000208,ACC_000193,BEN_000032,,DEV_000006,IP_000063,2026-03-21T10:10:17,28000.0,TRANSFER_P2P,SUCCESS,IMPS,CHAL_C_LANDLORD_003,LEGITIMATE_LOOKALIKE,legitimate
TXN_CHAL_000214,ACC_000159,BEN_000032,,DEV_000028,IP_000039,2026-03-21T10:21:17,48500.0,TRANSFER_P2P,SUCCESS,IMPS,CHAL_C_LANDLORD_003,LEGITIMATE_LOOKALIKE,legitimate
TXN_CHAL_000158,ACC_000097,,MER_000029,DEV_000006,IP_000017,2026-03-21T10:35:03,48000.0,PAYMENT_P2M,SUCCESS,CARD,CHAL_B_OFFICE_IP_005,LEGITIMATE_LOOKALIKE,legitimate
TXN_CHAL_000162,ACC_000076,BEN_000016,,DEV_000023,IP_000017,2026-03-21T11:24:03,4500.0,TRANSFER_P2P,SUCCESS,UPI,CHAL_B_OFFICE_IP_005,LEGITIMATE_LOOKALIKE,legitimate
TXN_CHAL_000166,ACC_000005,,MER_000005,DEV_000049,IP_000017,2026-03-21T12:46:03,4500.0,PAYMENT_P2M,SUCCESS,CARD,CHAL_B_OFFICE_IP_005,LEGITIMATE_LOOKALIKE,legitimate
TXN_CHAL_000152,ACC_000093,,MER_000021,DEV_000054,IP_000017,2026-03-21T12:53:03,4500.0,PAYMENT_P2M,SUCCESS,UPI,CHAL_B_OFFICE_IP_005,LEGITIMATE_LOOKALIKE,legitimate
TXN_CHAL_000155,ACC_000173,,MER_000027,DEV_000012,IP_000017,2026-03-21T13:31:03,1850.0,PAYMENT_P2M,SUCCESS,UPI,CHAL_B_OFFICE_IP_005,LEGITIMATE_LOOKALIKE,legitimate
TXN_CHAL_000159,ACC_000097,,MER_000023,DEV_000006,IP_000017,2026-03-21T14:02:03,48000.0,PAYMENT_P2M,SUCCESS,UPI,CHAL_B_OFFICE_IP_005,LEGITIMATE_LOOKALIKE,legitimate
TXN_CHAL_000163,ACC_000076,,MER_000002,DEV_000023,IP_000017,2026-03-21T15:28:03,24000.0,PAYMENT_P2M,SUCCESS,CARD,CHAL_B_OFFICE_IP_005,LEGITIMATE_LOOKALIKE,legitimate
TXN_CHAL_000212,ACC_000123,BEN_000032,,DEV_000054,IP_000009,2026-03-21T16:16:17,15000.0,TRANSFER_P2P,SUCCESS,NEFT,CHAL_C_LANDLORD_003,LEGITIMATE_LOOKALIKE,legitimate
TXN_CHAL_000206,ACC_000069,BEN_000032,,DEV_000057,IP_000009,2026-03-21T16:25:17,22000.0,TRANSFER_P2P,SUCCESS,NEFT,CHAL_C_LANDLORD_003,LEGITIMATE_LOOKALIKE,legitimate
TXN_CHAL_000217,ACC_000078,BEN_000032,,DEV_000060,IP_000012,2026-03-21T16:43:17,55000.0,TRANSFER_P2P,SUCCESS,NEFT,CHAL_C_LANDLORD_003,LEGITIMATE_LOOKALIKE,legitimate
TXN_CHAL_000167,ACC_000005,BEN_000011,,DEV_000049,IP_000017,2026-03-21T16:47:03,450.0,TRANSFER_P2P,SUCCESS,CARD,CHAL_B_OFFICE_IP_005,LEGITIMATE_LOOKALIKE,legitimate
TXN_CHAL_000520,ACC_000199,BEN_000036,,DEV_000042,IP_000050,2026-03-21T17:29:24,49500.0,TRANSFER_P2P,SUCCESS,UPI,CHAL_G_COMPOUND_001,LEGITIMATE_LOOKALIKE,legitimate
TXN_CHAL_000156,ACC_000173,,MER_000018,DEV_000012,IP_000017,2026-03-21T17:33:03,4500.0,PAYMENT_P2M,SUCCESS,UPI,CHAL_B_OFFICE_IP_005,LEGITIMATE_LOOKALIKE,legitimate
TXN_CHAL_000160,ACC_000097,,MER_000026,DEV_000006,IP_000017,2026-03-21T18:05:03,4500.0,PAYMENT_P2M,SUCCESS,CARD,CHAL_B_OFFICE_IP_005,LEGITIMATE_LOOKALIKE,legitimate
TXN_CHAL_000164,ACC_000076,BEN_000006,,DEV_000023,IP_000017,2026-03-21T19:17:03,1850.0,TRANSFER_P2P,SUCCESS,UPI,CHAL_B_OFFICE_IP_005,LEGITIMATE_LOOKALIKE,legitimate
TXN_CHAL_000168,ACC_000005,,MER_000003,DEV_000049,IP_000017,2026-03-21T20:50:03,12000.0,PAYMENT_P2M,SUCCESS,CARD,CHAL_B_OFFICE_IP_005,LEGITIMATE_LOOKALIKE,legitimate
TXN_CHAL_000523,ACC_000024,BEN_000036,,DEV_000042,IP_000050,2026-03-21T21:32:24,12000.0,TRANSFER_P2P,SUCCESS,UPI,CHAL_G_COMPOUND_001,LEGITIMATE_LOOKALIKE,legitimate
TXN_CHAL_000215,ACC_000159,BEN_000032,,DEV_000028,IP_000039,2026-03-21T22:24:17,38000.0,TRANSFER_P2P,SUCCESS,NEFT,CHAL_C_LANDLORD_003,LEGITIMATE_LOOKALIKE,legitimate
TXN_CHAL_000209,ACC_000193,BEN_000032,,DEV_000006,IP_000063,2026-03-21T22:32:17,38000.0,TRANSFER_P2P,SUCCESS,IMPS,CHAL_C_LANDLORD_003,LEGITIMATE_LOOKALIKE,legitimate
TXN_CHAL_000484,ACC_000083,BEN_000031,,DEV_000051,IP_000070,2026-03-21T22:37:30,3500.0,TRANSFER_P2P,SUCCESS,UPI,CHAL_F_COMMUNITY_004,LEGITIMATE_LOOKALIKE,legitimate
TXN_CHAL_000521,ACC_000199,BEN_000036,,DEV_000042,IP_000050,2026-03-21T23:47:24,12000.0,TRANSFER_P2P,SUCCESS,UPI,CHAL_G_COMPOUND_001,LEGITIMATE_LOOKALIKE,legitimate
TXN_CHAL_000526,ACC_000143,BEN_000036,,DEV_000042,IP_000050,2026-03-22T01:29:24,49500.0,TRANSFER_P2P,SUCCESS,UPI,CHAL_G_COMPOUND_001,LEGITIMATE_LOOKALIKE,legitimate
TXN_CHAL_000488,ACC_000194,BEN_000025,,DEV_000027,IP_000061,2026-03-22T03:42:30,48000.0,TRANSFER_P2P,SUCCESS,UPI,CHAL_F_COMMUNITY_004,LEGITIMATE_LOOKALIKE,legitimate
TXN_CHAL_000524,ACC_000024,BEN_000036,,DEV_000042,IP_000050,2026-03-22T03:52:24,35000.0,TRANSFER_P2P,SUCCESS,UPI,CHAL_G_COMPOUND_001,LEGITIMATE_LOOKALIKE,legitimate
TXN_CHAL_000218,ACC_000078,BEN_000032,,DEV_000060,IP_000012,2026-03-22T04:21:17,38000.0,TRANSFER_P2P,SUCCESS,IMPS,CHAL_C_LANDLORD_003,LEGITIMATE_LOOKALIKE,legitimate
TXN_CHAL_000213,ACC_000123,BEN_000032,,DEV_000054,IP_000009,2026-03-22T04:30:17,48500.0,TRANSFER_P2P,SUCCESS,NEFT,CHAL_C_LANDLORD_003,LEGITIMATE_LOOKALIKE,legitimate
TXN_CHAL_000522,ACC_000199,BEN_000036,,DEV_000042,IP_000050,2026-03-22T05:42:24,4500.0,TRANSFER_P2P,SUCCESS,UPI,CHAL_G_COMPOUND_001,LEGITIMATE_LOOKALIKE,legitimate
TXN_CHAL_000530,ACC_000052,BEN_000036,,DEV_000042,IP_000050,2026-03-22T05:56:24,49500.0,TRANSFER_P2P,SUCCESS,IMPS,CHAL_G_COMPOUND_001,LEGITIMATE_LOOKALIKE,legitimate
TXN_CHAL_000485,ACC_000083,BEN_000032,,DEV_000051,IP_000070,2026-03-22T07:02:30,15000.0,TRANSFER_P2P,SUCCESS,UPI,CHAL_F_COMMUNITY_004,LEGITIMATE_LOOKALIKE,legitimate
TXN_CHAL_000527,ACC_000143,BEN_000036,,DEV_000042,IP_000050,2026-03-22T07:51:24,12000.0,TRANSFER_P2P,SUCCESS,IMPS,CHAL_G_COMPOUND_001,LEGITIMATE_LOOKALIKE,legitimate
TXN_CHAL_000492,ACC_000104,BEN_000028,,DEV_000029,IP_000059,2026-03-22T08:57:30,7500.0,TRANSFER_P2P,SUCCESS,UPI,CHAL_F_COMMUNITY_004,LEGITIMATE_LOOKALIKE,legitimate
TXN_CHAL_000525,ACC_000024,BEN_000036,,DEV_000042,IP_000050,2026-03-22T09:27:24,35000.0,TRANSFER_P2P,SUCCESS,IMPS,CHAL_G_COMPOUND_001,LEGITIMATE_LOOKALIKE,legitimate
TXN_CHAL_000533,ACC_000195,BEN_000036,,DEV_000042,IP_000050,2026-03-22T09:41:24,4500.0,TRANSFER_P2P,SUCCESS,IMPS,CHAL_G_COMPOUND_001,LEGITIMATE_LOOKALIKE,legitimate
TXN_CHAL_000216,ACC_000159,BEN_000032,,DEV_000028,IP_000039,2026-03-22T10:10:17,48500.0,TRANSFER_P2P,SUCCESS,IMPS,CHAL_C_LANDLORD_003,LEGITIMATE_LOOKALIKE,legitimate
TXN_CHAL_000210,ACC_000193,BEN_000032,,DEV_000006,IP_000063,2026-03-22T10:11:17,15000.0,TRANSFER_P2P,SUCCESS,NEFT,CHAL_C_LANDLORD_003,LEGITIMATE_LOOKALIKE,legitimate
TXN_CHAL_000098,ACC_000125,,MER_000002,DEV_000060,IP_000017,2026-03-22T10:30:27,24000.0,PAYMENT_P2M,SUCCESS,CARD,CHAL_B_OFFICE_IP_002,LEGITIMATE_LOOKALIKE,legitimate
TXN_CHAL_000531,ACC_000052,BEN_000036,,DEV_000042,IP_000050,2026-03-22T11:49:24,49500.0,TRANSFER_P2P,SUCCESS,UPI,CHAL_G_COMPOUND_001,LEGITIMATE_LOOKALIKE,legitimate
TXN_CHAL_000101,ACC_000160,,MER_000005,DEV_000019,IP_000017,2026-03-22T11:50:27,48000.0,PAYMENT_P2M,SUCCESS,UPI,CHAL_B_OFFICE_IP_002,LEGITIMATE_LOOKALIKE,legitimate
TXN_CHAL_000489,ACC_000194,BEN_000026,,DEV_000027,IP_000061,2026-03-22T11:54:30,7500.0,TRANSFER_P2P,SUCCESS,UPI,CHAL_F_COMMUNITY_004,LEGITIMATE_LOOKALIKE,legitimate
TXN_CHAL_000105,ACC_000066,,MER_000013,DEV_000012,IP_000017,2026-03-22T13:03:27,1850.0,PAYMENT_P2M,SUCCESS,UPI,CHAL_B_OFFICE_IP_002,LEGITIMATE_LOOKALIKE,legitimate
TXN_CHAL_000109,ACC_000091,,MER_000006,DEV_000052,IP_000017,2026-03-22T13:34:27,24000.0,PAYMENT_P2M,SUCCESS,CARD,CHAL_B_OFFICE_IP_002,LEGITIMATE_LOOKALIKE,legitimate
TXN_CHAL_000528,ACC_000143,BEN_000036,,DEV_000042,IP_000050,2026-03-22T13:38:24,68000.0,TRANSFER_P2P,SUCCESS,UPI,CHAL_G_COMPOUND_001,LEGITIMATE_LOOKALIKE,legitimate
TXN_CHAL_000496,ACC_000189,BEN_000019,,DEV_000001,IP_000018,2026-03-22T13:43:30,32000.0,TRANSFER_P2P,SUCCESS,UPI,CHAL_F_COMMUNITY_004,LEGITIMATE_LOOKALIKE,legitimate
TXN_CHAL_000486,ACC_000083,BEN_000031,,DEV_000051,IP_000070,2026-03-22T14:29:30,15000.0,TRANSFER_P2P,SUCCESS,UPI,CHAL_F_COMMUNITY_004,LEGITIMATE_LOOKALIKE,legitimate
TXN_CHAL_000112,ACC_000156,,MER_000015,DEV_000030,IP_000017,2026-03-22T14:51:27,1850.0,PAYMENT_P2M,SUCCESS,UPI,CHAL_B_OFFICE_IP_002,LEGITIMATE_LOOKALIKE,legitimate
TXN_CHAL_000308,ACC_000153,,MER_000012,DEV_000048,IP_000031,2026-03-22T14:56:19,29999.0,PAYMENT_P2M,SUCCESS,CARD,CHAL_D_FLASH_SALE_004,LEGITIMATE_LOOKALIKE,legitimate
TXN_CHAL_000099,ACC_000125,BEN_000021,,DEV_000060,IP_000017,2026-03-22T14:58:27,450.0,TRANSFER_P2P,SUCCESS,CARD,CHAL_B_OFFICE_IP_002,LEGITIMATE_LOOKALIKE,legitimate
TXN_CHAL_000311,ACC_000030,,MER_000012,DEV_000025,IP_000027,2026-03-22T15:02:19,69999.0,PAYMENT_P2M,SUCCESS,UPI,CHAL_D_FLASH_SALE_004,LEGITIMATE_LOOKALIKE,legitimate
TXN_CHAL_000314,ACC_000019,,MER_000012,DEV_000019,IP_000060,2026-03-22T15:12:19,29999.0,PAYMENT_P2M,SUCCESS,CARD,CHAL_D_FLASH_SALE_004,LEGITIMATE_LOOKALIKE,legitimate
TXN_CHAL_000309,ACC_000153,,MER_000012,DEV_000048,IP_000031,2026-03-22T15:14:19,69999.0,PAYMENT_P2M,SUCCESS,CARD,CHAL_D_FLASH_SALE_004,LEGITIMATE_LOOKALIKE,legitimate
TXN_CHAL_000312,ACC_000030,,MER_000012,DEV_000025,IP_000027,2026-03-22T15:24:19,2999.0,PAYMENT_P2M,SUCCESS,UPI,CHAL_D_FLASH_SALE_004,LEGITIMATE_LOOKALIKE,legitimate
TXN_CHAL_000318,ACC_000146,,MER_000012,DEV_000016,IP_000039,2026-03-22T15:24:19,49999.0,PAYMENT_P2M,SUCCESS,UPI,CHAL_D_FLASH_SALE_004,LEGITIMATE_LOOKALIKE,legitimate
TXN_CHAL_000310,ACC_000153,,MER_000012,DEV_000048,IP_000031,2026-03-22T15:29:19,49999.0,PAYMENT_P2M,SUCCESS,CARD,CHAL_D_FLASH_SALE_004,LEGITIMATE_LOOKALIKE,legitimate
TXN_CHAL_000102,ACC_000160,,MER_000014,DEV_000019,IP_000017,2026-03-22T15:33:27,450.0,PAYMENT_P2M,SUCCESS,CARD,CHAL_B_OFFICE_IP_002,LEGITIMATE_LOOKALIKE,legitimate
TXN_CHAL_000534,ACC_000195,BEN_000036,,DEV_000042,IP_000050,2026-03-22T15:38:24,12000.0,TRANSFER_P2P,SUCCESS,IMPS,CHAL_G_COMPOUND_001,LEGITIMATE_LOOKALIKE,legitimate
TXN_CHAL_000315,ACC_000019,,MER_000012,DEV_000019,IP_000060,2026-03-22T15:40:19,29999.0,PAYMENT_P2M,SUCCESS,CARD,CHAL_D_FLASH_SALE_004,LEGITIMATE_LOOKALIKE,legitimate
TXN_CHAL_000322,ACC_000006,,MER_000012,DEV_000024,IP_000009,2026-03-22T15:41:19,29999.0,PAYMENT_P2M,SUCCESS,UPI,CHAL_D_FLASH_SALE_004,LEGITIMATE_LOOKALIKE,legitimate
TXN_CHAL_000313,ACC_000030,,MER_000012,DEV_000025,IP_000027,2026-03-22T15:46:19,49999.0,PAYMENT_P2M,SUCCESS,CARD,CHAL_D_FLASH_SALE_004,LEGITIMATE_LOOKALIKE,legitimate
TXN_CHAL_000319,ACC_000146,,MER_000012,DEV_000016,IP_000039,2026-03-22T15:52:19,69999.0,PAYMENT_P2M,SUCCESS,UPI,CHAL_D_FLASH_SALE_004,LEGITIMATE_LOOKALIKE,legitimate
TXN_CHAL_000316,ACC_000019,,MER_000012,DEV_000019,IP_000060,2026-03-22T15:54:19,9999.0,PAYMENT_P2M,SUCCESS,CARD,CHAL_D_FLASH_SALE_004,LEGITIMATE_LOOKALIKE,legitimate
TXN_CHAL_000323,ACC_000006,,MER_000012,DEV_000024,IP_000009,2026-03-22T16:02:19,9999.0,PAYMENT_P2M,SUCCESS,UPI,CHAL_D_FLASH_SALE_004,LEGITIMATE_LOOKALIKE,legitimate
TXN_CHAL_000320,ACC_000146,,MER_000012,DEV_000016,IP_000039,2026-03-22T16:09:19,29999.0,PAYMENT_P2M,SUCCESS,UPI,CHAL_D_FLASH_SALE_004,LEGITIMATE_LOOKALIKE,legitimate
TXN_CHAL_000317,ACC_000019,,MER_000012,DEV_000019,IP_000060,2026-03-22T16:18:19,4999.0,PAYMENT_P2M,SUCCESS,UPI,CHAL_D_FLASH_SALE_004,LEGITIMATE_LOOKALIKE,legitimate
TXN_CHAL_000324,ACC_000006,,MER_000012,DEV_000024,IP_000009,2026-03-22T16:23:19,4999.0,PAYMENT_P2M,SUCCESS,UPI,CHAL_D_FLASH_SALE_004,LEGITIMATE_LOOKALIKE,legitimate
TXN_CHAL_000321,ACC_000146,,MER_000012,DEV_000016,IP_000039,2026-03-22T16:28:19,9999.0,PAYMENT_P2M,SUCCESS,UPI,CHAL_D_FLASH_SALE_004,LEGITIMATE_LOOKALIKE,legitimate
TXN_CHAL_000325,ACC_000006,,MER_000012,DEV_000024,IP_000009,2026-03-22T16:40:19,9999.0,PAYMENT_P2M,SUCCESS,CARD,CHAL_D_FLASH_SALE_004,LEGITIMATE_LOOKALIKE,legitimate
TXN_CHAL_000219,ACC_000078,BEN_000032,,DEV_000060,IP_000012,2026-03-22T16:41:17,22000.0,TRANSFER_P2P,SUCCESS,NEFT,CHAL_C_LANDLORD_003,LEGITIMATE_LOOKALIKE,legitimate
TXN_CHAL_000493,ACC_000104,BEN_000022,,DEV_000029,IP_000059,2026-03-22T16:49:30,7500.0,TRANSFER_P2P,SUCCESS,UPI,CHAL_F_COMMUNITY_004,LEGITIMATE_LOOKALIKE,legitimate
TXN_CHAL_000106,ACC_000066,,MER_000015,DEV_000012,IP_000017,2026-03-22T17:14:27,24000.0,PAYMENT_P2M,SUCCESS,UPI,CHAL_B_OFFICE_IP_002,LEGITIMATE_LOOKALIKE,legitimate
TXN_CHAL_000532,ACC_000052,BEN_000036,,DEV_000042,IP_000050,2026-03-22T17:44:24,12000.0,TRANSFER_P2P,SUCCESS,IMPS,CHAL_G_COMPOUND_001,LEGITIMATE_LOOKALIKE,legitimate
TXN_CHAL_000110,ACC_000091,,MER_000021,DEV_000052,IP_000017,2026-03-22T18:09:27,48000.0,PAYMENT_P2M,SUCCESS,CARD,CHAL_B_OFFICE_IP_002,LEGITIMATE_LOOKALIKE,legitimate
TXN_CHAL_000100,ACC_000125,BEN_000014,,DEV_000060,IP_000017,2026-03-22T18:22:27,450.0,TRANSFER_P2P,SUCCESS,CARD,CHAL_B_OFFICE_IP_002,LEGITIMATE_LOOKALIKE,legitimate
TXN_CHAL_000113,ACC_000156,,MER_000017,DEV_000030,IP_000017,2026-03-22T18:33:27,1850.0,PAYMENT_P2M,SUCCESS,UPI,CHAL_B_OFFICE_IP_002,LEGITIMATE_LOOKALIKE,legitimate
TXN_CHAL_000499,ACC_000168,BEN_000003,,DEV_000026,IP_000014,2026-03-22T18:54:30,7500.0,TRANSFER_P2P,SUCCESS,UPI,CHAL_F_COMMUNITY_004,LEGITIMATE_LOOKALIKE,legitimate
TXN_CHAL_000529,ACC_000143,BEN_000036,,DEV_000042,IP_000050,2026-03-22T19:50:24,68000.0,TRANSFER_P2P,SUCCESS,UPI,CHAL_G_COMPOUND_001,LEGITIMATE_LOOKALIKE,legitimate
TXN_CHAL_000103,ACC_000160,,MER_000025,DEV_000019,IP_000017,2026-03-22T19:51:27,12000.0,PAYMENT_P2M,SUCCESS,CARD,CHAL_B_OFFICE_IP_002,LEGITIMATE_LOOKALIKE,legitimate
TXN_CHAL_000490,ACC_000194,BEN_000009,,DEV_000027,IP_000061,2026-03-22T19:51:30,850.0,TRANSFER_P2P,SUCCESS,UPI,CHAL_F_COMMUNITY_004,LEGITIMATE_LOOKALIKE,legitimate
TXN_CHAL_000107,ACC_000066,,MER_000002,DEV_000012,IP_000017,2026-03-22T20:28:27,12000.0,PAYMENT_P2M,SUCCESS,UPI,CHAL_B_OFFICE_IP_002,LEGITIMATE_LOOKALIKE,legitimate
TXN_CHAL_000535,ACC_000195,BEN_000036,,DEV_000042,IP_000050,2026-03-22T21:58:24,12000.0,TRANSFER_P2P,SUCCESS,UPI,CHAL_G_COMPOUND_001,LEGITIMATE_LOOKALIKE,legitimate
TXN_CHAL_000497,ACC_000189,BEN_000049,,DEV_000001,IP_000018,2026-03-22T22:02:30,48000.0,TRANSFER_P2P,SUCCESS,UPI,CHAL_F_COMMUNITY_004,LEGITIMATE_LOOKALIKE,legitimate
TXN_CHAL_000111,ACC_000091,BEN_000049,,DEV_000052,IP_000017,2026-03-22T22:15:27,1850.0,TRANSFER_P2P,SUCCESS,CARD,CHAL_B_OFFICE_IP_002,LEGITIMATE_LOOKALIKE,legitimate
TXN_CHAL_000114,ACC_000156,,MER_000006,DEV_000030,IP_000017,2026-03-22T22:22:27,4500.0,PAYMENT_P2M,SUCCESS,CARD,CHAL_B_OFFICE_IP_002,LEGITIMATE_LOOKALIKE,legitimate
TXN_CHAL_000487,ACC_000083,BEN_000003,,DEV_000051,IP_000070,2026-03-22T22:50:30,15000.0,TRANSFER_P2P,SUCCESS,UPI,CHAL_F_COMMUNITY_004,LEGITIMATE_LOOKALIKE,legitimate
TXN_CHAL_000104,ACC_000160,,MER_000027,DEV_000019,IP_000017,2026-03-22T23:32:27,1850.0,PAYMENT_P2M,SUCCESS,UPI,CHAL_B_OFFICE_IP_002,LEGITIMATE_LOOKALIKE,legitimate
TXN_CHAL_000494,ACC_000104,BEN_000040,,DEV_000029,IP_000059,2026-03-23T00:34:30,1850.0,TRANSFER_P2P,SUCCESS,UPI,CHAL_F_COMMUNITY_004,LEGITIMATE_LOOKALIKE,legitimate
TXN_CHAL_000108,ACC_000066,,MER_000004,DEV_000012,IP_000017,2026-03-23T01:13:27,48000.0,PAYMENT_P2M,SUCCESS,UPI,CHAL_B_OFFICE_IP_002,LEGITIMATE_LOOKALIKE,legitimate
TXN_CHAL_000500,ACC_000168,BEN_000027,,DEV_000026,IP_000014,2026-03-23T03:00:30,850.0,TRANSFER_P2P,SUCCESS,UPI,CHAL_F_COMMUNITY_004,LEGITIMATE_LOOKALIKE,legitimate
TXN_CHAL_000326,ACC_000186,,MER_000003,DEV_000049,IP_000054,2026-03-23T03:26:47,49999.0,PAYMENT_P2M,SUCCESS,UPI,CHAL_D_FLASH_SALE_005,LEGITIMATE_LOOKALIKE,legitimate
TXN_CHAL_000491,ACC_000194,BEN_000033,,DEV_000027,IP_000061,2026-03-23T03:35:30,1850.0,TRANSFER_P2P,SUCCESS,UPI,CHAL_F_COMMUNITY_004,LEGITIMATE_LOOKALIKE,legitimate
TXN_CHAL_000329,ACC_000082,,MER_000003,DEV_000016,IP_000041,2026-03-23T03:41:47,19999.0,PAYMENT_P2M,SUCCESS,CARD,CHAL_D_FLASH_SALE_005,LEGITIMATE_LOOKALIKE,legitimate
TXN_CHAL_000327,ACC_000186,,MER_000003,DEV_000049,IP_000054,2026-03-23T03:48:47,69999.0,PAYMENT_P2M,SUCCESS,UPI,CHAL_D_FLASH_SALE_005,LEGITIMATE_LOOKALIKE,legitimate
TXN_CHAL_000332,ACC_000040,,MER_000003,DEV_000059,IP_000008,2026-03-23T03:51:47,9999.0,PAYMENT_P2M,SUCCESS,CARD,CHAL_D_FLASH_SALE_005,LEGITIMATE_LOOKALIKE,legitimate
TXN_CHAL_000330,ACC_000082,,MER_000003,DEV_000016,IP_000041,2026-03-23T03:55:47,2999.0,PAYMENT_P2M,SUCCESS,CARD,CHAL_D_FLASH_SALE_005,LEGITIMATE_LOOKALIKE,legitimate
TXN_CHAL_000335,ACC_000131,,MER_000003,DEV_000030,IP_000068,2026-03-23T04:03:47,2999.0,PAYMENT_P2M,SUCCESS,UPI,CHAL_D_FLASH_SALE_005,LEGITIMATE_LOOKALIKE,legitimate
TXN_CHAL_000328,ACC_000186,,MER_000003,DEV_000049,IP_000054,2026-03-23T04:07:47,4999.0,PAYMENT_P2M,SUCCESS,UPI,CHAL_D_FLASH_SALE_005,LEGITIMATE_LOOKALIKE,legitimate
TXN_CHAL_000338,ACC_000129,,MER_000003,DEV_000012,IP_000012,2026-03-23T04:14:47,4999.0,PAYMENT_P2M,SUCCESS,UPI,CHAL_D_FLASH_SALE_005,LEGITIMATE_LOOKALIKE,legitimate
TXN_CHAL_000333,ACC_000040,,MER_000003,DEV_000059,IP_000008,2026-03-23T04:15:47,29999.0,PAYMENT_P2M,SUCCESS,UPI,CHAL_D_FLASH_SALE_005,LEGITIMATE_LOOKALIKE,legitimate
TXN_CHAL_000331,ACC_000082,,MER_000003,DEV_000016,IP_000041,2026-03-23T04:19:47,19999.0,PAYMENT_P2M,SUCCESS,CARD,CHAL_D_FLASH_SALE_005,LEGITIMATE_LOOKALIKE,legitimate
TXN_CHAL_000336,ACC_000131,,MER_000003,DEV_000030,IP_000068,2026-03-23T04:24:47,49999.0,PAYMENT_P2M,SUCCESS,CARD,CHAL_D_FLASH_SALE_005,LEGITIMATE_LOOKALIKE,legitimate
TXN_CHAL_000334,ACC_000040,,MER_000003,DEV_000059,IP_000008,2026-03-23T04:30:47,69999.0,PAYMENT_P2M,SUCCESS,CARD,CHAL_D_FLASH_SALE_005,LEGITIMATE_LOOKALIKE,legitimate
TXN_CHAL_000220,ACC_000078,BEN_000032,,DEV_000060,IP_000012,2026-03-23T04:35:17,22000.0,TRANSFER_P2P,SUCCESS,NEFT,CHAL_C_LANDLORD_003,LEGITIMATE_LOOKALIKE,legitimate
TXN_CHAL_000339,ACC_000129,,MER_000003,DEV_000012,IP_000012,2026-03-23T04:38:47,29999.0,PAYMENT_P2M,SUCCESS,CARD,CHAL_D_FLASH_SALE_005,LEGITIMATE_LOOKALIKE,legitimate
TXN_CHAL_000337,ACC_000131,,MER_000003,DEV_000030,IP_000068,2026-03-23T04:45:47,69999.0,PAYMENT_P2M,SUCCESS,CARD,CHAL_D_FLASH_SALE_005,LEGITIMATE_LOOKALIKE,legitimate
TXN_CHAL_000340,ACC_000129,,MER_000003,DEV_000012,IP_000012,2026-03-23T04:54:47,29999.0,PAYMENT_P2M,SUCCESS,CARD,CHAL_D_FLASH_SALE_005,LEGITIMATE_LOOKALIKE,legitimate
TXN_CHAL_000341,ACC_000129,,MER_000003,DEV_000012,IP_000012,2026-03-23T05:15:47,49999.0,PAYMENT_P2M,SUCCESS,UPI,CHAL_D_FLASH_SALE_005,LEGITIMATE_LOOKALIKE,legitimate
TXN_CHAL_000498,ACC_000189,BEN_000023,,DEV_000001,IP_000018,2026-03-23T05:58:30,48000.0,TRANSFER_P2P,SUCCESS,UPI,CHAL_F_COMMUNITY_004,LEGITIMATE_LOOKALIKE,legitimate
TXN_CHAL_000495,ACC_000104,BEN_000023,,DEV_000029,IP_000059,2026-03-23T08:44:30,15000.0,TRANSFER_P2P,SUCCESS,UPI,CHAL_F_COMMUNITY_004,LEGITIMATE_LOOKALIKE,legitimate
TXN_CHAL_000501,ACC_000168,BEN_000003,,DEV_000026,IP_000014,2026-03-23T11:09:30,850.0,TRANSFER_P2P,SUCCESS,UPI,CHAL_F_COMMUNITY_004,LEGITIMATE_LOOKALIKE,legitimate
