transaction_id,tx_amount,tx_log_amount,tx_hour,tx_day_of_week,tx_day_of_month,tx_is_weekend,tx_is_night,tx_is_transfer_p2p,tx_is_payment_p2m,tx_channel_upi,tx_channel_imps,tx_channel_card,tx_channel_netbanking,tx_has_beneficiary,tx_has_merchant,beh_account_age_days,beh_tx_sequence_num,beh_time_since_last_tx_sec,beh_is_first_tx,beh_hist_tx_count,beh_hist_total_amount,beh_hist_avg_amount,beh_hist_max_amount,beh_hist_std_amount,beh_amount_to_hist_avg_ratio,beh_rolling_tx_count_1h,beh_rolling_amount_1h,beh_rolling_tx_count_24h,beh_rolling_amount_24h,beh_rolling_tx_count_7d,beh_rolling_amount_7d,beh_hist_unique_devices,beh_hist_unique_ips,beh_hist_unique_beneficiaries,beh_is_new_device,beh_is_new_ip,beh_is_new_beneficiary
TXN_00000646,1159.95,7.056993914448375,19,2,31,0,0,1,0,0,0,0,1,1,0,25.84,1,-1.0,1,0,0.0,0.0,0.0,0.0,1.0,0,0.0,0,0.0,0,0.0,0,0,0,1,1,1
TXN_00000679,1759.61,7.473415618892534,19,2,31,0,0,1,0,0,0,0,1,1,0,199.43,1,-1.0,1,0,0.0,0.0,0.0,0.0,1.0,0,0.0,0,0.0,0,0.0,0,0,0,1,1,1
TXN_00001702,1480.43,7.300763116487949,19,2,31,0,0,0,1,1,0,0,0,0,1,59.41,1,-1.0,1,0,0.0,0.0,0.0,0.0,1.0,0,0.0,0,0.0,0,0.0,0,0,0,1,1,0
TXN_00001898,3656.8,8.204617152770476,20,2,31,0,0,0,1,0,0,0,1,0,1,144.67,1,-1.0,1,0,0.0,0.0,0.0,0.0,1.0,0,0.0,0,0.0,0,0.0,0,0,0,1,1,0
TXN_00001515,480.11,6.176095934188827,20,2,31,0,0,1,0,0,0,1,0,1,0,167.94,1,-1.0,1,0,0.0,0.0,0.0,0.0,1.0,0,0.0,0,0.0,0,0.0,0,0,0,1,1,1
TXN_00000438,496.6,6.20979654142497,22,2,31,0,0,0,1,0,0,1,0,0,1,328.69,1,-1.0,1,0,0.0,0.0,0.0,0.0,1.0,0,0.0,0,0.0,0,0.0,0,0,0,1,1,0
TXN_00001673,1208.76,7.09817727180996,22,2,31,0,0,0,1,0,0,0,1,0,1,20.64,1,-1.0,1,0,0.0,0.0,0.0,0.0,1.0,0,0.0,0,0.0,0,0.0,0,0,0,1,1,0
TXN_00001531,1053.95,6.961248651422137,23,2,31,0,0,0,1,0,0,1,0,0,1,25.21,1,-1.0,1,0,0.0,0.0,0.0,0.0,1.0,0,0.0,0,0.0,0,0.0,0,0,0,1,1,0
TXN_00001975,1847.33,7.522037807688221,0,3,1,0,1,0,1,0,0,1,0,0,1,15.72,1,-1.0,1,0,0.0,0.0,0.0,0.0,1.0,0,0.0,0,0.0,0,0.0,0,0,0,1,1,0
TXN_00001565,81.07,4.4075725416416205,3,3,1,0,1,0,1,0,0,0,1,0,1,25.1,1,-1.0,1,0,0.0,0.0,0.0,0.0,1.0,0,0.0,0,0.0,0,0.0,0,0,0,1,1,0
TXN_00000784,1092.57,6.997202852699889,3,3,1,0,1,0,1,0,0,1,0,0,1,164.47,1,-1.0,1,0,0.0,0.0,0.0,0.0,1.0,0,0.0,0,0.0,0,0.0,0,0,0,1,1,0
TXN_00000328,120.31,4.798349252782828,4,3,1,0,1,0,1,1,0,0,0,0,1,12.78,1,-1.0,1,0,0.0,0.0,0.0,0.0,1.0,0,0.0,0,0.0,0,0.0,0,0,0,1,1,0
TXN_00000981,659.13,6.492436785321457,4,3,1,0,1,0,1,0,0,1,0,0,1,62.43,1,-1.0,1,0,0.0,0.0,0.0,0.0,1.0,0,0.0,0,0.0,0,0.0,0,0,0,1,1,0
TXN_00001432,1197.79,7.089067993732708,6,3,1,0,0,0,1,0,0,1,0,0,1,36.34,1,-1.0,1,0,0.0,0.0,0.0,0.0,1.0,0,0.0,0,0.0,0,0.0,0,0,0,1,1,0
TXN_00000380,856.12,6.75357793213265,6,3,1,0,0,1,0,0,0,0,1,1,0,11.85,1,-1.0,1,0,0.0,0.0,0.0,0.0,1.0,0,0.0,0,0.0,0,0.0,0,0,0,1,1,1
TXN_00001003,1400.75,7.245476735003782,11,3,1,0,0,0,1,0,0,0,1,0,1,58.63,1,-1.0,1,0,0.0,0.0,0.0,0.0,1.0,0,0.0,0,0.0,0,0.0,0,0,0,1,1,0
TXN_00000595,613.0,6.419994928147142,11,3,1,0,0,0,1,0,0,1,0,0,1,97.19,1,-1.0,1,0,0.0,0.0,0.0,0.0,1.0,0,0.0,0,0.0,0,0.0,0,0,0,1,1,0
TXN_00000483,148.42,5.0067611325476555,12,3,1,0,0,0,1,0,0,1,0,0,1,117.66,1,-1.0,1,0,0.0,0.0,0.0,0.0,1.0,0,0.0,0,0.0,0,0.0,0,0,0,1,1,0
TXN_00001031,283.61,5.6511198220728955,13,3,1,0,0,0,1,1,0,0,0,0,1,200.18,2,65180.0,0,1,1759.61,1759.61,1759.61,0.0,0.1612,0,0.0,1,1759.61,1,1759.61,1,1,1,0,0,0
TXN_00000359,4778.94,8.472183273105465,16,3,1,0,0,0,1,0,0,1,0,0,1,67.71,1,-1.0,1,0,0.0,0.0,0.0,0.0,1.0,0,0.0,0,0.0,0,0.0,0,0,0,1,1,0
TXN_00001235,1944.64,7.573346250771037,18,3,1,0,0,0,1,1,0,0,0,0,1,173.63,1,-1.0,1,0,0.0,0.0,0.0,0.0,1.0,0,0.0,0,0.0,0,0.0,0,0,0,1,1,0
TXN_00000260,3500.0,8.160803920954665,19,3,1,0,0,1,0,1,0,0,0,1,0,48.94,1,-1.0,1,0,0.0,0.0,0.0,0.0,1.0,0,0.0,0,0.0,0,0.0,0,0,0,1,1,1
TXN_00000413,1431.15,7.266932090638191,20,3,1,0,0,1,0,0,0,0,1,1,0,208.27,1,-1.0,1,0,0.0,0.0,0.0,0.0,1.0,0,0.0,0,0.0,0,0.0,0,0,0,1,1,1
TXN_00000453,846.36,6.742125633868534,20,3,1,0,0,0,1,1,0,0,0,0,1,135.29,1,-1.0,1,0,0.0,0.0,0.0,0.0,1.0,0,0.0,0,0.0,0,0.0,0,0,0,1,1,0
TXN_00001809,3722.91,8.222529470543156,22,3,1,0,0,0,1,0,0,0,1,0,1,93.64,1,-1.0,1,0,0.0,0.0,0.0,0.0,1.0,0,0.0,0,0.0,0,0.0,0,0,0,1,1,0
TXN_00000408,2990.49,8.003526870019886,22,3,1,0,0,1,0,0,0,1,0,1,0,216.06,1,-1.0,1,0,0.0,0.0,0.0,0.0,1.0,0,0.0,0,0.0,0,0.0,0,0,0,1,1,1
TXN_00001194,2887.76,7.968582623287489,22,3,1,0,0,0,1,1,0,0,0,0,1,38.93,1,-1.0,1,0,0.0,0.0,0.0,0.0,1.0,0,0.0,0,0.0,0,0.0,0,0,0,1,1,0
TXN_00001914,1150.04,7.048421160507259,22,3,1,0,0,1,0,0,0,1,0,1,0,50.81,1,-1.0,1,0,0.0,0.0,0.0,0.0,1.0,0,0.0,0,0.0,0,0.0,0,0,0,1,1,1
TXN_00000249,150.0,5.017279836814924,0,4,2,0,1,0,1,0,0,0,1,0,1,95.21,1,-1.0,1,0,0.0,0.0,0.0,0.0,1.0,0,0.0,0,0.0,0,0.0,0,0,0,1,1,0
TXN_00001604,665.72,6.502370167674143,1,4,2,0,1,1,0,1,0,0,0,1,0,56.16,1,-1.0,1,0,0.0,0.0,0.0,0.0,1.0,0,0.0,0,0.0,0,0.0,0,0,0,1,1,1
TXN_00001779,3440.27,8.143595868281556,2,4,2,0,1,0,1,0,0,1,0,0,1,196.78,1,-1.0,1,0,0.0,0.0,0.0,0.0,1.0,0,0.0,0,0.0,0,0.0,0,0,0,1,1,0
TXN_00001767,1808.9,7.501026874114825,3,4,2,0,1,1,0,0,0,1,0,1,0,109.69,1,-1.0,1,0,0.0,0.0,0.0,0.0,1.0,0,0.0,0,0.0,0,0.0,0,0,0,1,1,1
TXN_00000439,1379.9,7.230490739491305,3,4,2,0,1,0,1,1,0,0,0,0,1,33.15,1,-1.0,1,0,0.0,0.0,0.0,0.0,1.0,0,0.0,0,0.0,0,0.0,0,0,0,1,1,0
TXN_00000449,881.7,6.7829853920261876,4,4,2,0,1,0,1,1,0,0,0,0,1,26.43,2,105088.0,0,1,1053.95,1053.95,1053.95,0.0,0.8366,0,0.0,0,0.0,1,1053.95,1,1,0,0,0,0
TXN_00000573,255.96,5.548920430758397,5,4,2,0,1,0,1,1,0,0,0,0,1,22.85,1,-1.0,1,0,0.0,0.0,0.0,0.0,1.0,0,0.0,0,0.0,0,0.0,0,0,0,1,1,0
TXN_00000367,196.14,5.283914136237293,5,4,2,0,1,0,1,0,0,1,0,0,1,97.97,2,67344.0,0,1,613.0,613.0,613.0,0.0,0.32,0,0.0,1,613.0,1,613.0,1,1,0,0,1,0
TXN_00001624,740.14,6.608189541323474,6,4,2,0,0,0,1,0,0,1,0,0,1,250.27,1,-1.0,1,0,0.0,0.0,0.0,0.0,1.0,0,0.0,0,0.0,0,0.0,0,0,0,1,1,0
TXN_00001276,697.5,6.5489351786970165,6,4,2,0,0,0,1,0,0,0,1,0,1,22.78,1,-1.0,1,0,0.0,0.0,0.0,0.0,1.0,0,0.0,0,0.0,0,0.0,0,0,0,1,1,0
TXN_00001550,1484.29,7.303365318366219,7,4,2,0,0,0,1,0,0,0,1,0,1,171.9,1,-1.0,1,0,0.0,0.0,0.0,0.0,1.0,0,0.0,0,0.0,0,0.0,0,0,0,1,1,0
TXN_00001648,1745.0,7.465082736399547,9,4,2,0,0,1,0,1,0,0,0,1,0,11.29,1,-1.0,1,0,0.0,0.0,0.0,0.0,1.0,0,0.0,0,0.0,0,0.0,0,0,0,1,1,1
TXN_00001451,169.5,5.1387352967235715,9,4,2,0,0,0,1,1,0,0,0,0,1,24.79,1,-1.0,1,0,0.0,0.0,0.0,0.0,1.0,0,0.0,0,0.0,0,0.0,0,0,0,1,1,0
TXN_00000481,3122.6,8.04674146178852,10,4,2,0,0,0,1,1,0,0,0,0,1,193.16,1,-1.0,1,0,0.0,0.0,0.0,0.0,1.0,0,0.0,0,0.0,0,0.0,0,0,0,1,1,0
TXN_00001221,326.56,5.7916712444019876,11,4,2,0,0,0,1,1,0,0,0,0,1,85.3,1,-1.0,1,0,0.0,0.0,0.0,0.0,1.0,0,0.0,0,0.0,0,0.0,0,0,0,1,1,0
TXN_00000914,553.55,6.31815697405075,12,4,2,0,0,0,1,0,0,0,1,0,1,34.39,1,-1.0,1,0,0.0,0.0,0.0,0.0,1.0,0,0.0,0,0.0,0,0.0,0,0,0,1,1,0
TXN_00000731,110.53,4.714293613006445,12,4,2,0,0,0,1,0,0,0,1,0,1,145.61,1,-1.0,1,0,0.0,0.0,0.0,0.0,1.0,0,0.0,0,0.0,0,0.0,0,0,0,1,1,0
TXN_00000751,1335.45,7.197772123730637,12,4,2,0,0,0,1,1,0,0,0,0,1,163.19,1,-1.0,1,0,0.0,0.0,0.0,0.0,1.0,0,0.0,0,0.0,0,0.0,0,0,0,1,1,0
TXN_00000575,294.36,5.688194951314488,13,4,2,0,0,0,1,0,0,0,1,0,1,24.11,1,-1.0,1,0,0.0,0.0,0.0,0.0,1.0,0,0.0,0,0.0,0,0.0,0,0,0,1,1,0
TXN_00001997,1838.03,7.516993537684965,13,4,2,0,0,0,1,0,0,0,1,0,1,182.99,1,-1.0,1,0,0.0,0.0,0.0,0.0,1.0,0,0.0,0,0.0,0,0.0,0,0,0,1,1,0
TXN_00000443,2461.06,7.808753676877989,16,4,2,0,0,0,1,1,0,0,0,0,1,98.97,1,-1.0,1,0,0.0,0.0,0.0,0.0,1.0,0,0.0,0,0.0,0,0.0,0,0,0,1,1,0
TXN_00001873,1723.06,7.452437253402258,16,4,2,0,0,0,1,1,0,0,0,0,1,28.97,1,-1.0,1,0,0.0,0.0,0.0,0.0,1.0,0,0.0,0,0.0,0,0.0,0,0,0,1,1,0
TXN_00001753,1363.54,7.218572654486038,17,4,2,0,0,0,1,1,0,0,0,0,1,62.22,1,-1.0,1,0,0.0,0.0,0.0,0.0,1.0,0,0.0,0,0.0,0,0.0,0,0,0,1,1,0
TXN_00000957,1019.37,6.927920585600259,17,4,2,0,0,1,0,0,0,1,0,1,0,227.62,1,-1.0,1,0,0.0,0.0,0.0,0.0,1.0,0,0.0,0,0.0,0,0.0,0,0,0,1,1,1
TXN_00000390,3837.51,8.252839549448877,18,4,2,0,0,0,1,1,0,0,0,0,1,206.6,1,-1.0,1,0,0.0,0.0,0.0,0.0,1.0,0,0.0,0,0.0,0,0.0,0,0,0,1,1,0
TXN_00001884,1058.8,6.965835490058661,19,4,2,0,0,0,1,0,0,0,1,0,1,215.94,1,-1.0,1,0,0.0,0.0,0.0,0.0,1.0,0,0.0,0,0.0,0,0.0,0,0,0,1,1,0
TXN_00000243,3500.0,8.160803920954665,20,4,2,0,0,0,1,0,0,0,1,0,1,9.6,1,-1.0,1,0,0.0,0.0,0.0,0.0,1.0,0,0.0,0,0.0,0,0.0,0,0,0,1,1,0
TXN_00000160,500.0,6.2166061010848646,22,4,2,0,0,0,1,1,0,0,0,0,1,98.02,1,-1.0,1,0,0.0,0.0,0.0,0.0,1.0,0,0.0,0,0.0,0,0.0,0,0,0,1,1,0
TXN_00000162,500.0,6.2166061010848646,22,4,2,0,0,0,1,1,0,0,0,0,1,21.09,1,-1.0,1,0,0.0,0.0,0.0,0.0,1.0,0,0.0,0,0.0,0,0.0,0,0,0,1,1,0
TXN_00001333,339.86,5.831471835797091,22,4,2,0,0,1,0,1,0,0,0,1,0,172.54,2,55382.0,0,1,1484.29,1484.29,1484.29,0.0,0.229,0,0.0,1,1484.29,1,1484.29,1,1,0,0,1,1
TXN_00001465,496.76,6.210118033149327,23,4,2,0,0,0,1,0,0,1,0,0,1,12.28,1,-1.0,1,0,0.0,0.0,0.0,0.0,1.0,0,0.0,0,0.0,0,0.0,0,0,0,1,1,0
TXN_00001442,209.75,5.350672596881965,23,4,2,0,0,0,1,0,0,1,0,0,1,89.55,1,-1.0,1,0,0.0,0.0,0.0,0.0,1.0,0,0.0,0,0.0,0,0.0,0,0,0,1,1,0
TXN_00001749,1281.78,7.1567848768025435,0,5,3,1,1,0,1,1,0,0,0,0,1,81.16,1,-1.0,1,0,0.0,0.0,0.0,0.0,1.0,0,0.0,0,0.0,0,0.0,0,0,0,1,1,0
TXN_00000170,500.0,6.2166061010848646,0,5,3,1,1,0,1,1,0,0,0,0,1,62.21,1,-1.0,1,0,0.0,0.0,0.0,0.0,1.0,0,0.0,0,0.0,0,0.0,0,0,0,1,1,0
TXN_00001086,4082.26,8.314650967959821,1,5,3,1,1,0,1,1,0,0,0,0,1,163.02,1,-1.0,1,0,0.0,0.0,0.0,0.0,1.0,0,0.0,0,0.0,0,0.0,0,0,0,1,1,0
TXN_00000791,279.71,5.6373221079559315,1,5,3,1,1,0,1,0,0,0,1,0,1,72.72,1,-1.0,1,0,0.0,0.0,0.0,0.0,1.0,0,0.0,0,0.0,0,0.0,0,0,0,1,1,0
TXN_00001195,1019.77,6.928312523443935,2,5,3,1,1,0,1,0,0,1,0,0,1,15.37,1,-1.0,1,0,0.0,0.0,0.0,0.0,1.0,0,0.0,0,0.0,0,0.0,0,0,0,1,1,0
TXN_00001696,451.69,6.115207564513815,2,5,3,1,1,1,0,0,0,1,0,1,0,39.82,1,-1.0,1,0,0.0,0.0,0.0,0.0,1.0,0,0.0,0,0.0,0,0.0,0,0,0,1,1,1
TXN_00000166,500.0,6.2166061010848646,2,5,3,1,1,0,1,1,0,0,0,0,1,211.57,1,-1.0,1,0,0.0,0.0,0.0,0.0,1.0,0,0.0,0,0.0,0,0.0,0,0,0,1,1,0
TXN_00000167,500.0,6.2166061010848646,3,5,3,1,1,0,1,1,0,0,0,0,1,167.37,1,-1.0,1,0,0.0,0.0,0.0,0.0,1.0,0,0.0,0,0.0,0,0.0,0,0,0,1,1,0
TXN_00000169,500.0,6.2166061010848646,3,5,3,1,1,0,1,1,0,0,0,0,1,184.29,1,-1.0,1,0,0.0,0.0,0.0,0.0,1.0,0,0.0,0,0.0,0,0.0,0,0,0,1,1,0
TXN_00000995,149.3,5.012633296758929,3,5,3,1,1,1,0,0,0,0,1,1,0,15.19,1,-1.0,1,0,0.0,0.0,0.0,0.0,1.0,0,0.0,0,0.0,0,0.0,0,0,0,1,1,1
TXN_00001150,572.12,6.351095118872347,4,5,3,1,1,0,1,0,0,1,0,0,1,35.67,1,-1.0,1,0,0.0,0.0,0.0,0.0,1.0,0,0.0,0,0.0,0,0.0,0,0,0,1,1,0
TXN_00000161,500.0,6.2166061010848646,5,5,3,1,1,0,1,1,0,0,0,0,1,6.8,1,-1.0,1,0,0.0,0.0,0.0,0.0,1.0,0,0.0,0,0.0,0,0.0,0,0,0,1,1,0
TXN_00000168,500.0,6.2166061010848646,5,5,3,1,1,0,1,1,0,0,0,0,1,58.13,1,-1.0,1,0,0.0,0.0,0.0,0.0,1.0,0,0.0,0,0.0,0,0.0,0,0,0,1,1,0
TXN_00001325,4369.77,8.382694473940996,6,5,3,1,0,0,1,1,0,0,0,0,1,34.74,1,-1.0,1,0,0.0,0.0,0.0,0.0,1.0,0,0.0,0,0.0,0,0.0,0,0,0,1,1,0
TXN_00001657,699.88,6.552336688358109,8,5,3,1,0,0,1,0,0,0,1,0,1,60.94,1,-1.0,1,0,0.0,0.0,0.0,0.0,1.0,0,0.0,0,0.0,0,0.0,0,0,0,1,1,0
TXN_00001344,1017.62,6.926204049050597,9,5,3,1,0,1,0,1,0,0,0,1,0,49.54,1,-1.0,1,0,0.0,0.0,0.0,0.0,1.0,0,0.0,0,0.0,0,0.0,0,0,0,1,1,1
TXN_00001992,3151.1,8.055824176362838,10,5,3,1,0,0,1,1,0,0,0,0,1,237.12,1,-1.0,1,0,0.0,0.0,0.0,0.0,1.0,0,0.0,0,0.0,0,0.0,0,0,0,1,1,0
TXN_00001327,1038.89,6.94687021731069,10,5,3,1,0,0,1,1,0,0,0,0,1,12.99,1,-1.0,1,0,0.0,0.0,0.0,0.0,1.0,0,0.0,0,0.0,0,0.0,0,0,0,1,1,0
TXN_00001271,807.3,6.694933276739799,13,5,3,1,0,1,0,0,0,0,1,1,0,208.51,1,-1.0,1,0,0.0,0.0,0.0,0.0,1.0,0,0.0,0,0.0,0,0.0,0,0,0,1,1,1
TXN_00001175,1072.55,6.978726192852716,13,5,3,1,0,0,1,0,0,0,1,0,1,40.31,2,42101.0,0,1,451.69,451.69,451.69,0.0,2.3745,0,0.0,1,451.69,1,451.69,1,1,1,1,1,0
TXN_00000681,4833.12,8.483454385117499,14,5,3,1,0,0,1,0,0,0,1,0,1,36.0,1,-1.0,1,0,0.0,0.0,0.0,0.0,1.0,0,0.0,0,0.0,0,0.0,0,0,0,1,1,0
TXN_00000468,393.29,5.977086679162027,16,5,3,1,0,0,1,1,0,0,0,0,1,7.55,1,-1.0,1,0,0.0,0.0,0.0,0.0,1.0,0,0.0,0,0.0,0,0.0,0,0,0,1,1,0
TXN_00000289,899.0,6.802394763324311,17,5,3,1,0,0,1,0,0,1,0,0,1,250.52,1,-1.0,1,0,0.0,0.0,0.0,0.0,1.0,0,0.0,0,0.0,0,0.0,0,0,0,1,1,0
TXN_00001169,252.61,5.535797653962299,17,5,3,1,0,1,0,1,0,0,0,1,0,42.46,1,-1.0,1,0,0.0,0.0,0.0,0.0,1.0,0,0.0,0,0.0,0,0.0,0,0,0,1,1,1
TXN_00000301,1250.0,7.1316985104669115,17,5,3,1,0,1,0,0,0,1,0,1,0,274.36,1,-1.0,1,0,0.0,0.0,0.0,0.0,1.0,0,0.0,0,0.0,0,0.0,0,0,0,1,1,1
TXN_00001358,1120.66,7.022565009856652,17,5,3,1,0,0,1,1,0,0,0,0,1,14.71,1,-1.0,1,0,0.0,0.0,0.0,0.0,1.0,0,0.0,0,0.0,0,0.0,0,0,0,1,1,0
TXN_00001574,492.1,6.2007119932300805,18,5,3,1,0,0,1,0,0,1,0,0,1,112.98,1,-1.0,1,0,0.0,0.0,0.0,0.0,1.0,0,0.0,0,0.0,0,0.0,0,0,0,1,1,0
TXN_00000506,1630.02,7.396960864961527,21,5,3,1,0,0,1,1,0,0,0,0,1,210.31,2,176302.0,0,1,1431.15,1431.15,1431.15,0.0,1.139,0,0.0,0,0.0,1,1431.15,1,1,1,0,1,0
TXN_00000490,1052.6,6.959968150429071,21,5,3,1,0,0,1,1,0,0,0,0,1,31.61,1,-1.0,1,0,0.0,0.0,0.0,0.0,1.0,0,0.0,0,0.0,0,0.0,0,0,0,1,1,0
TXN_00001028,515.19,6.246474914760563,22,5,3,1,0,0,1,0,0,0,1,0,1,137.34,2,177308.0,0,1,846.36,846.36,846.36,0.0,0.6087,0,0.0,0,0.0,1,846.36,1,1,0,0,0,0
TXN_00000653,1756.09,7.471414310551931,22,5,3,1,0,0,1,0,0,0,1,0,1,18.62,2,251159.0,0,1,1847.33,1847.33,1847.33,0.0,0.9506,0,0.0,0,0.0,1,1847.33,1,1,0,0,0,0
TXN_00000668,486.41,6.189105658009769,0,6,4,1,1,0,1,0,0,1,0,0,1,62.64,2,279367.0,0,1,1480.43,1480.43,1480.43,0.0,0.3286,0,0.0,0,0.0,1,1480.43,1,1,0,0,0,0
TXN_00001538,749.91,6.621285804369673,2,6,4,1,1,0,1,0,0,0,1,0,1,145.55,1,-1.0,1,0,0.0,0.0,0.0,0.0,1.0,0,0.0,0,0.0,0,0.0,0,0,0,1,1,0
TXN_00001124,2099.59,7.6499735366327375,2,6,4,1,1,1,0,0,0,0,1,1,0,27.74,1,-1.0,1,0,0.0,0.0,0.0,0.0,1.0,0,0.0,0,0.0,0,0.0,0,0,0,1,1,1
TXN_00001329,200.71,5.306831022313242,3,6,4,1,1,0,1,0,0,1,0,0,1,107.04,1,-1.0,1,0,0.0,0.0,0.0,0.0,1.0,0,0.0,0,0.0,0,0.0,0,0,0,1,1,0
TXN_00001905,1775.51,7.482406044491116,5,6,4,1,1,0,1,1,0,0,0,0,1,109.13,1,-1.0,1,0,0.0,0.0,0.0,0.0,1.0,0,0.0,0,0.0,0,0.0,0,0,0,1,1,0
TXN_00000599,3718.28,8.22128538014719,5,6,4,1,1,0,1,0,0,1,0,0,1,45.32,1,-1.0,1,0,0.0,0.0,0.0,0.0,1.0,0,0.0,0,0.0,0,0.0,0,0,0,1,1,0
TXN_00001996,104.83,4.661834033105633,6,6,4,1,0,0,1,1,0,0,0,0,1,57.21,1,-1.0,1,0,0.0,0.0,0.0,0.0,1.0,0,0.0,0,0.0,0,0.0,0,0,0,1,1,0
TXN_00001903,116.84,4.769327772154375,6,6,4,1,0,0,1,0,0,1,0,0,1,28.49,3,177606.0,0,2,1935.65,967.83,1053.95,121.8,0.1207,0,0.0,0,0.0,2,1935.65,1,1,0,0,0,0
TXN_00001662,589.37,6.380749458987108,7,6,4,1,0,0,1,1,0,0,0,0,1,99.6,1,-1.0,1,0,0.0,0.0,0.0,0.0,1.0,0,0.0,0,0.0,0,0.0,0,0,0,1,1,0
TXN_00001138,94.66,4.560800238252151,7,6,4,1,0,1,0,0,0,0,1,1,0,108.87,1,-1.0,1,0,0.0,0.0,0.0,0.0,1.0,0,0.0,0,0.0,0,0.0,0,0,0,1,1,1
TXN_00001923,1359.5,7.215607558223301,9,6,4,1,0,0,1,0,0,1,0,0,1,9.99,1,-1.0,1,0,0.0,0.0,0.0,0.0,1.0,0,0.0,0,0.0,0,0.0,0,0,0,1,1,0
TXN_00000414,4846.1,8.486135866950894,9,6,4,1,0,0,1,0,0,1,0,0,1,145.85,2,25874.0,0,1,749.91,749.91,749.91,0.0,6.4622,0,0.0,1,749.91,1,749.91,1,1,0,1,1,0
TXN_00001018,226.72,5.428116804082881,9,6,4,1,0,0,1,1,0,0,0,0,1,42.59,1,-1.0,1,0,0.0,0.0,0.0,0.0,1.0,0,0.0,0,0.0,0,0.0,0,0,0,1,1,0
TXN_00000719,2934.45,7.984616042485734,10,6,4,1,0,0,1,0,0,1,0,0,1,156.12,1,-1.0,1,0,0.0,0.0,0.0,0.0,1.0,0,0.0,0,0.0,0,0.0,0,0,0,1,1,0
TXN_00001355,1757.98,7.472489374576273,11,6,4,1,0,0,1,1,0,0,0,0,1,37.79,1,-1.0,1,0,0.0,0.0,0.0,0.0,1.0,0,0.0,0,0.0,0,0.0,0,0,0,1,1,0
TXN_00001376,3506.96,8.162789950918512,12,6,4,1,0,0,1,0,0,0,1,0,1,16.99,1,-1.0,1,0,0.0,0.0,0.0,0.0,1.0,0,0.0,0,0.0,0,0.0,0,0,0,1,1,0
TXN_00000850,542.24,6.297551211235867,12,6,4,1,0,0,1,1,0,0,0,0,1,115.81,1,-1.0,1,0,0.0,0.0,0.0,0.0,1.0,0,0.0,0,0.0,0,0.0,0,0,0,1,1,0
TXN_00000238,1250.0,7.1316985104669115,13,6,4,1,0,0,1,1,0,0,0,0,1,27.0,1,-1.0,1,0,0.0,0.0,0.0,0.0,1.0,0,0.0,0,0.0,0,0.0,0,0,0,1,1,0
TXN_00001020,785.72,6.66787240366363,13,6,4,1,0,1,0,0,0,0,1,1,0,155.69,1,-1.0,1,0,0.0,0.0,0.0,0.0,1.0,0,0.0,0,0.0,0,0.0,0,0,0,1,1,1
TXN_00000774,207.44,5.339651230041014,14,6,4,1,0,0,1,0,0,1,0,0,1,265.08,1,-1.0,1,0,0.0,0.0,0.0,0.0,1.0,0,0.0,0,0.0,0,0.0,0,0,0,1,1,0
TXN_00000800,181.55,5.2070241081016455,15,6,4,1,0,1,0,0,0,1,0,1,0,179.66,1,-1.0,1,0,0.0,0.0,0.0,0.0,1.0,0,0.0,0,0.0,0,0.0,0,0,0,1,1,1
TXN_00000394,882.4,6.783778099162426,15,6,4,1,0,0,1,0,0,0,1,0,1,104.51,1,-1.0,1,0,0.0,0.0,0.0,0.0,1.0,0,0.0,0,0.0,0,0.0,0,0,0,1,1,0
TXN_00000467,4576.38,8.428882061022081,16,6,4,1,0,0,1,1,0,0,0,0,1,121.7,1,-1.0,1,0,0.0,0.0,0.0,0.0,1.0,0,0.0,0,0.0,0,0.0,0,0,0,1,1,0
TXN_00000831,742.54,6.611422564049566,16,6,4,1,0,1,0,0,0,0,1,1,0,6.34,1,-1.0,1,0,0.0,0.0,0.0,0.0,1.0,0,0.0,0,0.0,0,0.0,0,0,0,1,1,1
TXN_00001860,1698.78,7.438254109905176,18,6,4,1,0,0,1,1,0,0,0,0,1,19.55,1,-1.0,1,0,0.0,0.0,0.0,0.0,1.0,0,0.0,0,0.0,0,0.0,0,0,0,1,1,0
TXN_00001739,500.9,6.218400896660888,18,6,4,1,0,0,1,0,0,0,1,0,1,74.4,2,145298.0,0,1,279.71,279.71,279.71,0.0,1.7908,0,0.0,0,0.0,1,279.71,1,1,0,1,1,0
TXN_00000282,150.0,5.017279836814924,18,6,4,1,0,0,1,0,0,1,0,0,1,170.07,1,-1.0,1,0,0.0,0.0,0.0,0.0,1.0,0,0.0,0,0.0,0,0.0,0,0,0,1,1,0
TXN_00001223,230.76,5.445702353461095,19,6,4,1,0,0,1,0,0,0,1,0,1,193.66,1,-1.0,1,0,0.0,0.0,0.0,0.0,1.0,0,0.0,0,0.0,0,0.0,0,0,0,1,1,0
TXN_00001272,338.62,5.8278273455181555,20,6,4,1,0,0,1,1,0,0,0,0,1,57.02,1,-1.0,1,0,0.0,0.0,0.0,0.0,1.0,0,0.0,0,0.0,0,0.0,0,0,0,1,1,0
TXN_00001356,125.28,4.838501663689791,21,6,4,1,0,1,0,0,0,1,0,1,0,284.1,1,-1.0,1,0,0.0,0.0,0.0,0.0,1.0,0,0.0,0,0.0,0,0.0,0,0,0,1,1,1
TXN_00001379,360.33,5.889791668196679,21,6,4,1,0,0,1,1,0,0,0,0,1,124.59,1,-1.0,1,0,0.0,0.0,0.0,0.0,1.0,0,0.0,0,0.0,0,0.0,0,0,0,1,1,0
TXN_00001200,5136.36,8.544294607824913,22,6,4,1,0,0,1,0,0,0,1,0,1,19.62,3,86420.0,0,2,3603.42,1801.71,1847.33,64.52,2.8508,0,0.0,0,0.0,2,3603.42,1,1,0,0,1,0
TXN_00001077,1582.46,7.367367605160748,23,6,4,1,0,0,1,1,0,0,0,0,1,125.23,1,-1.0,1,0,0.0,0.0,0.0,0.0,1.0,0,0.0,0,0.0,0,0.0,0,0,0,1,1,0
TXN_00001485,316.11,5.759248716840184,0,0,5,0,1,0,1,1,0,0,0,0,1,156.68,2,48247.0,0,1,2934.45,2934.45,2934.45,0.0,0.1077,0,0.0,1,2934.45,1,2934.45,1,1,0,0,0,0
TXN_00001492,577.78,6.360922439910144,1,0,5,0,1,0,1,0,0,1,0,0,1,37.34,1,-1.0,1,0,0.0,0.0,0.0,0.0,1.0,0,0.0,0,0.0,0,0.0,0,0,0,1,1,0
TXN_00001788,1100.71,7.0046187971860085,1,0,5,0,1,1,0,1,0,0,0,1,0,246.42,1,-1.0,1,0,0.0,0.0,0.0,0.0,1.0,0,0.0,0,0.0,0,0.0,0,0,0,1,1,1
TXN_00001799,621.08,6.43306870183202,3,0,5,0,1,1,0,0,0,0,1,1,0,74.8,3,34426.0,0,2,780.61,390.3,500.9,156.4,1.5913,0,0.0,1,500.9,2,780.61,2,2,0,0,0,1
TXN_00001818,274.29,5.617825087478658,3,0,5,0,1,1,0,1,0,0,0,1,0,203.58,1,-1.0,1,0,0.0,0.0,0.0,0.0,1.0,0,0.0,0,0.0,0,0.0,0,0,0,1,1,1
TXN_00001050,969.46,6.877770185891559,4,0,5,0,1,1,0,0,0,1,0,1,0,46.43,1,-1.0,1,0,0.0,0.0,0.0,0.0,1.0,0,0.0,0,0.0,0,0.0,0,0,0,1,1,1
TXN_00000536,4047.41,8.306079490423345,5,0,5,0,1,0,1,1,0,0,0,0,1,19.92,4,25604.0,0,3,8739.78,2913.26,5136.36,1925.8,1.3893,0,0.0,1,5136.36,3,8739.78,1,2,0,0,0,0
TXN_00001890,292.12,5.680582081485765,5,0,5,0,1,0,1,1,0,0,0,0,1,144.62,1,-1.0,1,0,0.0,0.0,0.0,0.0,1.0,0,0.0,0,0.0,0,0.0,0,0,0,1,1,0
TXN_00001090,1534.36,7.336520160211275,5,0,5,0,1,0,1,0,0,0,1,0,1,286.1,1,-1.0,1,0,0.0,0.0,0.0,0.0,1.0,0,0.0,0,0.0,0,0.0,0,0,0,1,1,0
TXN_00001120,655.84,6.487440457623637,6,0,5,0,0,0,1,0,0,0,1,0,1,90.91,1,-1.0,1,0,0.0,0.0,0.0,0.0,1.0,0,0.0,0,0.0,0,0.0,0,0,0,1,1,0
TXN_00000256,5000.0,8.517393171418904,6,0,5,0,0,1,0,0,0,0,1,1,0,15.43,1,-1.0,1,0,0.0,0.0,0.0,0.0,1.0,0,0.0,0,0.0,0,0.0,0,0,0,1,1,1
TXN_00000531,1875.62,7.537227565371363,7,0,5,0,0,0,1,1,0,0,0,0,1,225.87,1,-1.0,1,0,0.0,0.0,0.0,0.0,1.0,0,0.0,0,0.0,0,0.0,0,0,0,1,1,0
TXN_00001464,239.33,5.482012978895135,8,0,5,0,0,0,1,0,0,1,0,0,1,75.99,1,-1.0,1,0,0.0,0.0,0.0,0.0,1.0,0,0.0,0,0.0,0,0.0,0,0,0,1,1,0
TXN_00001594,2432.76,7.797192665563433,8,0,5,0,0,0,1,1,0,0,0,0,1,203.86,1,-1.0,1,0,0.0,0.0,0.0,0.0,1.0,0,0.0,0,0.0,0,0.0,0,0,0,1,1,0
TXN_00000987,2224.39,7.707687460139315,8,0,5,0,0,0,1,0,0,1,0,0,1,57.34,1,-1.0,1,0,0.0,0.0,0.0,0.0,1.0,0,0.0,0,0.0,0,0.0,0,0,0,1,1,0
TXN_00001436,1131.93,7.032562476242049,8,0,5,0,0,0,1,1,0,0,0,0,1,71.85,1,-1.0,1,0,0.0,0.0,0.0,0.0,1.0,0,0.0,0,0.0,0,0.0,0,0,0,1,1,0
TXN_00000519,243.36,5.498642547781566,9,0,5,0,0,1,0,0,0,0,1,1,0,18.09,1,-1.0,1,0,0.0,0.0,0.0,0.0,1.0,0,0.0,0,0.0,0,0.0,0,0,0,1,1,1
TXN_00001682,1629.49,7.396635862122556,11,0,5,0,0,0,1,0,0,1,0,0,1,279.63,1,-1.0,1,0,0.0,0.0,0.0,0.0,1.0,0,0.0,0,0.0,0,0.0,0,0,0,1,1,0
TXN_00001190,2349.75,7.762489705157186,12,0,5,0,0,0,1,1,0,0,0,0,1,99.96,1,-1.0,1,0,0.0,0.0,0.0,0.0,1.0,0,0.0,0,0.0,0,0.0,0,0,0,1,1,0
TXN_00001085,1128.34,7.029388670274133,12,0,5,0,0,0,1,1,0,0,0,0,1,84.0,1,-1.0,1,0,0.0,0.0,0.0,0.0,1.0,0,0.0,0,0.0,0,0.0,0,0,0,1,1,0
TXN_00001320,811.8,6.700485076824218,14,0,5,0,0,0,1,0,0,1,0,0,1,7.94,1,-1.0,1,0,0.0,0.0,0.0,0.0,1.0,0,0.0,0,0.0,0,0.0,0,0,0,1,1,0
TXN_00001920,5561.31,8.623768768587752,15,0,5,0,0,0,1,0,0,0,1,0,1,163.12,1,-1.0,1,0,0.0,0.0,0.0,0.0,1.0,0,0.0,0,0.0,0,0.0,0,0,0,1,1,0
TXN_00001576,2705.69,7.9034817651401115,15,0,5,0,0,0,1,1,0,0,0,0,1,30.65,1,-1.0,1,0,0.0,0.0,0.0,0.0,1.0,0,0.0,0,0.0,0,0.0,0,0,0,1,1,0
TXN_00000323,218.25,5.390212631252292,15,0,5,0,0,0,1,1,0,0,0,0,1,14.4,1,-1.0,1,0,0.0,0.0,0.0,0.0,1.0,0,0.0,0,0.0,0,0.0,0,0,0,1,1,0
TXN_00000326,545.67,6.30384532969252,16,0,5,0,0,1,0,1,0,0,0,1,0,178.44,1,-1.0,1,0,0.0,0.0,0.0,0.0,1.0,0,0.0,0,0.0,0,0.0,0,0,0,1,1,1
TXN_00000235,1250.0,7.1316985104669115,16,0,5,0,0,0,1,0,0,1,0,0,1,18.75,1,-1.0,1,0,0.0,0.0,0.0,0.0,1.0,0,0.0,0,0.0,0,0.0,0,0,0,1,1,0
TXN_00001998,794.35,6.67878226934437,17,0,5,0,0,0,1,1,0,0,0,0,1,29.35,2,138593.0,0,1,2099.59,2099.59,2099.59,0.0,0.3783,0,0.0,0,0.0,1,2099.59,1,1,1,0,0,0
TXN_00001610,245.59,5.507727038407604,20,0,5,0,0,0,1,0,0,0,1,0,1,11.92,1,-1.0,1,0,0.0,0.0,0.0,0.0,1.0,0,0.0,0,0.0,0,0.0,0,0,0,1,1,0
TXN_00000469,876.84,6.777464344682544,20,0,5,0,0,1,0,0,0,0,1,1,0,46.93,2,139137.0,0,1,3718.28,3718.28,3718.28,0.0,0.2358,0,0.0,0,0.0,1,3718.28,1,1,0,0,0,1
TXN_00001483,2284.69,7.73442322711016,20,0,5,0,0,0,1,0,0,1,0,0,1,145.73,1,-1.0,1,0,0.0,0.0,0.0,0.0,1.0,0,0.0,0,0.0,0,0.0,0,0,0,1,1,0
TXN_00001793,533.85,6.2819863337521396,21,0,5,0,0,0,1,0,0,1,0,0,1,38.27,2,196074.0,0,1,4833.12,4833.12,4833.12,0.0,0.1105,0,0.0,0,0.0,1,4833.12,1,1,0,1,1,0
TXN_00000386,249.67,5.524137333065655,23,0,5,0,0,0,1,1,0,0,0,0,1,183.09,1,-1.0,1,0,0.0,0.0,0.0,0.0,1.0,0,0.0,0,0.0,0,0.0,0,0,0,1,1,0
TXN_00001275,2706.53,7.903792059146169,0,1,6,0,1,1,0,1,0,0,0,1,0,319.6,1,-1.0,1,0,0.0,0.0,0.0,0.0,1.0,0,0.0,0,0.0,0,0.0,0,0,0,1,1,1
TXN_00000457,2768.47,7.926411245134294,1,1,6,0,1,0,1,0,0,0,1,0,1,182.68,1,-1.0,1,0,0.0,0.0,0.0,0.0,1.0,0,0.0,0,0.0,0,0.0,0,0,0,1,1,0
TXN_00000607,1865.92,7.532045293132494,1,1,6,0,1,1,0,0,0,0,1,1,0,203.04,1,-1.0,1,0,0.0,0.0,0.0,0.0,1.0,0,0.0,0,0.0,0,0.0,0,0,0,1,1,1
TXN_00000993,805.36,6.692530292912223,2,1,6,0,1,1,0,1,0,0,0,1,0,26.73,2,335234.0,0,1,255.96,255.96,255.96,0.0,3.1464,0,0.0,0,0.0,1,255.96,1,1,0,0,0,1
TXN_00001710,594.91,6.390089648951279,2,1,6,0,1,1,0,1,0,0,0,1,0,204.73,3,393135.0,0,2,2043.22,1021.61,1759.61,1043.69,0.5823,0,0.0,0,0.0,2,2043.22,1,1,1,0,0,1
TXN_00000732,1471.24,7.294540329476939,3,1,6,0,1,1,0,1,0,0,0,1,0,122.26,2,397408.0,0,1,148.42,148.42,148.42,0.0,9.9127,0,0.0,0,0.0,1,148.42,1,1,0,1,1,1
TXN_00000982,270.28,5.603151497817383,3,1,6,0,1,1,0,1,0,0,0,1,0,156.27,1,-1.0,1,0,0.0,0.0,0.0,0.0,1.0,0,0.0,0,0.0,0,0.0,0,0,0,1,1,1
TXN_00000711,797.32,6.682509519576057,3,1,6,0,1,0,1,1,0,0,0,0,1,149.02,1,-1.0,1,0,0.0,0.0,0.0,0.0,1.0,0,0.0,0,0.0,0,0.0,0,0,0,1,1,0
TXN_00001861,1187.77,7.080674438113445,4,1,6,0,1,1,0,1,0,0,0,1,0,133.88,1,-1.0,1,0,0.0,0.0,0.0,0.0,1.0,0,0.0,0,0.0,0,0.0,0,0,0,1,1,1
TXN_00000592,2760.78,7.923630678371036,4,1,6,0,1,1,0,1,0,0,0,1,0,42.16,1,-1.0,1,0,0.0,0.0,0.0,0.0,1.0,0,0.0,0,0.0,0,0.0,0,0,0,1,1,1
TXN_00001652,53.91,4.005695481290781,8,1,6,0,0,1,0,1,0,0,0,1,0,197.38,1,-1.0,1,0,0.0,0.0,0.0,0.0,1.0,0,0.0,0,0.0,0,0.0,0,0,0,1,1,1
TXN_00000692,1550.66,7.347080604578403,9,1,6,0,0,1,0,1,0,0,0,1,0,166.51,1,-1.0,1,0,0.0,0.0,0.0,0.0,1.0,0,0.0,0,0.0,0,0.0,0,0,0,1,1,1
TXN_00001848,1460.21,7.2870201385878275,9,1,6,0,0,1,0,1,0,0,0,1,0,254.42,2,357936.0,0,1,740.14,740.14,740.14,0.0,1.9729,0,0.0,0,0.0,1,740.14,1,1,0,0,0,1
TXN_00000655,1443.91,7.275802314869796,10,1,6,0,0,0,1,0,0,0,1,0,1,26.63,1,-1.0,1,0,0.0,0.0,0.0,0.0,1.0,0,0.0,0,0.0,0,0.0,0,0,0,1,1,0
TXN_00001117,800.2,6.686110603791663,11,1,6,0,0,0,1,1,0,0,0,0,1,138.17,1,-1.0,1,0,0.0,0.0,0.0,0.0,1.0,0,0.0,0,0.0,0,0.0,0,0,0,1,1,0
TXN_00001919,3319.74,8.107942928640165,11,1,6,0,0,0,1,1,0,0,0,0,1,283.67,1,-1.0,1,0,0.0,0.0,0.0,0.0,1.0,0,0.0,0,0.0,0,0.0,0,0,0,1,1,0
TXN_00000897,2045.54,7.623905841307045,12,1,6,0,0,0,1,1,0,0,0,0,1,177.43,1,-1.0,1,0,0.0,0.0,0.0,0.0,1.0,0,0.0,0,0.0,0,0.0,0,0,0,1,1,0
TXN_00000700,669.01,6.5072926376467635,12,1,6,0,0,1,0,0,0,0,1,1,0,13.49,1,-1.0,1,0,0.0,0.0,0.0,0.0,1.0,0,0.0,0,0.0,0,0.0,0,0,0,1,1,1
TXN_00001071,1832.52,7.5139928955511515,12,1,6,0,0,1,0,0,0,0,1,1,0,309.75,1,-1.0,1,0,0.0,0.0,0.0,0.0,1.0,0,0.0,0,0.0,0,0.0,0,0,0,1,1,1
TXN_00000805,1697.85,7.437706830546604,12,1,6,0,0,0,1,0,0,0,1,0,1,197.78,1,-1.0,1,0,0.0,0.0,0.0,0.0,1.0,0,0.0,0,0.0,0,0.0,0,0,0,1,1,0
TXN_00001040,322.38,5.778828102311668,13,1,6,0,0,0,1,1,0,0,0,0,1,240.77,1,-1.0,1,0,0.0,0.0,0.0,0.0,1.0,0,0.0,0,0.0,0,0.0,0,0,0,1,1,0
TXN_00000593,222.31,5.408560940646796,13,1,6,0,0,0,1,0,0,0,1,0,1,18.99,1,-1.0,1,0,0.0,0.0,0.0,0.0,1.0,0,0.0,0,0.0,0,0.0,0,0,0,1,1,0
TXN_00001279,419.43,6.041277997065693,16,1,6,0,0,0,1,0,0,0,1,0,1,198.26,1,-1.0,1,0,0.0,0.0,0.0,0.0,1.0,0,0.0,0,0.0,0,0.0,0,0,0,1,1,0
TXN_00001504,8044.21,8.992832162255473,16,1,6,0,0,0,1,0,0,1,0,0,1,159.88,1,-1.0,1,0,0.0,0.0,0.0,0.0,1.0,0,0.0,0,0.0,0,0.0,0,0,0,1,1,0
TXN_00001010,105.61,4.669177315962384,16,1,6,0,0,0,1,1,0,0,0,0,1,191.7,1,-1.0,1,0,0.0,0.0,0.0,0.0,1.0,0,0.0,0,0.0,0,0.0,0,0,0,1,1,0
TXN_00001084,368.14,5.911175975879146,18,1,6,0,0,0,1,1,0,0,0,0,1,83.69,1,-1.0,1,0,0.0,0.0,0.0,0.0,1.0,0,0.0,0,0.0,0,0.0,0,0,0,1,1,0
TXN_00001849,564.5,6.3377102955561755,19,1,6,0,0,1,0,0,0,1,0,1,0,43.78,2,418872.0,0,1,2887.76,2887.76,2887.76,0.0,0.1955,0,0.0,0,0.0,1,2887.76,1,1,0,1,0,1
TXN_00000150,500.0,6.2166061010848646,19,1,6,0,0,0,1,1,0,0,0,0,1,50.38,1,-1.0,1,0,0.0,0.0,0.0,0.0,1.0,0,0.0,0,0.0,0,0.0,0,0,0,1,1,0
TXN_00000549,223.33,5.413118182025214,21,1,6,0,0,0,1,0,0,0,1,0,1,155.29,1,-1.0,1,0,0.0,0.0,0.0,0.0,1.0,0,0.0,0,0.0,0,0.0,0,0,0,1,1,0
TXN_00001298,607.89,6.411637627421695,22,1,6,0,0,0,1,0,0,1,0,0,1,59.89,2,231582.0,0,1,104.83,104.83,104.83,0.0,5.7988,0,0.0,0,0.0,1,104.83,1,1,0,0,0,0
TXN_00000153,500.0,6.2166061010848646,23,1,6,0,0,0,1,1,0,0,0,0,1,49.75,1,-1.0,1,0,0.0,0.0,0.0,0.0,1.0,0,0.0,0,0.0,0,0.0,0,0,0,1,1,0
TXN_00001736,839.94,6.734520313789344,23,1,6,0,0,0,1,0,0,1,0,0,1,105.59,1,-1.0,1,0,0.0,0.0,0.0,0.0,1.0,0,0.0,0,0.0,0,0.0,0,0,0,1,1,0
TXN_00000152,500.0,6.2166061010848646,1,2,7,0,1,0,1,1,0,0,0,0,1,49.96,1,-1.0,1,0,0.0,0.0,0.0,0.0,1.0,0,0.0,0,0.0,0,0.0,0,0,0,1,1,0
TXN_00000747,655.14,6.486374180808572,1,2,7,0,1,0,1,1,0,0,0,0,1,43.05,2,76459.0,0,1,2760.78,2760.78,2760.78,0.0,0.2373,0,0.0,1,2760.78,1,2760.78,1,1,1,0,0,0
TXN_00001902,335.32,5.818063087688587,2,2,7,0,1,0,1,0,0,0,1,0,1,171.0,1,-1.0,1,0,0.0,0.0,0.0,0.0,1.0,0,0.0,0,0.0,0,0.0,0,0,0,1,1,0
TXN_00001387,632.18,6.450754741911053,2,2,7,0,1,0,1,0,0,1,0,0,1,9.45,2,130715.0,0,1,811.8,811.8,811.8,0.0,0.7787,0,0.0,0,0.0,1,811.8,1,1,0,0,0,0
TXN_00000647,481.8,6.1796024892233765,3,2,7,0,1,1,0,0,0,1,0,1,0,18.04,1,-1.0,1,0,0.0,0.0,0.0,0.0,1.0,0,0.0,0,0.0,0,0.0,0,0,0,1,1,1
TXN_00001717,357.09,5.880784351453903,3,2,7,0,1,0,1,0,0,1,0,0,1,92.79,2,161816.0,0,1,655.84,655.84,655.84,0.0,0.5445,0,0.0,0,0.0,1,655.84,1,1,0,0,0,0
TXN_00000824,171.0,5.147494476813453,4,2,7,0,1,0,1,1,0,0,0,0,1,204.44,1,-1.0,1,0,0.0,0.0,0.0,0.0,1.0,0,0.0,0,0.0,0,0.0,0,0,0,1,1,0
TXN_00001300,314.24,5.753334253485449,4,2,7,0,1,1,0,0,0,0,1,1,0,15.12,1,-1.0,1,0,0.0,0.0,0.0,0.0,1.0,0,0.0,0,0.0,0,0.0,0,0,0,1,1,1
TXN_00000610,84.2,4.44500143383527,4,2,7,0,1,0,1,0,0,1,0,0,1,277.58,1,-1.0,1,0,0.0,0.0,0.0,0.0,1.0,0,0.0,0,0.0,0,0.0,0,0,0,1,1,0
TXN_00001009,331.4,5.806339062981293,5,2,7,0,1,0,1,1,0,0,0,0,1,148.68,3,244839.0,0,2,5596.01,2798.01,4846.1,2896.44,0.1184,0,0.0,0,0.0,2,5596.01,2,2,0,0,0,0
TXN_00001745,2866.79,7.961296977281345,5,2,7,0,1,1,0,1,0,0,0,1,0,24.72,1,-1.0,1,0,0.0,0.0,0.0,0.0,1.0,0,0.0,0,0.0,0,0.0,0,0,0,1,1,1
TXN_00000154,500.0,6.2166061010848646,5,2,7,0,1,0,1,1,0,0,0,0,1,71.78,1,-1.0,1,0,0.0,0.0,0.0,0.0,1.0,0,0.0,0,0.0,0,0.0,0,0,0,1,1,0
TXN_00001452,1121.12,7.0229750322353555,5,2,7,0,1,0,1,0,0,0,1,0,1,27.89,3,99800.0,0,2,1061.32,530.66,805.36,388.48,2.1127,0,0.0,0,0.0,2,1061.32,1,1,1,0,0,0
TXN_00000976,1452.64,7.281826034589978,5,2,7,0,1,0,1,1,0,0,0,0,1,53.63,1,-1.0,1,0,0.0,0.0,0.0,0.0,1.0,0,0.0,0,0.0,0,0.0,0,0,0,1,1,0
TXN_00001294,181.61,5.207352731173943,6,2,7,0,0,0,1,0,0,0,1,0,1,114.69,1,-1.0,1,0,0.0,0.0,0.0,0.0,1.0,0,0.0,0,0.0,0,0.0,0,0,0,1,1,0
TXN_00000151,500.0,6.2166061010848646,6,2,7,0,0,0,1,1,0,0,0,0,1,266.81,1,-1.0,1,0,0.0,0.0,0.0,0.0,1.0,0,0.0,0,0.0,0,0.0,0,0,0,1,1,0
TXN_00000836,2298.29,7.740355658608756,7,2,7,0,0,1,0,1,0,0,0,1,0,212.04,1,-1.0,1,0,0.0,0.0,0.0,0.0,1.0,0,0.0,0,0.0,0,0.0,0,0,0,1,1,1
TXN_00001953,476.73,6.169045719345101,8,2,7,0,0,0,1,0,0,0,1,0,1,167.32,2,371415.0,0,1,4082.26,4082.26,4082.26,0.0,0.1168,0,0.0,0,0.0,1,4082.26,1,1,0,0,0,0
TXN_00000880,1350.65,7.209081347349156,8,2,7,0,0,1,0,0,0,0,1,1,0,121.76,1,-1.0,1,0,0.0,0.0,0.0,0.0,1.0,0,0.0,0,0.0,0,0.0,0,0,0,1,1,1
TXN_00000578,2233.93,7.711965186646676,9,2,7,0,0,1,0,1,0,0,0,1,0,28.39,1,-1.0,1,0,0.0,0.0,0.0,0.0,1.0,0,0.0,0,0.0,0,0.0,0,0,0,1,1,1
TXN_00000085,49500.0,10.809748150372926,9,2,7,0,0,1,0,0,1,0,0,1,0,263.43,1,-1.0,1,0,0.0,0.0,0.0,0.0,1.0,0,0.0,0,0.0,0,0.0,0,0,0,1,1,1
TXN_00001491,263.77,5.578861524593351,11,2,7,0,0,0,1,0,0,0,1,0,1,36.0,1,-1.0,1,0,0.0,0.0,0.0,0.0,1.0,0,0.0,0,0.0,0,0.0,0,0,0,1,1,0
TXN_00001885,377.61,5.936506651527301,11,2,7,0,0,1,0,0,0,1,0,1,0,53.45,1,-1.0,1,0,0.0,0.0,0.0,0.0,1.0,0,0.0,0,0.0,0,0.0,0,0,0,1,1,1
TXN_00000330,828.57,6.720907494255671,12,2,7,0,0,0,1,1,0,0,0,0,1,12.98,1,-1.0,1,0,0.0,0.0,0.0,0.0,1.0,0,0.0,0,0.0,0,0.0,0,0,0,1,1,0
TXN_00001460,1554.9,7.349809435320917,12,2,7,0,0,0,1,1,0,0,0,0,1,177.11,3,394862.0,0,2,1824.15,912.08,1484.29,809.23,1.7048,0,0.0,0,0.0,2,1824.15,1,2,1,0,0,0
TXN_00000416,1378.08,7.229171889163546,12,2,7,0,0,0,1,0,0,0,1,0,1,243.8,1,-1.0,1,0,0.0,0.0,0.0,0.0,1.0,0,0.0,0,0.0,0,0.0,0,0,0,1,1,0
TXN_00000950,2762.01,7.9240759441713005,13,2,7,0,0,0,1,0,0,0,1,0,1,211.39,2,414035.0,0,1,3837.51,3837.51,3837.51,0.0,0.7197,0,0.0,0,0.0,1,3837.51,1,1,0,0,1,0
TXN_00000623,238.46,5.478386388288698,13,2,7,0,0,0,1,1,0,0,0,0,1,78.22,2,193045.0,0,1,239.33,239.33,239.33,0.0,0.9964,0,0.0,0,0.0,1,239.33,1,1,0,0,0,0
TXN_00001986,885.19,6.786931374567216,14,2,7,0,0,1,0,1,0,0,0,1,0,35.08,1,-1.0,1,0,0.0,0.0,0.0,0.0,1.0,0,0.0,0,0.0,0,0.0,0,0,0,1,1,1
TXN_00001274,2358.05,7.766014274604844,14,2,7,0,0,1,0,1,0,0,0,1,0,64.76,2,530295.0,0,1,1400.75,1400.75,1400.75,0.0,1.6834,0,0.0,0,0.0,1,1400.75,1,1,0,1,1,1
TXN_00001785,340.39,5.833025518777275,15,2,7,0,0,0,1,0,0,1,0,0,1,184.27,2,136795.0,0,1,2768.47,2768.47,2768.47,0.0,0.123,0,0.0,0,0.0,1,2768.47,1,1,0,1,0,0
TXN_00001789,212.59,5.364058289510713,15,2,7,0,0,0,1,0,0,1,0,0,1,56.52,2,493643.0,0,1,1150.04,1150.04,1150.04,0.0,0.1849,0,0.0,0,0.0,1,1150.04,1,1,1,0,0,0
TXN_00001993,5246.05,8.56542129289612,16,2,7,0,0,0,1,1,0,0,0,0,1,106.43,1,-1.0,1,0,0.0,0.0,0.0,0.0,1.0,0,0.0,0,0.0,0,0.0,0,0,0,1,1,0
TXN_00000086,24800.0,10.118639253920785,17,2,7,0,0,1,0,0,1,0,0,1,0,263.76,2,28800.0,0,1,49500.0,49500.0,49500.0,0.0,0.501,0,0.0,1,49500.0,1,49500.0,1,1,1,0,0,0
TXN_00000788,289.73,5.672395001414569,18,2,7,0,0,0,1,0,0,1,0,0,1,97.5,1,-1.0,1,0,0.0,0.0,0.0,0.0,1.0,0,0.0,0,0.0,0,0.0,0,0,0,1,1,0
TXN_00001406,667.53,6.505081272124453,19,2,7,0,0,1,0,1,0,0,0,1,0,49.0,1,-1.0,1,0,0.0,0.0,0.0,0.0,1.0,0,0.0,0,0.0,0,0.0,0,0,0,1,1,1
TXN_00000744,1265.69,7.144162477929333,19,2,7,0,0,1,0,0,0,0,1,1,0,322.25,1,-1.0,1,0,0.0,0.0,0.0,0.0,1.0,0,0.0,0,0.0,0,0.0,0,0,0,1,1,1
TXN_00001205,53.35,3.9954446135672184,19,2,7,0,0,0,1,0,0,0,1,0,1,17.38,1,-1.0,1,0,0.0,0.0,0.0,0.0,1.0,0,0.0,0,0.0,0,0.0,0,0,0,1,1,0
TXN_00000099,24500.0,10.106469212026385,20,2,7,0,0,1,0,0,1,0,0,1,0,27.96,1,-1.0,1,0,0.0,0.0,0.0,0.0,1.0,0,0.0,0,0.0,0,0.0,0,0,0,1,1,1
TXN_00000100,49500.0,10.809748150372926,20,2,7,0,0,1,0,0,1,0,0,1,0,27.96,2,0.0,0,1,24500.0,24500.0,24500.0,0.0,2.0204,1,24500.0,1,24500.0,1,24500.0,1,1,1,0,0,0
TXN_00000098,24800.0,10.118639253920785,21,2,7,0,0,1,0,0,1,0,0,1,0,28.0,3,3600.0,0,2,74000.0,37000.0,49500.0,17677.67,0.6703,2,74000.0,2,74000.0,2,74000.0,1,1,1,0,0,0
TXN_00000812,724.73,6.587178044826087,21,2,7,0,0,1,0,0,0,0,1,1,0,13.37,2,34302.0,0,1,828.57,828.57,828.57,0.0,0.8747,0,0.0,1,828.57,1,828.57,1,1,0,1,0,1
TXN_00001500,1419.5,7.258764201294243,22,2,7,0,0,0,1,0,0,0,1,0,1,132.55,1,-1.0,1,0,0.0,0.0,0.0,0.0,1.0,0,0.0,0,0.0,0,0.0,0,0,0,1,1,0
TXN_00000101,49000.0,10.799595985047786,2,3,8,0,1,1,0,0,1,0,0,1,0,28.21,4,18000.0,0,3,98800.0,32933.33,49500.0,14347.94,1.4879,0,0.0,3,98800.0,3,98800.0,1,1,1,0,0,0
TXN_00001786,100.82,4.62320654847419,2,3,8,0,1,0,1,1,0,0,0,0,1,29.36,1,-1.0,1,0,0.0,0.0,0.0,0.0,1.0,0,0.0,0,0.0,0,0.0,0,0,0,1,1,0
TXN_00000366,1232.76,7.1178216960846505,4,3,8,0,1,0,1,1,0,0,0,0,1,30.59,2,501011.0,0,1,169.5,169.5,169.5,0.0,7.2729,0,0.0,0,0.0,1,169.5,1,1,0,0,0,0
TXN_00000963,109.7,4.706823839714591,4,3,8,0,1,0,1,0,0,1,0,0,1,21.08,1,-1.0,1,0,0.0,0.0,0.0,0.0,1.0,0,0.0,0,0.0,0,0.0,0,0,0,1,1,0
TXN_00000539,972.72,6.8811237879812195,6,3,8,0,0,1,0,1,0,0,0,1,0,12.14,2,396829.0,0,1,393.29,393.29,393.29,0.0,2.4733,0,0.0,0,0.0,1,393.29,1,1,0,0,0,1
TXN_00001850,2901.9,7.973465516307649,6,3,8,0,0,1,0,1,0,0,0,1,0,183.3,2,314123.0,0,1,181.55,181.55,181.55,0.0,15.984,0,0.0,0,0.0,1,181.55,1,1,1,1,0,1
TXN_00000513,776.18,6.65567198377022,8,3,8,0,0,0,1,1,0,0,0,0,1,11.35,1,-1.0,1,0,0.0,0.0,0.0,0.0,1.0,0,0.0,0,0.0,0,0.0,0,0,0,1,1,0
TXN_00001315,1153.13,7.051102092369772,8,3,8,0,0,1,0,0,0,0,1,1,0,73.95,1,-1.0,1,0,0.0,0.0,0.0,0.0,1.0,0,0.0,0,0.0,0,0.0,0,0,0,1,1,1
TXN_00000767,1871.64,7.53510447895165,8,3,8,0,0,0,1,0,0,1,0,0,1,25.87,2,98891.0,0,1,2866.79,2866.79,2866.79,0.0,0.6529,0,0.0,0,0.0,1,2866.79,1,1,1,0,1,0
TXN_00000826,1248.12,7.13019458237198,10,3,8,0,0,1,0,0,0,0,1,1,0,40.92,2,453439.0,0,1,572.12,572.12,572.12,0.0,2.1816,0,0.0,0,0.0,1,572.12,1,1,0,0,0,1
TXN_00001655,546.24,6.304887463051913,10,3,8,0,0,1,0,1,0,0,0,1,0,61.43,1,-1.0,1,0,0.0,0.0,0.0,0.0,1.0,0,0.0,0,0.0,0,0.0,0,0,0,1,1,1
TXN_00001763,1928.11,7.564814035644858,13,3,8,0,0,0,1,1,0,0,0,0,1,60.72,2,320379.0,0,1,338.62,338.62,338.62,0.0,5.694,0,0.0,0,0.0,1,338.62,1,1,0,1,1,0
TXN_00001262,754.23,6.627022338618562,14,3,8,0,0,0,1,0,0,0,1,0,1,94.24,3,125255.0,0,2,1012.93,506.47,655.84,211.25,1.4892,0,0.0,0,0.0,2,1012.93,1,1,0,1,0,0
TXN_00000781,149.01,5.010701958540799,14,3,8,0,0,0,1,1,0,0,0,0,1,30.4,1,-1.0,1,0,0.0,0.0,0.0,0.0,1.0,0,0.0,0,0.0,0,0.0,0,0,0,1,1,0
TXN_00001897,910.69,6.815300020010356,16,3,8,0,0,0,1,1,0,0,0,0,1,84.24,1,-1.0,1,0,0.0,0.0,0.0,0.0,1.0,0,0.0,0,0.0,0,0.0,0,0,0,1,1,0
TXN_00001056,808.68,6.696639107880646,16,3,8,0,0,1,0,0,0,1,0,1,0,128.94,2,319962.0,0,1,1582.46,1582.46,1582.46,0.0,0.511,0,0.0,0,0.0,1,1582.46,1,1,0,0,1,1
TXN_00001757,525.54,6.266327302097504,17,3,8,0,0,1,0,1,0,0,0,1,0,78.91,1,-1.0,1,0,0.0,0.0,0.0,0.0,1.0,0,0.0,0,0.0,0,0.0,0,0,0,1,1,1
TXN_00000978,1347.07,7.206429218907383,18,3,8,0,0,1,0,0,0,0,1,1,0,145.16,1,-1.0,1,0,0.0,0.0,0.0,0.0,1.0,0,0.0,0,0.0,0,0.0,0,0,0,1,1,1
TXN_00000308,3500.0,8.160803920954665,21,3,8,0,0,1,0,0,0,1,0,1,0,73.85,1,-1.0,1,0,0.0,0.0,0.0,0.0,1.0,0,0.0,0,0.0,0,0.0,0,0,0,1,1,1
TXN_00000454,952.2,6.8598247452245875,21,3,8,0,0,0,1,1,0,0,0,0,1,249.03,1,-1.0,1,0,0.0,0.0,0.0,0.0,1.0,0,0.0,0,0.0,0,0.0,0,0,0,1,1,0
TXN_00000622,488.08,6.192526075275989,21,3,8,0,0,0,1,1,0,0,0,0,1,31.93,1,-1.0,1,0,0.0,0.0,0.0,0.0,1.0,0,0.0,0,0.0,0,0.0,0,0,0,1,1,0
TXN_00001416,290.85,5.6762399716498,22,3,8,0,0,0,1,0,0,0,1,0,1,11.27,3,156933.0,0,2,1443.98,721.99,811.8,127.01,0.4028,0,0.0,0,0.0,2,1443.98,1,1,0,0,1,0
TXN_00000492,2119.18,7.659256269722154,23,3,8,0,0,0,1,1,0,0,0,0,1,200.21,2,209992.0,0,1,1697.85,1697.85,1697.85,0.0,1.2482,0,0.0,0,0.0,1,1697.85,1,1,0,0,1,0
TXN_00001635,2554.66,7.846065786305147,23,3,8,0,0,0,1,0,0,0,1,0,1,70.23,2,674354.0,0,1,659.13,659.13,659.13,0.0,3.8758,0,0.0,0,0.0,0,0.0,1,1,0,1,0,0
TXN_00001426,3978.42,8.288891359015818,23,3,8,0,0,0,1,1,0,0,0,0,1,88.75,1,-1.0,1,0,0.0,0.0,0.0,0.0,1.0,0,0.0,0,0.0,0,0.0,0,0,0,1,1,0
TXN_00000533,1174.25,7.06923616990424,0,4,9,0,1,0,1,1,0,0,0,0,1,146.08,1,-1.0,1,0,0.0,0.0,0.0,0.0,1.0,0,0.0,0,0.0,0,0.0,0,0,0,1,1,0
TXN_00001776,100.74,4.622420539394619,2,4,9,0,1,1,0,1,0,0,0,1,0,66.86,1,-1.0,1,0,0.0,0.0,0.0,0.0,1.0,0,0.0,0,0.0,0,0.0,0,0,0,1,1,1
TXN_00000307,150.0,5.017279836814924,2,4,9,0,1,1,0,0,0,1,0,1,0,74.07,2,19316.0,0,1,3500.0,3500.0,3500.0,0.0,0.0429,0,0.0,1,3500.0,1,3500.0,1,1,1,0,0,0
TXN_00000340,981.89,6.890497211545856,2,4,9,0,1,0,1,1,0,0,0,0,1,24.96,1,-1.0,1,0,0.0,0.0,0.0,0.0,1.0,0,0.0,0,0.0,0,0.0,0,0,0,1,1,0
TXN_00001944,365.16,5.903070396345386,2,4,9,0,1,0,1,1,0,0,0,0,1,222.24,2,544480.0,0,1,1058.8,1058.8,1058.8,0.0,0.3449,0,0.0,0,0.0,1,1058.8,1,1,0,0,0,0
TXN_00001257,1515.75,7.324325166822407,3,4,9,0,1,0,1,1,0,0,0,0,1,52.25,1,-1.0,1,0,0.0,0.0,0.0,0.0,1.0,0,0.0,0,0.0,0,0.0,0,0,0,1,1,0
TXN_00000727,2035.79,7.6191303181288745,3,4,9,0,1,0,1,1,0,0,0,0,1,289.99,2,336081.0,0,1,1534.36,1534.36,1534.36,0.0,1.3268,0,0.0,0,0.0,1,1534.36,1,1,0,0,0,0
TXN_00000945,680.76,6.524677689751602,3,4,9,0,1,0,1,0,0,0,1,0,1,41.87,1,-1.0,1,0,0.0,0.0,0.0,0.0,1.0,0,0.0,0,0.0,0,0.0,0,0,0,1,1,0
TXN_00001289,1739.29,7.4618070449878955,7,4,9,0,0,0,1,0,0,1,0,0,1,133.96,2,121368.0,0,1,1419.5,1419.5,1419.5,0.0,1.2253,0,0.0,0,0.0,1,1419.5,1,1,0,0,1,0
TXN_00000606,2479.75,7.816316212794351,7,4,9,0,0,0,1,1,0,0,0,0,1,150.79,4,182122.0,0,3,5927.41,1975.8,4846.1,2494.54,1.2551,0,0.0,0,0.0,3,5927.41,2,2,0,0,0,0
TXN_00001499,675.75,6.517301928494411,8,4,9,0,0,1,0,1,0,0,0,1,0,69.55,1,-1.0,1,0,0.0,0.0,0.0,0.0,1.0,0,0.0,0,0.0,0,0.0,0,0,0,1,1,1
TXN_00000588,419.42,6.0412542116104975,8,4,9,0,0,1,0,1,0,0,0,1,0,10.67,1,-1.0,1,0,0.0,0.0,0.0,0.0,1.0,0,0.0,0,0.0,0,0.0,0,0,0,1,1,1
TXN_00001751,345.02,5.846496576855376,9,4,9,0,0,0,1,0,0,1,0,0,1,32.55,1,-1.0,1,0,0.0,0.0,0.0,0.0,1.0,0,0.0,0,0.0,0,0.0,0,0,0,1,1,0
TXN_00000896,3758.5,8.232041248818081,9,4,9,0,0,0,1,0,0,1,0,0,1,182.16,2,321123.0,0,1,545.67,545.67,545.67,0.0,6.8879,0,0.0,0,0.0,1,545.67,1,1,1,1,1,0
TXN_00001699,265.07,5.58375943205647,10,4,9,0,0,1,0,1,0,0,0,1,0,141.14,2,256309.0,0,1,800.2,800.2,800.2,0.0,0.3313,0,0.0,0,0.0,1,800.2,1,1,0,0,0,1
TXN_00001381,471.98,6.159053104299872,11,4,9,0,0,0,1,1,0,0,0,0,1,162.68,2,242115.0,0,1,8044.21,8044.21,8044.21,0.0,0.0587,0,0.0,0,0.0,1,8044.21,1,1,0,0,0,0
TXN_00001586,3558.0,8.177234885510194,11,4,9,0,0,0,1,1,0,0,0,0,1,87.32,1,-1.0,1,0,0.0,0.0,0.0,0.0,1.0,0,0.0,0,0.0,0,0.0,0,0,0,1,1,0
TXN_00001189,1185.71,7.078940051365175,12,4,9,0,0,0,1,1,0,0,0,0,1,20.48,2,498822.0,0,1,1120.66,1120.66,1120.66,0.0,1.058,0,0.0,0,0.0,1,1120.66,1,1,0,0,0,0
TXN_00001974,1616.92,7.388896652638328,12,4,9,0,0,0,1,0,0,0,1,0,1,165.92,1,-1.0,1,0,0.0,0.0,0.0,0.0,1.0,0,0.0,0,0.0,0,0.0,0,0,0,1,1,0
TXN_00000763,1161.25,7.058113060570694,13,4,9,0,0,0,1,0,0,1,0,0,1,11.63,1,-1.0,1,0,0.0,0.0,0.0,0.0,1.0,0,0.0,0,0.0,0,0.0,0,0,0,1,1,0
TXN_00001301,771.31,6.649386023827528,14,4,9,0,0,1,0,0,0,1,0,1,0,127.37,1,-1.0,1,0,0.0,0.0,0.0,0.0,1.0,0,0.0,0,0.0,0,0.0,0,0,0,1,1,1
TXN_00001797,329.75,5.801362802995065,15,4,9,0,0,1,0,0,0,0,1,1,0,166.87,1,-1.0,1,0,0.0,0.0,0.0,0.0,1.0,0,0.0,0,0.0,0,0.0,0,0,0,1,1,1
TXN_00000616,71.75,4.287028906051602,15,4,9,0,0,1,0,0,0,1,0,1,0,70.9,3,57786.0,0,2,3213.79,1606.89,2554.66,1340.34,0.0447,0,0.0,1,2554.66,1,2554.66,2,1,0,1,1,1
TXN_00000461,1016.83,6.92542818905931,17,4,9,0,0,0,1,1,0,0,0,0,1,75.75,2,694433.0,0,1,4778.94,4778.94,4778.94,0.0,0.2128,0,0.0,0,0.0,0,0.0,1,1,0,0,1,0
TXN_00001535,87.41,4.481985085417713,18,4,9,0,0,1,0,0,0,0,1,1,0,230.5,1,-1.0,1,0,0.0,0.0,0.0,0.0,1.0,0,0.0,0,0.0,0,0.0,0,0,0,1,1,1
TXN_00000433,117.64,4.776093697829677,18,4,9,0,0,0,1,1,0,0,0,0,1,29.24,1,-1.0,1,0,0.0,0.0,0.0,0.0,1.0,0,0.0,0,0.0,0,0.0,0,0,0,1,1,0
TXN_00001966,3533.78,8.170406341599099,19,4,9,0,0,1,0,1,0,0,0,1,0,111.39,1,-1.0,1,0,0.0,0.0,0.0,0.0,1.0,0,0.0,0,0.0,0,0.0,0,0,0,1,1,1
TXN_00000962,3539.18,8.171932852292759,20,4,9,0,0,0,1,1,0,0,0,0,1,308.91,1,-1.0,1,0,0.0,0.0,0.0,0.0,1.0,0,0.0,0,0.0,0,0.0,0,0,0,1,1,0
TXN_00001945,429.58,6.0651331370331825,21,4,9,0,0,0,1,1,0,0,0,0,1,34.12,1,-1.0,1,0,0.0,0.0,0.0,0.0,1.0,0,0.0,0,0.0,0,0.0,0,0,0,1,1,0
TXN_00001677,621.05,6.4330204753605,22,4,9,0,0,1,0,0,0,0,1,1,0,80.13,2,105111.0,0,1,525.54,525.54,525.54,0.0,1.1817,0,0.0,0,0.0,1,525.54,1,1,1,0,0,1
TXN_00000305,2400.0,7.783640596221253,22,4,9,0,0,1,0,0,0,1,0,1,0,280.56,2,535621.0,0,1,1250.0,1250.0,1250.0,0.0,1.92,0,0.0,0,0.0,1,1250.0,1,1,1,0,0,0
TXN_00000495,903.11,6.806951034405523,22,4,9,0,0,0,1,1,0,0,0,0,1,46.67,3,549870.0,0,2,1524.24,762.12,1072.55,439.01,1.185,0,0.0,0,0.0,2,1524.24,2,2,1,0,0,0
TXN_00001618,1755.3,7.4709646024276894,0,5,10,1,1,0,1,1,0,0,0,0,1,35.69,1,-1.0,1,0,0.0,0.0,0.0,0.0,1.0,0,0.0,0,0.0,0,0.0,0,0,0,1,1,0
TXN_00000569,176.68,5.179984179586172,0,5,10,1,1,1,0,1,0,0,0,1,0,76.03,3,24478.0,0,2,5795.77,2897.88,4778.94,2660.21,0.061,0,0.0,1,1016.83,1,1016.83,1,2,0,1,0,1
TXN_00000974,288.75,5.669018482219861,0,5,10,1,1,0,1,0,0,1,0,0,1,80.67,3,211261.0,0,2,477.79,238.9,239.33,0.62,1.2087,0,0.0,0,0.0,2,477.79,1,1,0,0,0,0
TXN_00000274,150.0,5.017279836814924,3,5,10,1,1,0,1,1,0,0,0,0,1,54.02,1,-1.0,1,0,0.0,0.0,0.0,0.0,1.0,0,0.0,0,0.0,0,0.0,0,0,0,1,1,0
TXN_00000497,835.36,6.729059142403222,4,5,10,1,1,0,1,0,0,0,1,0,1,41.2,2,695973.0,0,1,1379.9,1379.9,1379.9,0.0,0.6054,0,0.0,0,0.0,0,0.0,1,1,0,0,1,0
TXN_00001198,1477.83,7.299006513575665,5,5,10,1,1,0,1,1,0,0,0,0,1,155.29,1,-1.0,1,0,0.0,0.0,0.0,0.0,1.0,0,0.0,0,0.0,0,0.0,0,0,0,1,1,0
TXN_00000621,761.2,6.63620898843976,6,5,10,1,0,0,1,1,0,0,0,0,1,63.09,1,-1.0,1,0,0.0,0.0,0.0,0.0,1.0,0,0.0,0,0.0,0,0.0,0,0,0,1,1,0
TXN_00000758,1587.14,7.370318799130178,6,5,10,1,0,1,0,1,0,0,0,1,0,112.35,1,-1.0,1,0,0.0,0.0,0.0,0.0,1.0,0,0.0,0,0.0,0,0.0,0,0,0,1,1,1
TXN_00000682,3196.19,8.070027578010203,8,5,10,1,0,1,0,0,0,1,0,1,0,20.98,1,-1.0,1,0,0.0,0.0,0.0,0.0,1.0,0,0.0,0,0.0,0,0.0,0,0,0,1,1,1
TXN_00000417,1505.46,7.317517806608165,9,5,10,1,0,0,1,0,0,0,1,0,1,14.24,1,-1.0,1,0,0.0,0.0,0.0,0.0,1.0,0,0.0,0,0.0,0,0.0,0,0,0,1,1,0
TXN_00000271,150.0,5.017279836814924,9,5,10,1,0,0,1,1,0,0,0,0,1,188.5,1,-1.0,1,0,0.0,0.0,0.0,0.0,1.0,0,0.0,0,0.0,0,0.0,0,0,0,1,1,0
TXN_00001889,717.22,6.57677592880052,10,5,10,1,0,1,0,0,0,0,1,1,0,195.47,2,325788.0,0,1,105.61,105.61,105.61,0.0,6.7912,0,0.0,0,0.0,1,105.61,1,1,0,0,0,1
TXN_00000563,1178.25,7.072633922164371,14,5,10,1,0,0,1,1,0,0,0,0,1,109.19,2,311002.0,0,1,839.94,839.94,839.94,0.0,1.4028,0,0.0,0,0.0,1,839.94,1,1,0,1,0,0
TXN_00001316,8411.66,9.03749299308861,14,5,10,1,0,1,0,1,0,0,0,1,0,22.64,2,644275.0,0,1,149.3,149.3,149.3,0.0,56.3407,0,0.0,0,0.0,0,0.0,1,1,1,1,0,1
TXN_00001539,828.16,6.720413140131311,15,5,10,1,0,1,0,0,0,0,1,1,0,174.76,1,-1.0,1,0,0.0,0.0,0.0,0.0,1.0,0,0.0,0,0.0,0,0.0,0,0,0,1,1,1
TXN_00000350,305.67,5.72577225088112,15,5,10,1,0,0,1,0,0,1,0,0,1,116.35,1,-1.0,1,0,0.0,0.0,0.0,0.0,1.0,0,0.0,0,0.0,0,0.0,0,0,0,1,1,0
TXN_00000389,1123.21,7.024835845742787,18,5,10,1,0,0,1,1,0,0,0,0,1,247.03,2,278915.0,0,1,1378.08,1378.08,1378.08,0.0,0.8151,0,0.0,0,0.0,1,1378.08,1,1,0,0,0,0
TXN_00000938,1999.22,7.601012453492526,18,5,10,1,0,0,1,0,0,0,1,0,1,32.01,2,229446.0,0,1,100.82,100.82,100.82,0.0,19.8296,0,0.0,0,0.0,1,100.82,1,1,0,0,0,0
TXN_00001924,631.12,6.449079249540903,18,5,10,1,0,0,1,0,0,1,0,0,1,18.71,2,310387.0,0,1,314.24,314.24,314.24,0.0,2.0084,0,0.0,0,0.0,1,314.24,1,1,1,0,0,0
TXN_00000247,899.0,6.802394763324311,19,5,10,1,0,0,1,0,0,1,0,0,1,103.97,2,757255.0,0,1,150.0,150.0,150.0,0.0,5.9933,0,0.0,0,0.0,0,0.0,1,1,0,0,0,0
TXN_00000866,260.49,5.5663960418559935,19,5,10,1,0,1,0,0,0,1,0,1,0,49.55,2,612631.0,0,1,252.61,252.61,252.61,0.0,1.0312,0,0.0,0,0.0,0,0.0,1,1,1,0,0,1
TXN_00000365,2149.51,7.673460302294356,20,5,10,1,0,0,1,1,0,0,0,0,1,12.59,1,-1.0,1,0,0.0,0.0,0.0,0.0,1.0,0,0.0,0,0.0,0,0.0,0,0,0,1,1,0
TXN_00001631,423.88,6.051806776114144,20,5,10,1,0,1,0,1,0,0,0,1,0,21.38,1,-1.0,1,0,0.0,0.0,0.0,0.0,1.0,0,0.0,0,0.0,0,0.0,0,0,0,1,1,1
TXN_00001546,1456.55,7.284512222953557,21,5,10,1,0,0,1,1,0,0,0,0,1,138.59,2,407080.0,0,1,1187.77,1187.77,1187.77,0.0,1.2263,0,0.0,0,0.0,1,1187.77,1,1,1,0,0,0
TXN_00000641,836.64,6.7305884139079515,21,5,10,1,0,0,1,1,0,0,0,0,1,22.5,2,840050.0,0,1,120.31,120.31,120.31,0.0,6.954,0,0.0,0,0.0,0,0.0,1,1,0,0,0,0
TXN_00000766,1182.65,7.076358163635153,22,5,10,1,0,0,1,0,0,0,1,0,1,65.37,1,-1.0,1,0,0.0,0.0,0.0,0.0,1.0,0,0.0,0,0.0,0,0.0,0,0,0,1,1,0
TXN_00001425,107.52,4.686934487790731,22,5,10,1,0,0,1,1,0,0,0,0,1,43.34,3,437987.0,0,2,5366.97,2683.49,4833.12,3040.04,0.0401,0,0.0,0,0.0,1,533.85,2,2,0,0,1,0
TXN_00000764,180.16,5.199380618688013,1,6,11,1,1,0,1,1,0,0,0,0,1,26.81,1,-1.0,1,0,0.0,0.0,0.0,0.0,1.0,0,0.0,0,0.0,0,0.0,0,0,0,1,1,0
TXN_00000265,5000.0,8.517393171418904,1,6,11,1,1,1,0,1,0,0,0,1,0,27.88,1,-1.0,1,0,0.0,0.0,0.0,0.0,1.0,0,0.0,0,0.0,0,0.0,0,0,0,1,1,1
TXN_00001420,1599.04,7.3777839079153775,2,6,11,1,1,0,1,0,0,0,1,0,1,57.25,2,666042.0,0,1,1017.62,1017.62,1017.62,0.0,1.5714,0,0.0,0,0.0,0,0.0,1,1,1,0,0,0
TXN_00001603,1393.53,7.240312719923269,3,6,11,1,1,1,0,1,0,0,0,1,0,25.77,1,-1.0,1,0,0.0,0.0,0.0,0.0,1.0,0,0.0,0,0.0,0,0.0,0,0,0,1,1,1
TXN_00000404,432.86,6.072721901414916,4,6,11,1,1,0,1,1,0,0,0,0,1,43.09,2,751723.0,0,1,553.55,553.55,553.55,0.0,0.782,0,0.0,0,0.0,0,0.0,1,1,0,0,0,0
TXN_00000556,2138.33,7.668247974882685,4,6,11,1,1,0,1,0,0,1,0,0,1,20.49,2,709677.0,0,1,496.76,496.76,496.76,0.0,4.3046,0,0.0,0,0.0,0,0.0,1,1,0,0,1,0
TXN_00001541,275.87,5.623548081945595,5,6,11,1,1,0,1,0,0,0,1,0,1,30.94,2,889530.0,0,1,1208.76,1208.76,1208.76,0.0,0.2282,0,0.0,0,0.0,0,0.0,1,1,0,0,1,0
TXN_00000342,224.72,5.419295293100939,6,6,11,1,0,1,0,1,0,0,0,1,0,22.23,3,150518.0,0,2,2306.37,1153.18,1185.71,46.0,0.1949,0,0.0,0,0.0,1,1185.71,1,1,0,1,0,1
TXN_00000526,320.56,5.77318415145976,7,6,11,1,0,0,1,0,0,1,0,0,1,69.88,1,-1.0,1,0,0.0,0.0,0.0,0.0,1.0,0,0.0,0,0.0,0,0.0,0,0,0,1,1,0
TXN_00001791,2306.28,7.743824620553299,7,6,11,1,0,0,1,1,0,0,0,0,1,145.1,1,-1.0,1,0,0.0,0.0,0.0,0.0,1.0,0,0.0,0,0.0,0,0.0,0,0,0,1,1,0
TXN_00001431,88.33,4.492337377713747,10,6,11,1,0,1,0,0,0,0,1,1,0,113.48,2,97712.0,0,1,1587.14,1587.14,1587.14,0.0,0.0557,0,0.0,0,0.0,1,1587.14,1,1,1,0,0,1
TXN_00001324,1508.61,7.31960661830373,10,6,11,1,0,0,1,0,0,0,1,0,1,88.34,2,402000.0,0,1,368.14,368.14,368.14,0.0,4.0979,0,0.0,0,0.0,1,368.14,1,1,0,1,0,0
TXN_00001245,241.97,5.4929379789290085,12,6,11,1,0,0,1,1,0,0,0,0,1,37.4,1,-1.0,1,0,0.0,0.0,0.0,0.0,1.0,0,0.0,0,0.0,0,0.0,0,0,0,1,1,0
TXN_00001157,616.69,6.425986713482255,12,6,11,1,0,0,1,0,0,0,1,0,1,37.21,2,130689.0,0,1,1755.3,1755.3,1755.3,0.0,0.3513,0,0.0,0,0.0,1,1755.3,1,1,0,0,0,0
TXN_00001971,3657.71,8.20486590525074,12,6,11,1,0,0,1,1,0,0,0,0,1,52.6,3,490007.0,0,2,4595.12,2297.56,3718.28,2009.2,1.592,0,0.0,0,0.0,1,876.84,1,1,1,0,1,0
TXN_00001296,1003.22,6.911966399753601,13,6,11,1,0,0,1,0,0,1,0,0,1,148.63,2,220126.0,0,1,1174.25,1174.25,1174.25,0.0,0.8543,0,0.0,0,0.0,1,1174.25,1,1,0,0,0,0
TXN_00001118,122.9,4.819474788635096,14,6,11,1,0,1,0,1,0,0,0,1,0,232.32,2,157447.0,0,1,87.41,87.41,87.41,0.0,1.406,0,0.0,0,0.0,1,87.41,1,1,1,0,0,1
TXN_00001202,2102.82,7.651510018867079,14,6,11,1,0,0,1,1,0,0,0,0,1,181.07,1,-1.0,1,0,0.0,0.0,0.0,0.0,1.0,0,0.0,0,0.0,0,0.0,0,0,0,1,1,0
TXN_00001911,1386.7,7.235402979376965,14,6,11,1,0,0,1,1,0,0,0,0,1,45.6,1,-1.0,1,0,0.0,0.0,0.0,0.0,1.0,0,0.0,0,0.0,0,0.0,0,0,0,1,1,0
TXN_00000855,634.68,6.454695292066289,15,6,11,1,0,1,0,0,0,1,0,1,0,26.44,2,594859.0,0,1,1698.78,1698.78,1698.78,0.0,0.3736,0,0.0,0,0.0,1,1698.78,1,1,0,0,0,1
TXN_00001712,1097.74,7.001919347706548,15,6,11,1,0,1,0,0,0,1,0,1,0,24.07,2,439117.0,0,1,222.31,222.31,222.31,0.0,4.9379,0,0.0,0,0.0,1,222.31,1,1,0,1,0,1
TXN_00001842,2651.62,7.883303109804127,16,6,11,1,0,0,1,1,0,0,0,0,1,92.43,1,-1.0,1,0,0.0,0.0,0.0,0.0,1.0,0,0.0,0,0.0,0,0.0,0,0,0,1,1,0
TXN_00000479,1690.59,7.433424194017843,16,6,11,1,0,1,0,1,0,0,0,1,0,22.3,2,114834.0,0,1,3196.19,3196.19,3196.19,0.0,0.5289,0,0.0,0,0.0,1,3196.19,1,1,1,0,0,1
TXN_00000754,264.98,5.583421117985017,17,6,11,1,0,1,0,1,0,0,0,1,0,88.84,1,-1.0,1,0,0.0,0.0,0.0,0.0,1.0,0,0.0,0,0.0,0,0.0,0,0,0,1,1,1
TXN_00000258,3500.0,8.160803920954665,17,6,11,1,0,1,0,0,0,0,1,1,0,21.86,2,555875.0,0,1,5000.0,5000.0,5000.0,0.0,0.7,0,0.0,0,0.0,1,5000.0,1,1,1,0,0,0
TXN_00001927,793.46,6.67766263857972,17,6,11,1,0,1,0,0,0,1,0,1,0,223.99,1,-1.0,1,0,0.0,0.0,0.0,0.0,1.0,0,0.0,0,0.0,0,0.0,0,0,0,1,1,1
TXN_00001878,185.49,5.228377618343355,17,6,11,1,0,0,1,1,0,0,0,0,1,191.69,1,-1.0,1,0,0.0,0.0,0.0,0.0,1.0,0,0.0,0,0.0,0,0.0,0,0,0,1,1,0
TXN_00000456,954.55,6.8622870909349905,19,6,11,1,0,0,1,0,0,0,1,0,1,283.95,1,-1.0,1,0,0.0,0.0,0.0,0.0,1.0,0,0.0,0,0.0,0,0.0,0,0,0,1,1,0
TXN_00000860,473.81,6.1629147240133015,19,6,11,1,0,0,1,0,0,1,0,0,1,285.98,2,549317.0,0,1,1629.49,1629.49,1629.49,0.0,0.2908,0,0.0,0,0.0,1,1629.49,1,1,0,0,0,0
TXN_00000385,3258.05,8.08919102084936,20,6,11,1,0,0,1,1,0,0,0,0,1,84.18,1,-1.0,1,0,0.0,0.0,0.0,0.0,1.0,0,0.0,0,0.0,0,0.0,0,0,0,1,1,0
TXN_00001368,2138.88,7.668505031677293,22,6,11,1,0,1,0,1,0,0,0,1,0,61.04,1,-1.0,1,0,0.0,0.0,0.0,0.0,1.0,0,0.0,0,0.0,0,0.0,0,0,0,1,1,1
TXN_00001886,1455.2,7.283585581960611,22,6,11,1,0,1,0,1,0,0,0,1,0,20.9,1,-1.0,1,0,0.0,0.0,0.0,0.0,1.0,0,0.0,0,0.0,0,0.0,0,0,0,1,1,1
TXN_00001668,72.16,4.292648823522665,23,6,11,1,0,0,1,0,0,1,0,0,1,47.05,2,925674.0,0,1,1197.79,1197.79,1197.79,0.0,0.0602,0,0.0,0,0.0,0,0.0,1,1,0,0,0,0
TXN_00000632,1417.89,7.257630154775415,0,0,12,0,1,0,1,1,0,0,0,0,1,272.51,2,642178.0,0,1,207.44,207.44,207.44,0.0,6.8352,0,0.0,0,0.0,0,0.0,1,1,0,0,1,0
TXN_00001887,503.77,6.224102879983981,0,0,12,0,1,0,1,0,0,1,0,0,1,236.9,2,801553.0,0,1,1019.37,1019.37,1019.37,0.0,0.4942,0,0.0,0,0.0,0,0.0,1,1,1,0,0,0
TXN_00000804,368.29,5.911582243235735,1,0,12,0,1,0,1,0,0,1,0,0,1,154.45,1,-1.0,1,0,0.0,0.0,0.0,0.0,1.0,0,0.0,0,0.0,0,0.0,0,0,0,1,1,0
TXN_00000659,2407.11,7.786597486448486,1,0,12,0,1,0,1,0,0,0,1,0,1,292.93,3,254401.0,0,2,3570.15,1785.07,2035.79,354.56,1.3485,0,0.0,0,0.0,2,3570.15,1,1,0,0,0,0
TXN_00000419,893.8,6.796600229615975,5,0,12,0,1,0,1,1,0,0,0,0,1,32.85,4,429134.0,0,3,2182.44,727.48,1121.12,437.81,1.2286,0,0.0,0,0.0,2,1926.48,1,1,1,0,1,0
TXN_00001940,661.81,6.4964883729461365,6,0,12,0,0,0,1,0,0,1,0,0,1,95.09,2,845493.0,0,1,326.56,326.56,326.56,0.0,2.0266,0,0.0,0,0.0,0,0.0,1,1,0,0,1,0
TXN_00000584,1770.15,7.479384332106953,6,0,12,0,0,0,1,1,0,0,0,0,1,318.88,1,-1.0,1,0,0.0,0.0,0.0,0.0,1.0,0,0.0,0,0.0,0,0.0,0,0,0,1,1,0
TXN_00000489,2063.0,7.6324011266014535,6,0,12,0,0,0,1,0,0,0,1,0,1,48.7,1,-1.0,1,0,0.0,0.0,0.0,0.0,1.0,0,0.0,0,0.0,0,0.0,0,0,0,1,1,0
TXN_00001341,4475.54,8.406605705586617,6,0,12,0,0,1,0,0,0,0,1,1,0,98.83,2,802506.0,0,1,209.75,209.75,209.75,0.0,21.3375,0,0.0,0,0.0,0,0.0,1,1,0,0,1,1
TXN_00001946,335.86,5.81966741377024,7,0,12,0,0,0,1,1,0,0,0,0,1,89.24,3,77363.0,0,2,1876.75,938.38,1508.61,806.43,0.3579,0,0.0,1,1508.61,2,1876.75,2,1,0,0,0,0
TXN_00001263,219.97,5.398026945697014,8,0,12,0,0,0,1,1,0,0,0,0,1,47.27,1,-1.0,1,0,0.0,0.0,0.0,0.0,1.0,0,0.0,0,0.0,0,0.0,0,0,0,1,1,0
TXN_00001008,399.91,5.993736963213647,8,0,12,0,0,0,1,1,0,0,0,0,1,40.04,1,-1.0,1,0,0.0,0.0,0.0,0.0,1.0,0,0.0,0,0.0,0,0.0,0,0,0,1,1,0
TXN_00001728,779.42,6.659832236303704,9,0,12,0,0,0,1,1,0,0,0,0,1,95.22,3,12067.0,0,2,988.37,494.18,661.81,237.06,1.5772,0,0.0,1,661.81,1,661.81,1,2,0,0,0,0
TXN_00000972,471.78,6.1586301640127346,9,0,12,0,0,1,0,1,0,0,0,1,0,83.01,1,-1.0,1,0,0.0,0.0,0.0,0.0,1.0,0,0.0,0,0.0,0,0.0,0,0,0,1,1,1
TXN_00000409,5805.65,8.666759091470201,10,0,12,0,0,1,0,1,0,0,0,1,0,172.41,3,440131.0,0,2,4558.99,2279.49,4082.26,2549.49,2.5469,0,0.0,0,0.0,1,476.73,1,1,0,0,0,1
TXN_00001963,400.83,5.9960291136055615,10,0,12,0,0,0,1,1,0,0,0,0,1,16.69,1,-1.0,1,0,0.0,0.0,0.0,0.0,1.0,0,0.0,0,0.0,0,0.0,0,0,0,1,1,0
TXN_00000269,5000.0,8.517393171418904,10,0,12,0,0,1,0,1,0,0,0,1,0,185.48,1,-1.0,1,0,0.0,0.0,0.0,0.0,1.0,0,0.0,0,0.0,0,0.0,0,0,0,1,1,1
TXN_00001995,683.99,6.52940423961552,10,0,12,0,0,0,1,1,0,0,0,0,1,135.28,1,-1.0,1,0,0.0,0.0,0.0,0.0,1.0,0,0.0,0,0.0,0,0.0,0,0,0,1,1,0
TXN_00000828,3233.71,8.081694558403553,12,0,12,0,0,0,1,1,0,0,0,0,1,309.09,1,-1.0,1,0,0.0,0.0,0.0,0.0,1.0,0,0.0,0,0.0,0,0.0,0,0,0,1,1,0
TXN_00001509,398.1,5.989212012054688,13,0,12,0,0,0,1,0,0,1,0,0,1,25.42,2,375751.0,0,1,109.7,109.7,109.7,0.0,3.629,0,0.0,0,0.0,1,109.7,1,1,0,0,0,0
TXN_00001011,1518.7,7.326268225939559,13,0,12,0,0,1,0,1,0,0,0,1,0,67.52,1,-1.0,1,0,0.0,0.0,0.0,0.0,1.0,0,0.0,0,0.0,0,0.0,0,0,0,1,1,1
TXN_00001244,133.81,4.903866379702973,14,0,12,0,0,0,1,1,0,0,0,0,1,107.91,2,718088.0,0,1,589.37,589.37,589.37,0.0,0.227,0,0.0,0,0.0,0,0.0,1,1,0,0,0,0
TXN_00000940,830.62,6.723375605718711,14,0,12,0,0,1,0,1,0,0,0,1,0,207.28,2,907551.0,0,1,3440.27,3440.27,3440.27,0.0,0.2414,0,0.0,0,0.0,0,0.0,1,1,0,0,1,1
TXN_00001644,697.13,6.548405331839,14,0,12,0,0,1,0,0,0,1,0,1,0,37.65,2,1021129.0,0,1,1159.95,1159.95,1159.95,0.0,0.601,0,0.0,0,0.0,0,0.0,1,1,1,0,0,1
TXN_00000402,411.06,6.021168969814313,16,0,12,0,0,1,0,0,0,1,0,1,0,44.62,1,-1.0,1,0,0.0,0.0,0.0,0.0,1.0,0,0.0,0,0.0,0,0.0,0,0,0,1,1,1
TXN_00001838,2231.17,7.7107294854753565,17,0,12,0,0,0,1,1,0,0,0,0,1,319.32,1,-1.0,1,0,0.0,0.0,0.0,0.0,1.0,0,0.0,0,0.0,0,0.0,0,0,0,1,1,0
TXN_00001646,870.65,6.770387967189224,21,0,12,0,0,0,1,1,0,0,0,0,1,47.99,3,81173.0,0,2,1269.95,634.98,1197.79,795.94,1.3712,0,0.0,1,72.16,1,72.16,1,1,0,0,0,0
TXN_00001750,307.01,5.730132249978983,21,0,12,0,0,0,1,1,0,0,0,0,1,53.99,4,119725.0,0,3,8252.83,2750.94,3718.28,1623.3,0.1116,0,0.0,0,0.0,1,3657.71,1,2,1,0,0,0
TXN_00001526,1213.5,7.102087748442227,22,0,12,0,0,0,1,0,0,0,1,0,1,36.88,2,1018040.0,0,1,81.07,81.07,81.07,0.0,14.9685,0,0.0,0,0.0,0,0.0,1,1,0,0,0,0
TXN_00000915,992.57,6.9013045174866745,0,1,13,0,1,0,1,0,0,0,1,0,1,126.54,1,-1.0,1,0,0.0,0.0,0.0,0.0,1.0,0,0.0,0,0.0,0,0.0,0,0,0,1,1,0
TXN_00001615,2174.36,7.684949447067696,1,1,13,0,1,1,0,0,0,0,1,1,0,16.91,2,231100.0,0,1,1505.46,1505.46,1505.46,0.0,1.4443,0,0.0,0,0.0,1,1505.46,1,1,0,1,0,1
TXN_00000442,1059.47,6.966467485061469,1,1,13,0,1,0,1,0,0,0,1,0,1,165.02,1,-1.0,1,0,0.0,0.0,0.0,0.0,1.0,0,0.0,0,0.0,0,0.0,0,0,0,1,1,0
TXN_00000968,1618.78,7.3900456165353035,1,1,13,0,1,1,0,0,0,0,1,1,0,34.07,2,491105.0,0,1,2233.93,2233.93,2233.93,0.0,0.7246,0,0.0,0,0.0,1,2233.93,1,1,1,0,1,1
TXN_00000591,1360.3,7.216195404518428,3,1,13,0,1,0,1,1,0,0,0,0,1,309.71,2,53366.0,0,1,3233.71,3233.71,3233.71,0.0,0.4207,0,0.0,1,3233.71,1,3233.71,1,1,0,0,0,0
TXN_00000959,846.88,6.742739116344536,3,1,13,0,1,0,1,0,0,1,0,0,1,287.29,3,112971.0,0,2,2103.3,1051.65,1629.49,817.19,0.8053,0,0.0,0,0.0,1,473.81,1,1,0,0,1,0
TXN_00001423,1956.39,7.579367232160849,3,1,13,0,1,0,1,1,0,0,0,0,1,139.81,1,-1.0,1,0,0.0,0.0,0.0,0.0,1.0,0,0.0,0,0.0,0,0.0,0,0,0,1,1,0
TXN_00000817,502.85,6.222278604726411,3,1,13,0,1,1,0,1,0,0,0,1,0,218.55,1,-1.0,1,0,0.0,0.0,0.0,0.0,1.0,0,0.0,0,0.0,0,0.0,0,0,0,1,1,1
TXN_00001938,692.82,6.542212560871392,3,1,13,0,1,0,1,1,0,0,0,0,1,158.0,1,-1.0,1,0,0.0,0.0,0.0,0.0,1.0,0,0.0,0,0.0,0,0.0,0,0,0,1,1,0
TXN_00000980,1986.44,7.594602657393555,4,1,13,0,1,0,1,1,0,0,0,0,1,161.58,2,543804.0,0,1,223.33,223.33,223.33,0.0,8.8946,0,0.0,0,0.0,1,223.33,1,1,0,1,0,0
TXN_00000590,3442.54,8.14425529100557,4,1,13,0,1,0,1,0,0,1,0,0,1,41.71,2,493434.0,0,1,263.77,263.77,263.77,0.0,13.0513,0,0.0,0,0.0,1,263.77,1,1,0,0,1,0
TXN_00000372,1496.62,7.311632460335009,6,1,13,0,0,1,0,1,0,0,0,1,0,36.3,2,377578.0,0,1,488.08,488.08,488.08,0.0,3.0663,0,0.0,0,0.0,1,488.08,1,1,0,0,0,1
TXN_00000699,871.0,6.77078942390898,8,1,13,0,0,0,1,1,0,0,0,0,1,46.06,2,362252.0,0,1,680.76,680.76,680.76,0.0,1.2795,0,0.0,0,0.0,1,680.76,1,1,0,0,0,0
TXN_00000761,4050.05,8.30673138575797,8,1,13,0,0,1,0,0,0,1,0,1,0,38.71,1,-1.0,1,0,0.0,0.0,0.0,0.0,1.0,0,0.0,0,0.0,0,0.0,0,0,0,1,1,1
TXN_00000544,804.72,6.691736287610223,11,1,13,0,0,0,1,0,0,1,0,0,1,29.14,1,-1.0,1,0,0.0,0.0,0.0,0.0,1.0,0,0.0,0,0.0,0,0.0,0,0,0,1,1,0
TXN_00000460,1145.38,7.0443644304441255,12,1,13,0,0,0,1,0,0,0,1,0,1,131.84,1,-1.0,1,0,0.0,0.0,0.0,0.0,1.0,0,0.0,0,0.0,0,0.0,0,0,0,1,1,0
TXN_00000809,1690.33,7.433270480657485,13,1,13,0,0,0,1,1,0,0,0,0,1,108.87,3,82438.0,0,2,723.18,361.59,589.37,322.13,4.6747,0,0.0,1,133.81,1,133.81,1,1,0,0,0,0
TXN_00001087,2541.81,7.8410250477271655,14,1,13,0,0,0,1,0,0,0,1,0,1,72.81,1,-1.0,1,0,0.0,0.0,0.0,0.0,1.0,0,0.0,0,0.0,0,0.0,0,0,0,1,1,0
TXN_00001285,355.75,5.877035256356946,14,1,13,0,0,0,1,0,0,1,0,0,1,26.46,3,89329.0,0,2,507.8,253.9,398.1,203.93,1.4011,0,0.0,0,0.0,2,507.8,1,1,0,0,0,0
TXN_00001266,2429.43,7.795823475412463,14,1,13,0,0,1,0,0,0,1,0,1,0,115.08,1,-1.0,1,0,0.0,0.0,0.0,0.0,1.0,0,0.0,0,0.0,0,0.0,0,0,0,1,1,1
TXN_00001471,233.85,5.458947012473004,14,1,13,0,0,0,1,1,0,0,0,0,1,128.01,2,539864.0,0,1,1350.65,1350.65,1350.65,0.0,0.1731,0,0.0,0,0.0,1,1350.65,1,1,1,1,0,0
TXN_00001295,2161.8,7.67915895750785,14,1,13,0,0,0,1,1,0,0,0,0,1,220.04,3,840508.0,0,2,3061.17,1530.59,1630.02,140.62,1.4124,0,0.0,0,0.0,0,0.0,1,2,1,1,0,0
TXN_00001251,7651.4,8.942774603109227,16,1,13,0,0,0,1,0,0,1,0,0,1,84.36,4,318785.0,0,3,766.54,255.51,288.75,28.79,29.9452,0,0.0,0,0.0,2,527.21,1,1,0,0,0,0
TXN_00000663,1508.35,7.319434373556769,18,1,13,0,0,1,0,1,0,0,0,1,0,89.87,1,-1.0,1,0,0.0,0.0,0.0,0.0,1.0,0,0.0,0,0.0,0,0.0,0,0,0,1,1,1
TXN_00001269,403.7,6.00314605188182,19,1,13,0,0,0,1,1,0,0,0,0,1,274.31,3,155372.0,0,2,1625.33,812.67,1417.89,855.92,0.4968,0,0.0,0,0.0,1,1417.89,1,2,0,0,1,0
TXN_00001446,4083.06,8.314846870655579,22,1,13,0,0,0,1,1,0,0,0,0,1,49.91,1,-1.0,1,0,0.0,0.0,0.0,0.0,1.0,0,0.0,0,0.0,0,0.0,0,0,0,1,1,0
TXN_00001309,2646.53,7.881382408856121,22,1,13,0,0,0,1,1,0,0,0,0,1,32.58,1,-1.0,1,0,0.0,0.0,0.0,0.0,1.0,0,0.0,0,0.0,0,0.0,0,0,0,1,1,0
TXN_00000899,187.63,5.239787424357633,22,1,13,0,0,0,1,0,0,0,1,0,1,32.63,1,-1.0,1,0,0.0,0.0,0.0,0.0,1.0,0,0.0,0,0.0,0,0.0,0,0,0,1,1,0
TXN_00001870,732.0,6.597145701886651,23,1,13,0,0,1,0,0,0,1,0,1,0,80.78,1,-1.0,1,0,0.0,0.0,0.0,0.0,1.0,0,0.0,0,0.0,0,0.0,0,0,0,1,1,1
TXN_00000406,1547.83,7.345255086169431,23,1,13,0,0,0,1,1,0,0,0,0,1,220.84,1,-1.0,1,0,0.0,0.0,0.0,0.0,1.0,0,0.0,0,0.0,0,0.0,0,0,0,1,1,0
TXN_00001800,319.36,5.769445363455482,1,2,14,0,1,0,1,1,0,0,0,0,1,24.68,3,205597.0,0,2,4886.78,2443.39,3196.19,1064.62,0.1307,0,0.0,0,0.0,2,4886.78,1,1,2,0,0,0
TXN_00001367,303.89,5.719951055817785,2,2,14,0,1,0,1,0,0,1,0,0,1,328.58,1,-1.0,1,0,0.0,0.0,0.0,0.0,1.0,0,0.0,0,0.0,0,0.0,0,0,0,1,1,0
TXN_00000582,74.41,4.322939892214555,3,2,14,0,1,0,1,1,0,0,0,0,1,35.13,3,91176.0,0,2,3852.71,1926.36,2233.93,434.98,0.0386,0,0.0,0,0.0,2,3852.71,1,2,2,0,1,0
TXN_00000920,490.0,6.19644412779452,4,2,14,0,1,0,1,0,0,0,1,0,1,17.2,2,505346.0,0,1,776.18,776.18,776.18,0.0,0.6313,0,0.0,0,0.0,1,776.18,1,1,0,0,1,0
TXN_00001933,5925.74,8.687229593776554,5,2,14,0,1,1,0,1,0,0,0,1,0,157.29,2,1008870.0,0,1,110.53,110.53,110.53,0.0,53.612,0,0.0,0,0.0,0,0.0,1,1,0,0,0,1
TXN_00001305,1570.59,7.359843124721837,5,2,14,0,1,1,0,1,0,0,0,1,0,155.7,5,423813.0,0,4,8407.16,2101.79,4846.1,2052.31,0.7473,0,0.0,0,0.0,1,2479.75,2,2,0,0,0,1
TXN_00000246,899.0,6.802394763324311,5,2,14,0,1,0,1,0,0,1,0,0,1,107.41,3,296917.0,0,2,1049.0,524.5,899.0,529.62,1.714,0,0.0,0,0.0,1,899.0,1,1,0,0,0,0
TXN_00000318,702.91,6.556650507076606,6,2,14,0,0,0,1,1,0,0,0,0,1,45.27,1,-1.0,1,0,0.0,0.0,0.0,0.0,1.0,0,0.0,0,0.0,0,0.0,0,0,0,1,1,0
TXN_00001572,3384.4,8.127227346754998,7,2,14,0,0,1,0,1,0,0,0,1,0,320.92,2,176189.0,0,1,1770.15,1770.15,1770.15,0.0,1.9119,0,0.0,0,0.0,1,1770.15,1,1,0,0,1,1
TXN_00001109,2878.91,7.9655143226417,7,2,14,0,0,0,1,1,0,0,0,0,1,115.81,2,63451.0,0,1,2429.43,2429.43,2429.43,0.0,1.185,0,0.0,1,2429.43,1,2429.43,1,1,1,0,0,0
TXN_00000316,899.0,6.802394763324311,8,2,14,0,0,1,0,0,0,1,0,1,0,265.61,1,-1.0,1,0,0.0,0.0,0.0,0.0,1.0,0,0.0,0,0.0,0,0.0,0,0,0,1,1,1
TXN_00001026,489.69,6.195812563837865,9,2,14,0,0,1,0,0,0,0,1,1,0,40.42,1,-1.0,1,0,0.0,0.0,0.0,0.0,1.0,0,0.0,0,0.0,0,0.0,0,0,0,1,1,1
TXN_00001675,160.09,5.081963215009874,9,2,14,0,0,0,1,0,0,1,0,0,1,119.44,1,-1.0,1,0,0.0,0.0,0.0,0.0,1.0,0,0.0,0,0.0,0,0.0,0,0,0,1,1,0
TXN_00000654,1648.51,7.4082335530934245,10,2,14,0,0,0,1,1,0,0,0,0,1,23.7,3,277480.0,0,2,2635.09,1317.55,2138.33,1160.77,1.2512,0,0.0,0,0.0,1,2138.33,1,2,0,0,0,0
TXN_00000672,1790.65,7.490892261958906,10,2,14,0,0,0,1,1,0,0,0,0,1,35.67,3,315777.0,0,2,2100.04,1050.02,1999.22,1342.37,1.7053,0,0.0,0,0.0,2,2100.04,1,1,0,1,0,0
TXN_00001099,2523.69,7.8338735618951,11,2,14,0,0,1,0,1,0,0,0,1,0,36.03,2,1029988.0,0,1,294.36,294.36,294.36,0.0,8.5735,0,0.0,0,0.0,0,0.0,1,1,0,0,0,1
TXN_00000750,994.88,6.9036267683983565,13,2,14,0,0,0,1,0,0,0,1,0,1,72.18,2,971179.0,0,1,699.88,699.88,699.88,0.0,1.4215,0,0.0,0,0.0,0,0.0,1,1,0,0,0,0
TXN_00001290,1313.82,7.181455053113374,13,2,14,0,0,1,0,0,0,0,1,1,0,313.63,2,407756.0,0,1,3539.18,3539.18,3539.18,0.0,0.3712,0,0.0,0,0.0,1,3539.18,1,1,0,1,1,1
TXN_00001930,286.02,5.659551899742786,14,2,14,0,0,0,1,0,0,1,0,0,1,239.47,3,221749.0,0,2,1523.14,761.57,1019.37,364.58,0.3756,0,0.0,0,0.0,1,503.77,1,1,1,0,0,0
TXN_00001687,643.63,6.468676508788589,15,2,14,0,0,0,1,1,0,0,0,0,1,220.05,2,129523.0,0,1,502.85,502.85,502.85,0.0,1.28,0,0.0,0,0.0,1,502.85,1,1,1,0,1,0
TXN_00000505,243.42,5.498888057009855,18,2,14,0,0,0,1,1,0,0,0,0,1,135.5,1,-1.0,1,0,0.0,0.0,0.0,0.0,1.0,0,0.0,0,0.0,0,0.0,0,0,0,1,1,0
TXN_00001265,362.61,5.896081864675405,18,2,14,0,0,0,1,1,0,0,0,0,1,68.88,2,1098726.0,0,1,665.72,665.72,665.72,0.0,0.5447,0,0.0,0,0.0,0,0.0,1,1,1,1,0,0
TXN_00000748,791.03,6.674599269884921,19,2,14,0,0,0,1,1,0,0,0,0,1,103.75,1,-1.0,1,0,0.0,0.0,0.0,0.0,1.0,0,0.0,0,0.0,0,0.0,0,0,0,1,1,0
TXN_00001319,303.86,5.719852654833695,19,2,14,0,0,1,0,0,0,0,1,1,0,38.44,1,-1.0,1,0,0.0,0.0,0.0,0.0,1.0,0,0.0,0,0.0,0,0.0,0,0,0,1,1,1
TXN_00001542,814.78,6.704144710770241,21,2,14,0,0,0,1,0,0,1,0,0,1,104.62,2,615656.0,0,1,289.73,289.73,289.73,0.0,2.8122,0,0.0,0,0.0,0,0.0,1,1,0,0,0,0
TXN_00000865,3578.45,8.182964436307335,21,2,14,0,0,1,0,1,0,0,0,1,0,248.57,2,989008.0,0,1,3151.1,3151.1,3151.1,0.0,1.1356,0,0.0,0,0.0,0,0.0,1,1,0,0,0,1
TXN_00001719,1835.9,7.515834647152018,22,2,14,0,0,0,1,0,0,0,1,0,1,35.56,5,233900.0,0,4,3076.24,769.06,1121.12,367.01,2.3872,0,0.0,0,0.0,1,893.8,1,2,1,1,0,0
TXN_00000934,143.65,4.974317031422144,22,2,14,0,0,0,1,1,0,0,0,0,1,169.9,1,-1.0,1,0,0.0,0.0,0.0,0.0,1.0,0,0.0,0,0.0,0,0.0,0,0,0,1,1,0
TXN_00001227,163.44,5.102545762029678,0,3,15,0,1,0,1,1,0,0,0,0,1,263.02,3,743710.0,0,2,2200.35,1100.17,1460.21,509.17,0.1486,0,0.0,0,0.0,0,0.0,1,1,1,0,0,0
TXN_00001155,1476.77,7.298289473701881,0,3,15,0,1,0,1,0,0,1,0,0,1,184.67,1,-1.0,1,0,0.0,0.0,0.0,0.0,1.0,0,0.0,0,0.0,0,0.0,0,0,0,1,1,0
TXN_00001082,2930.03,7.983109176073046,1,3,15,0,1,1,0,0,0,0,1,1,0,36.32,4,55816.0,0,3,3890.69,1296.9,1999.22,1041.07,2.2593,0,0.0,1,1790.65,3,3890.69,2,1,0,1,1,1
TXN_00001299,649.08,6.477095432239417,1,3,15,0,1,0,1,0,0,0,1,0,1,195.52,2,1082325.0,0,1,1838.03,1838.03,1838.03,0.0,0.3531,0,0.0,0,0.0,0,0.0,1,1,0,1,0,0
TXN_00001691,700.61,6.553377694092088,2,3,15,0,1,1,0,0,0,0,1,1,0,144.28,1,-1.0,1,0,0.0,0.0,0.0,0.0,1.0,0,0.0,0,0.0,0,0.0,0,0,0,1,1,1
TXN_00000988,196.6,5.286244785313768,2,3,15,0,1,1,0,1,0,0,0,1,0,36.68,3,55860.0,0,2,2818.05,1409.03,2523.69,1576.37,0.1395,0,0.0,1,2523.69,1,2523.69,1,1,1,1,0,1
TXN_00001912,1061.7,6.968568118378649,2,3,15,0,1,0,1,0,0,0,1,0,1,108.01,1,-1.0,1,0,0.0,0.0,0.0,0.0,1.0,0,0.0,0,0.0,0,0.0,0,0,0,1,1,0
TXN_00000887,1239.92,7.123608318984884,4,3,15,0,1,1,0,1,0,0,0,1,0,314.23,3,51817.0,0,2,4853.0,2426.5,3539.18,1573.57,0.511,0,0.0,1,1313.82,2,4853.0,2,2,1,0,0,1
TXN_00000543,977.27,6.88578570555314,5,3,15,0,1,0,1,0,0,0,1,0,1,90.52,1,-1.0,1,0,0.0,0.0,0.0,0.0,1.0,0,0.0,0,0.0,0,0.0,0,0,0,1,1,0
TXN_00001660,3844.38,8.25462770670531,5,3,15,0,1,1,0,0,0,0,1,1,0,29.67,1,-1.0,1,0,0.0,0.0,0.0,0.0,1.0,0,0.0,0,0.0,0,0.0,0,0,0,1,1,1
TXN_00000856,77.75,4.366278277705742,5,3,15,0,1,0,1,1,0,0,0,0,1,106.96,2,1150265.0,0,1,3722.91,3722.91,3722.91,0.0,0.0209,0,0.0,0,0.0,0,0.0,1,1,0,0,0,0
TXN_00000494,2692.94,7.898760085007369,6,3,15,0,0,0,1,0,0,0,1,0,1,108.15,2,11884.0,0,1,1061.7,1061.7,1061.7,0.0,2.5364,0,0.0,1,1061.7,1,1061.7,1,1,0,1,0,0
TXN_00001307,830.27,6.722954651830999,6,3,15,0,0,0,1,0,0,0,1,0,1,292.47,2,760066.0,0,1,3319.74,3319.74,3319.74,0.0,0.2501,0,0.0,0,0.0,0,0.0,1,1,0,0,0,0
TXN_00001760,155.63,5.053886336090571,7,3,15,0,0,0,1,0,0,0,1,0,1,329.75,2,648462.0,0,1,1265.69,1265.69,1265.69,0.0,0.123,0,0.0,0,0.0,0,0.0,1,1,1,0,0,0
TXN_00000806,653.55,6.483947976626108,7,3,15,0,0,0,1,1,0,0,0,0,1,84.8,1,-1.0,1,0,0.0,0.0,0.0,0.0,1.0,0,0.0,0,0.0,0,0.0,0,0,0,1,1,0
TXN_00001256,5282.86,8.572412170211729,8,3,15,0,0,1,0,0,0,0,1,1,0,128.2,1,-1.0,1,0,0.0,0.0,0.0,0.0,1.0,0,0.0,0,0.0,0,0.0,0,0,0,1,1,1
TXN_00001048,1080.0,6.985641817639208,9,3,15,0,0,0,1,0,0,0,1,0,1,190.56,1,-1.0,1,0,0.0,0.0,0.0,0.0,1.0,0,0.0,0,0.0,0,0.0,0,0,0,1,1,0
TXN_00001154,1499.02,7.313233720334747,11,3,15,0,0,0,1,0,0,0,1,0,1,40.69,1,-1.0,1,0,0.0,0.0,0.0,0.0,1.0,0,0.0,0,0.0,0,0.0,0,0,0,1,1,0
TXN_00000292,1250.0,7.1316985104669115,11,3,15,0,0,0,1,1,0,0,0,0,1,262.29,2,1016845.0,0,1,899.0,899.0,899.0,0.0,1.3904,0,0.0,0,0.0,0,0.0,1,1,0,0,0,0
TXN_00000697,3080.2,8.033074410478811,11,3,15,0,0,1,0,0,0,0,1,1,0,51.97,1,-1.0,1,0,0.0,0.0,0.0,0.0,1.0,0,0.0,0,0.0,0,0.0,0,0,0,1,1,1
TXN_00001956,2651.57,7.88328426033785,15,3,15,0,0,0,1,0,0,1,0,0,1,136.41,2,78643.0,0,1,243.42,243.42,243.42,0.0,10.893,0,0.0,1,243.42,1,243.42,1,1,0,0,0,0
TXN_00001503,2416.89,7.7906505379976725,16,3,15,0,0,0,1,0,0,1,0,0,1,124.64,1,-1.0,1,0,0.0,0.0,0.0,0.0,1.0,0,0.0,0,0.0,0,0.0,0,0,0,1,1,0
TXN_00001148,70.41,4.268437915561019,16,3,15,0,0,1,0,0,0,1,0,1,0,36.68,4,134096.0,0,3,3927.12,1309.04,2233.93,1112.58,0.0538,0,0.0,0,0.0,2,1693.19,1,3,2,0,0,1
TXN_00001713,1037.21,6.9452533554022216,17,3,15,0,0,0,1,0,0,0,1,0,1,40.74,2,871790.0,0,1,2705.69,2705.69,2705.69,0.0,0.3833,0,0.0,0,0.0,0,0.0,1,1,0,1,0,0
TXN_00000418,3746.02,8.22871613638286,17,3,15,0,0,1,0,1,0,0,0,1,0,152.15,2,603954.0,0,1,1347.07,1347.07,1347.07,0.0,2.7809,0,0.0,0,0.0,1,1347.07,1,1,1,1,0,1
TXN_00001801,267.05,5.591173530273546,22,3,15,0,0,0,1,0,0,1,0,0,1,28.41,2,987008.0,0,1,3506.96,3506.96,3506.96,0.0,0.0761,0,0.0,0,0.0,0,0.0,1,1,0,0,0,0
TXN_00000778,1889.04,7.544353271850897,23,3,15,0,0,0,1,0,0,1,0,0,1,37.21,5,77118.0,0,4,6820.72,1705.18,2930.03,1178.7,1.1078,0,0.0,1,2930.03,3,6719.9,3,2,1,0,0,0
TXN_00000583,881.25,6.78247546255538,23,3,15,0,0,1,0,1,0,0,0,1,0,117.45,3,142082.0,0,2,5308.34,2654.17,2878.91,317.83,0.332,0,0.0,0,0.0,2,5308.34,1,1,1,0,1,1
TXN_00001098,95.87,4.573369873438294,23,3,15,0,0,0,1,1,0,0,0,0,1,171.0,1,-1.0,1,0,0.0,0.0,0.0,0.0,1.0,0,0.0,0,0.0,0,0.0,0,0,0,1,1,0
TXN_00000065,48500.0,10.789339695269716,0,4,16,0,1,1,0,0,1,0,0,1,0,296.97,1,-1.0,1,0,0.0,0.0,0.0,0.0,1.0,0,0.0,0,0.0,0,0.0,0,0,0,1,1,1
TXN_00001032,458.02,6.12909378209602,0,4,16,0,1,0,1,0,0,1,0,0,1,81.63,2,662938.0,0,1,1153.13,1153.13,1153.13,0.0,0.3972,0,0.0,0,0.0,0,0.0,1,1,1,0,1,0
TXN_00001918,2571.71,7.8527150970295025,2,4,16,0,1,0,1,1,0,0,0,0,1,214.52,2,945597.0,0,1,274.29,274.29,274.29,0.0,9.3759,0,0.0,0,0.0,0,0.0,1,1,1,1,0,0
TXN_00000773,2563.25,7.84942131718752,2,4,16,0,1,1,0,0,0,0,1,1,0,193.25,2,878210.0,0,1,249.67,249.67,249.67,0.0,10.2666,0,0.0,0,0.0,0,0.0,1,1,0,1,0,1
TXN_00001758,609.98,6.415064225411629,3,4,16,0,1,1,0,0,0,0,1,1,0,47.15,3,513681.0,0,2,2215.26,1107.63,1379.9,385.05,0.5507,0,0.0,0,0.0,1,835.36,1,2,0,0,0,1
TXN_00001440,426.12,6.057065004191931,4,4,16,0,1,1,0,1,0,0,0,1,0,74.8,3,1050105.0,0,2,1966.84,983.42,1480.43,702.88,0.4333,0,0.0,0,0.0,0,0.0,1,1,0,0,0,1
TXN_00001188,92.64,4.53945764262271,8,4,16,0,0,0,1,0,0,1,0,0,1,104.37,1,-1.0,1,0,0.0,0.0,0.0,0.0,1.0,0,0.0,0,0.0,0,0.0,0,0,0,1,1,0
TXN_00000064,24800.0,10.118639253920785,8,4,16,0,0,1,0,0,1,0,0,1,0,297.31,2,28800.0,0,1,48500.0,48500.0,48500.0,0.0,0.5113,0,0.0,1,48500.0,1,48500.0,1,1,1,0,0,0
TXN_00001585,2990.3,8.003463354502857,8,4,16,0,0,0,1,0,0,0,1,0,1,113.52,1,-1.0,1,0,0.0,0.0,0.0,0.0,1.0,0,0.0,0,0.0,0,0.0,0,0,0,1,1,0
TXN_00001495,1212.41,7.101189856779661,9,4,16,0,0,0,1,1,0,0,0,0,1,49.66,1,-1.0,1,0,0.0,0.0,0.0,0.0,1.0,0,0.0,0,0.0,0,0.0,0,0,0,1,1,0
TXN_00000518,125.16,4.837550942654783,10,4,16,0,0,0,1,1,0,0,0,0,1,62.57,3,459819.0,0,2,2616.66,1308.33,1599.04,411.13,0.0957,0,0.0,0,0.0,1,1599.04,1,1,1,0,0,0
TXN_00000822,1079.75,6.985410523547741,10,4,16,0,0,0,1,1,0,0,0,0,1,286.81,2,797594.0,0,1,84.2,84.2,84.2,0.0,12.8236,0,0.0,0,0.0,0,0.0,1,1,0,0,1,0
TXN_00001467,408.48,6.01488806205157,10,4,16,0,0,0,1,1,0,0,0,0,1,187.37,2,858966.0,0,1,2045.54,2045.54,2045.54,0.0,0.1997,0,0.0,0,0.0,0,0.0,1,1,0,1,0,0
TXN_00001798,1467.81,7.292207828121917,11,4,16,0,0,0,1,0,0,1,0,0,1,156.33,2,916174.0,0,1,2284.69,2284.69,2284.69,0.0,0.6425,0,0.0,0,0.0,0,0.0,1,1,0,0,0,0
TXN_00000845,1135.66,7.035849416489614,11,4,16,0,0,0,1,0,0,1,0,0,1,151.19,1,-1.0,1,0,0.0,0.0,0.0,0.0,1.0,0,0.0,0,0.0,0,0.0,0,0,0,1,1,0
TXN_00001589,1541.45,7.341127340343309,12,4,16,0,0,1,0,1,0,0,0,1,0,319.76,2,864507.0,0,1,1832.52,1832.52,1832.52,0.0,0.8412,0,0.0,0,0.0,0,0.0,1,1,1,0,1,1
TXN_00000740,537.11,6.288063000229032,12,4,16,0,0,1,0,0,0,0,1,1,0,182.24,1,-1.0,1,0,0.0,0.0,0.0,0.0,1.0,0,0.0,0,0.0,0,0.0,0,0,0,1,1,1
TXN_00001384,2063.22,7.632507710068521,14,4,16,0,0,0,1,1,0,0,0,0,1,47.93,1,-1.0,1,0,0.0,0.0,0.0,0.0,1.0,0,0.0,0,0.0,0,0.0,0,0,0,1,1,0
TXN_00001450,222.5,5.409411414053624,14,4,16,0,0,0,1,1,0,0,0,0,1,125.8,2,1108003.0,0,1,492.1,492.1,492.1,0.0,0.4521,0,0.0,0,0.0,0,0.0,1,1,0,0,0,0
TXN_00000310,2400.0,7.783640596221253,15,4,16,0,0,1,0,1,0,0,0,1,0,234.15,1,-1.0,1,0,0.0,0.0,0.0,0.0,1.0,0,0.0,0,0.0,0,0.0,0,0,0,1,1,1
TXN_00001252,1888.27,7.543945790056255,16,4,16,0,0,0,1,0,0,1,0,0,1,250.9,2,875960.0,0,1,322.38,322.38,322.38,0.0,5.8573,0,0.0,0,0.0,0,0.0,1,1,0,0,0,0
TXN_00000870,2930.03,7.983109176073046,16,4,16,0,0,0,1,1,0,0,0,0,1,331.18,2,225087.0,0,1,303.89,303.89,303.89,0.0,9.6417,0,0.0,0,0.0,1,303.89,1,1,0,0,0,0
TXN_00001663,1133.96,7.03435268700373,16,4,16,0,0,0,1,1,0,0,0,0,1,231.95,1,-1.0,1,0,0.0,0.0,0.0,0.0,1.0,0,0.0,0,0.0,0,0.0,0,0,0,1,1,0
TXN_00001593,331.68,5.807181067000487,16,4,16,0,0,0,1,1,0,0,0,0,1,40.32,3,948270.0,0,2,2893.94,1446.97,2099.59,922.94,0.2292,0,0.0,0,0.0,0,0.0,1,1,1,0,0,0
TXN_00000462,1966.37,7.58445290441101,17,4,16,0,0,0,1,0,0,0,1,0,1,18.48,2,508617.0,0,1,2149.51,2149.51,2149.51,0.0,0.9148,0,0.0,0,0.0,1,2149.51,1,1,0,1,0,0
TXN_00001857,1875.38,7.537099667689334,18,4,16,0,0,0,1,0,0,0,1,0,1,32.41,2,282543.0,0,1,804.72,804.72,804.72,0.0,2.3305,0,0.0,0,0.0,1,804.72,1,1,0,0,1,0
TXN_00001022,1257.98,7.138057148294658,20,4,16,0,0,0,1,1,0,0,0,0,1,214.79,1,-1.0,1,0,0.0,0.0,0.0,0.0,1.0,0,0.0,0,0.0,0,0.0,0,0,0,1,1,0
TXN_00001404,3399.48,8.131671877110382,20,4,16,0,0,0,1,1,0,0,0,0,1,86.32,2,131561.0,0,1,653.55,653.55,653.55,0.0,5.2016,0,0.0,0,0.0,1,653.55,1,1,0,1,0,0
TXN_00000239,2400.0,7.783640596221253,20,4,16,0,0,0,1,0,0,0,1,0,1,39.28,2,1061505.0,0,1,1250.0,1250.0,1250.0,0.0,1.92,0,0.0,0,0.0,0,0.0,1,1,0,0,0,0
TXN_00000279,899.0,6.802394763324311,20,4,16,0,0,0,1,0,0,0,1,0,1,23.61,1,-1.0,1,0,0.0,0.0,0.0,0.0,1.0,0,0.0,0,0.0,0,0.0,0,0,0,1,1,0
TXN_00001207,1558.8,7.352312886896398,20,4,16,0,0,0,1,1,0,0,0,0,1,174.33,2,969061.0,0,1,5561.31,5561.31,5561.31,0.0,0.2803,0,0.0,0,0.0,0,0.0,1,1,0,0,0,0
TXN_00000066,49500.0,10.809748150372926,21,4,16,0,0,1,0,0,1,0,0,1,0,297.85,3,46800.0,0,2,73300.0,36650.0,48500.0,16758.43,1.3506,0,0.0,2,73300.0,2,73300.0,1,1,1,0,0,0
TXN_00000067,24800.0,10.118639253920785,21,4,16,0,0,1,0,0,1,0,0,1,0,297.85,4,0.0,0,3,122800.0,40933.33,49500.0,13980.82,0.6059,1,49500.0,3,122800.0,3,122800.0,1,1,1,0,0,0
TXN_00000430,79.26,4.385271364838771,21,4,16,0,0,1,0,1,0,0,0,1,0,136.1,1,-1.0,1,0,0.0,0.0,0.0,0.0,1.0,0,0.0,0,0.0,0,0.0,0,0,0,1,1,1
TXN_00001081,553.23,6.31757976304607,21,4,16,0,0,0,1,1,0,0,0,0,1,151.62,2,37165.0,0,1,1135.66,1135.66,1135.66,0.0,0.4871,0,0.0,1,1135.66,1,1135.66,1,1,0,0,0,0
TXN_00001139,100.93,4.624286303180321,22,4,16,0,0,1,0,0,0,0,1,1,0,196.9,2,449751.0,0,1,185.49,185.49,185.49,0.0,0.5441,0,0.0,0,0.0,1,185.49,1,1,0,0,0,1
TXN_00001638,477.23,6.170091788313665,23,4,16,0,0,0,1,1,0,0,0,0,1,68.94,2,1002907.0,0,1,2224.39,2224.39,2224.39,0.0,0.2145,0,0.0,0,0.0,0,0.0,1,1,0,0,0,0
TXN_00000312,5000.0,8.517393171418904,0,5,17,1,1,1,0,1,0,0,0,1,0,234.52,2,31679.0,0,1,2400.0,2400.0,2400.0,0.0,2.0833,0,0.0,1,2400.0,1,2400.0,1,1,1,0,0,0
TXN_00000927,2140.77,7.6693878689586015,2,5,17,1,1,1,0,0,0,1,0,1,0,184.2,2,1404721.0,0,1,480.11,480.11,480.11,0.0,4.4589,0,0.0,0,0.0,0,0.0,1,1,1,1,0,1
TXN_00001759,104.95,4.662967284714308,2,5,17,1,1,0,1,0,0,0,1,0,1,316.17,4,167787.0,0,3,6092.92,2030.97,3539.18,1306.67,0.0517,0,0.0,0,0.0,2,2553.74,2,2,2,0,0,0
TXN_00001530,1120.0,7.02197642307216,4,5,17,1,1,0,1,1,0,0,0,0,1,39.56,3,775502.0,0,2,1402.26,701.13,1232.76,751.84,1.5974,0,0.0,0,0.0,0,0.0,1,1,0,0,0,0
TXN_00001658,1595.01,7.375262043654285,4,5,17,1,1,1,0,0,0,0,1,1,0,35.86,2,279052.0,0,1,187.63,187.63,187.63,0.0,8.5008,0,0.0,0,0.0,1,187.63,1,1,0,0,0,1
TXN_00000943,192.08,5.2631046107922925,4,5,17,1,1,1,0,0,0,1,0,1,0,22.82,2,1108189.0,0,1,1359.5,1359.5,1359.5,0.0,0.1413,0,0.0,0,0.0,0,0.0,1,1,0,0,1,1
TXN_00000102,30000.0,10.308985993422082,5,5,17,1,1,1,0,0,1,0,0,1,0,146.77,1,-1.0,1,0,0.0,0.0,0.0,0.0,1.0,0,0.0,0,0.0,0,0.0,0,0,0,1,1,1
TXN_00000103,20000.0,9.90353755128617,5,5,17,1,1,1,0,0,1,0,0,1,0,146.78,2,120.0,0,1,30000.0,30000.0,30000.0,0.0,0.6667,1,30000.0,1,30000.0,1,30000.0,1,1,1,0,0,1
TXN_00000104,20000.0,9.90353755128617,5,5,17,1,1,1,0,0,1,0,0,1,0,146.78,3,180.0,0,2,50000.0,25000.0,30000.0,7071.07,0.8,2,50000.0,2,50000.0,2,50000.0,1,1,2,0,0,1
TXN_00000105,25000.0,10.12667110305036,5,5,17,1,1,1,0,0,1,0,0,1,0,146.78,4,60.0,0,3,70000.0,23333.33,30000.0,5773.5,1.0714,3,70000.0,3,70000.0,3,70000.0,1,1,3,0,0,1
TXN_00000106,15000.0,9.61587214452889,5,5,17,1,1,1,0,0,1,0,0,1,0,104.76,1,-1.0,1,0,0.0,0.0,0.0,0.0,1.0,0,0.0,0,0.0,0,0.0,0,0,0,1,1,1
TXN_00000107,30000.0,10.308985993422082,5,5,17,1,1,1,0,0,1,0,0,1,0,104.76,2,60.0,0,1,15000.0,15000.0,15000.0,0.0,2.0,1,15000.0,1,15000.0,1,15000.0,1,1,1,0,0,1
TXN_00000108,25000.0,10.12667110305036,5,5,17,1,1,1,0,0,1,0,0,1,0,104.76,3,120.0,0,2,45000.0,22500.0,30000.0,10606.6,1.1111,2,45000.0,2,45000.0,2,45000.0,1,1,2,0,0,1
TXN_00000109,20000.0,9.90353755128617,5,5,17,1,1,1,0,0,1,0,0,1,0,104.77,4,180.0,0,3,70000.0,23333.33,30000.0,7637.63,0.8571,3,70000.0,3,70000.0,3,70000.0,1,1,3,0,0,1
TXN_00000110,25000.0,10.12667110305036,5,5,17,1,1,1,0,0,1,0,0,1,0,113.4,1,-1.0,1,0,0.0,0.0,0.0,0.0,1.0,0,0.0,0,0.0,0,0.0,0,0,0,1,1,1
TXN_00000111,25000.0,10.12667110305036,5,5,17,1,1,1,0,0,1,0,0,1,0,113.4,2,120.0,0,1,25000.0,25000.0,25000.0,0.0,1.0,1,25000.0,1,25000.0,1,25000.0,1,1,1,0,0,1
TXN_00000112,20000.0,9.90353755128617,5,5,17,1,1,1,0,0,1,0,0,1,0,113.4,3,120.0,0,2,50000.0,25000.0,25000.0,0.0,0.8,2,50000.0,2,50000.0,2,50000.0,1,1,2,0,0,1
TXN_00000113,20000.0,9.90353755128617,5,5,17,1,1,1,0,0,1,0,0,1,0,113.41,4,180.0,0,3,70000.0,23333.33,25000.0,2886.75,0.8571,3,70000.0,3,70000.0,3,70000.0,1,1,3,0,0,1
TXN_00000114,20000.0,9.90353755128617,5,5,17,1,1,1,0,0,1,0,0,1,0,90.16,1,-1.0,1,0,0.0,0.0,0.0,0.0,1.0,0,0.0,0,0.0,0,0.0,0,0,0,1,1,1
TXN_00000115,20000.0,9.90353755128617,5,5,17,1,1,1,0,0,1,0,0,1,0,90.16,2,120.0,0,1,20000.0,20000.0,20000.0,0.0,1.0,1,20000.0,1,20000.0,1,20000.0,1,1,1,0,0,1
TXN_00000116,15000.0,9.61587214452889,5,5,17,1,1,1,0,0,1,0,0,1,0,90.16,3,180.0,0,2,40000.0,20000.0,20000.0,0.0,0.75,2,40000.0,2,40000.0,2,40000.0,1,1,2,0,0,1
TXN_00000117,15000.0,9.61587214452889,5,5,17,1,1,1,0,0,1,0,0,1,0,90.16,4,60.0,0,3,55000.0,18333.33,20000.0,2886.75,0.8182,3,55000.0,3,55000.0,3,55000.0,1,1,3,0,0,1
TXN_00001502,323.29,5.781638177191837,6,5,17,1,0,0,1,1,0,0,0,0,1,88.71,1,-1.0,1,0,0.0,0.0,0.0,0.0,1.0,0,0.0,0,0.0,0,0.0,0,0,0,1,1,0
TXN_00001428,1660.18,7.415283472194598,6,5,17,1,0,0,1,0,0,1,0,0,1,177.92,2,1272971.0,0,1,1335.45,1335.45,1335.45,0.0,1.2432,0,0.0,0,0.0,0,0.0,1,1,0,0,1,0
TXN_00000984,576.34,6.358431347731711,8,5,17,1,0,1,0,1,0,0,0,1,0,24.83,1,-1.0,1,0,0.0,0.0,0.0,0.0,1.0,0,0.0,0,0.0,0,0.0,0,0,0,1,1,1
TXN_00001949,889.1,6.791333815964886,8,5,17,1,0,1,0,0,0,0,1,1,0,345.13,2,1420188.0,0,1,496.6,496.6,496.6,0.0,1.7904,0,0.0,0,0.0,0,0.0,1,1,0,0,0,1
TXN_00000664,881.41,6.782656800603999,8,5,17,1,0,1,0,1,0,0,0,1,0,324.01,3,266193.0,0,2,5154.55,2577.28,3384.4,1141.45,0.342,0,0.0,0,0.0,2,5154.55,1,2,1,0,0,1
TXN_00000969,478.53,6.172806457538428,9,5,17,1,0,1,0,1,0,0,0,1,0,61.58,1,-1.0,1,0,0.0,0.0,0.0,0.0,1.0,0,0.0,0,0.0,0,0.0,0,0,0,1,1,1
TXN_00000743,781.64,6.662672820149173,9,5,17,1,0,0,1,0,0,0,1,0,1,21.67,2,430246.0,0,1,400.83,400.83,400.83,0.0,1.9501,0,0.0,0,0.0,1,400.83,1,1,0,0,0,0
TXN_00001505,284.93,5.655747025617644,10,5,17,1,0,0,1,0,0,1,0,0,1,257.56,2,737249.0,0,1,952.2,952.2,952.2,0.0,0.2992,0,0.0,0,0.0,0,0.0,1,1,0,0,0,0
TXN_00001371,2711.34,7.905567009933847,10,5,17,1,0,0,1,1,0,0,0,0,1,59.82,1,-1.0,1,0,0.0,0.0,0.0,0.0,1.0,0,0.0,0,0.0,0,0.0,0,0,0,1,1,0
TXN_00000387,481.33,6.17862852708946,11,5,17,1,0,0,1,0,0,1,0,0,1,105.34,1,-1.0,1,0,0.0,0.0,0.0,0.0,1.0,0,0.0,0,0.0,0,0.0,0,0,0,1,1,0
TXN_00001557,438.56,6.085774226578724,11,5,17,1,0,1,0,0,0,0,1,1,0,28.28,1,-1.0,1,0,0.0,0.0,0.0,0.0,1.0,0,0.0,0,0.0,0,0.0,0,0,0,1,1,1
TXN_00001480,1711.11,7.445481806974043,11,5,17,1,0,0,1,1,0,0,0,0,1,186.95,2,507774.0,0,1,2102.82,2102.82,2102.82,0.0,0.8137,0,0.0,0,0.0,1,2102.82,1,1,0,1,0,0
TXN_00001036,801.44,6.687657085853887,11,5,17,1,0,1,0,0,0,0,1,1,0,30.2,2,1046170.0,0,1,243.36,243.36,243.36,0.0,3.2932,0,0.0,0,0.0,0,0.0,1,1,1,1,0,1
TXN_00000077,49000.0,10.799595985047786,11,5,17,1,0,1,0,0,1,0,0,1,0,154.37,1,-1.0,1,0,0.0,0.0,0.0,0.0,1.0,0,0.0,0,0.0,0,0.0,0,0,0,1,1,1
TXN_00001633,1260.59,7.1401281091748015,12,5,17,1,0,0,1,0,0,1,0,0,1,157.38,3,90510.0,0,2,3752.5,1876.25,2284.69,577.62,0.6719,0,0.0,0,0.0,1,1467.81,1,1,0,0,0,0
TXN_00000576,1134.11,7.034484841518982,12,5,17,1,0,1,0,0,0,1,0,1,0,97.27,2,736200.0,0,1,3978.42,3978.42,3978.42,0.0,0.2851,0,0.0,0,0.0,0,0.0,1,1,0,0,0,1
TXN_00001874,1863.94,7.5309841599786305,12,5,17,1,0,0,1,1,0,0,0,0,1,142.88,1,-1.0,1,0,0.0,0.0,0.0,0.0,1.0,0,0.0,0,0.0,0,0.0,0,0,0,1,1,0
TXN_00001243,682.15,6.526714454784496,13,5,17,1,0,1,0,1,0,0,0,1,0,27.25,1,-1.0,1,0,0.0,0.0,0.0,0.0,1.0,0,0.0,0,0.0,0,0.0,0,0,0,1,1,1
TXN_00001469,682.34,6.526992539514315,13,5,17,1,0,1,0,1,0,0,0,1,0,208.29,2,1306931.0,0,1,3122.6,3122.6,3122.6,0.0,0.2185,0,0.0,0,0.0,0,0.0,1,1,0,0,0,1
TXN_00000081,24500.0,10.106469212026385,13,5,17,1,0,1,0,0,1,0,0,1,0,41.85,1,-1.0,1,0,0.0,0.0,0.0,0.0,1.0,0,0.0,0,0.0,0,0.0,0,0,0,1,1,1
TXN_00001047,565.04,6.33866474708417,15,5,17,1,0,0,1,1,0,0,0,0,1,77.83,2,715499.0,0,1,675.75,675.75,675.75,0.0,0.8362,0,0.0,0,0.0,0,0.0,1,1,1,0,0,0
TXN_00001756,2505.83,7.826774285727451,15,5,17,1,0,0,1,0,0,0,1,0,1,282.23,1,-1.0,1,0,0.0,0.0,0.0,0.0,1.0,0,0.0,0,0.0,0,0.0,0,0,0,1,1,0
TXN_00000717,207.34,5.3391713605563025,16,5,17,1,0,0,1,1,0,0,0,0,1,43.37,3,532569.0,0,2,2371.99,1185.99,1755.3,805.12,0.1748,0,0.0,0,0.0,1,616.69,1,1,0,0,0,0
TXN_00001822,1109.04,7.0121513296931335,16,5,17,1,0,1,0,0,0,1,0,1,0,23.22,1,-1.0,1,0,0.0,0.0,0.0,0.0,1.0,0,0.0,0,0.0,0,0.0,0,0,0,1,1,1
TXN_00000613,987.07,6.89575354544054,16,5,17,1,0,0,1,1,0,0,0,0,1,194.33,3,868934.0,0,2,3108.86,1554.43,2768.47,1716.91,0.635,0,0.0,0,0.0,0,0.0,2,1,0,0,0,0
TXN_00001961,2159.0,7.67786350067821,16,5,17,1,0,0,1,0,0,1,0,0,1,178.35,3,36791.0,0,2,2995.63,1497.82,1660.18,229.62,1.4414,0,0.0,1,1660.18,1,1660.18,1,2,0,1,0,0
TXN_00000079,48500.0,10.789339695269716,16,5,17,1,0,1,0,0,1,0,0,1,0,154.58,2,18000.0,0,1,49000.0,49000.0,49000.0,0.0,0.9898,0,0.0,1,49000.0,1,49000.0,1,1,1,0,0,0
TXN_00001595,146.65,4.994844608189932,18,5,17,1,0,0,1,1,0,0,0,0,1,31.85,1,-1.0,1,0,0.0,0.0,0.0,0.0,1.0,0,0.0,0,0.0,0,0.0,0,0,0,1,1,0
TXN_00000266,1250.0,7.1316985104669115,18,5,17,1,0,1,0,0,0,0,1,1,0,190.82,2,460832.0,0,1,5000.0,5000.0,5000.0,0.0,0.25,0,0.0,0,0.0,1,5000.0,1,1,1,0,0,0
TXN_00000638,912.42,6.817195796723135,19,5,17,1,0,0,1,0,0,0,1,0,1,49.26,2,1254340.0,0,1,4369.77,4369.77,4369.77,0.0,0.2088,0,0.0,0,0.0,0,0.0,1,1,0,0,0,0
TXN_00000082,24500.0,10.106469212026385,19,5,17,1,0,1,0,0,1,0,0,1,0,42.1,2,21600.0,0,1,24500.0,24500.0,24500.0,0.0,1.0,0,0.0,1,24500.0,1,24500.0,1,1,1,0,0,0
TXN_00000078,49000.0,10.799595985047786,19,5,17,1,0,1,0,0,1,0,0,1,0,154.7,3,10800.0,0,2,97500.0,48750.0,49000.0,353.55,1.0051,0,0.0,2,97500.0,2,97500.0,1,1,1,0,0,0
TXN_00000966,2016.53,7.609629269922024,0,6,18,1,1,1,0,1,0,0,0,1,0,188.95,3,136715.0,0,2,2454.02,1227.01,2045.54,1157.58,1.6435,0,0.0,0,0.0,1,408.48,2,1,0,0,0,1
TXN_00001409,430.1,6.066340081753089,1,6,18,1,1,1,0,0,0,1,0,1,0,96.21,2,1300141.0,0,1,1281.78,1281.78,1281.78,0.0,0.3355,0,0.0,0,0.0,0,0.0,1,1,0,1,1,1
TXN_00001906,349.63,5.859731536424839,1,6,18,1,1,1,0,1,0,0,0,1,0,114.24,1,-1.0,1,0,0.0,0.0,0.0,0.0,1.0,0,0.0,0,0.0,0,0.0,0,0,0,1,1,1
TXN_00000398,4191.75,8.341112122211737,2,6,18,1,1,1,0,0,0,1,0,1,0,331.68,2,1043175.0,0,1,2706.53,2706.53,2706.53,0.0,1.5488,0,0.0,0,0.0,0,0.0,1,1,1,0,1,1
TXN_00001575,455.02,6.122536668201702,2,6,18,1,1,0,1,0,0,1,0,0,1,115.3,2,154203.0,0,1,2990.3,2990.3,2990.3,0.0,0.1522,0,0.0,0,0.0,1,2990.3,1,1,0,1,0,0
TXN_00001689,179.34,5.19484395807176,7,6,18,1,0,0,1,1,0,0,0,0,1,60.56,1,-1.0,1,0,0.0,0.0,0.0,0.0,1.0,0,0.0,0,0.0,0,0.0,0,0,0,1,1,0
TXN_00000707,1689.49,7.432773706720803,8,6,18,1,0,0,1,0,0,1,0,0,1,213.02,3,495620.0,0,2,4270.89,2135.45,3440.27,1845.3,0.7912,0,0.0,0,0.0,1,830.62,1,2,1,0,0,0
TXN_00001369,3530.34,8.169432681295634,9,6,18,1,0,0,1,0,0,0,1,0,1,28.45,1,-1.0,1,0,0.0,0.0,0.0,0.0,1.0,0,0.0,0,0.0,0,0.0,0,0,0,1,1,0
TXN_00000586,4044.39,8.305333240172498,9,6,18,1,0,1,0,0,0,0,1,1,0,50.81,4,644958.0,0,3,5474.49,1824.83,4833.12,2613.96,2.2163,0,0.0,0,0.0,0,0.0,2,3,0,0,0,1
TXN_00000058,49000.0,10.799595985047786,11,6,18,1,0,1,0,0,1,0,0,1,0,25.83,1,-1.0,1,0,0.0,0.0,0.0,0.0,1.0,0,0.0,0,0.0,0,0.0,0,0,0,1,1,1
TXN_00001016,1578.17,7.364654671538286,12,6,18,1,0,1,0,0,0,0,1,1,0,77.01,1,-1.0,1,0,0.0,0.0,0.0,0.0,1.0,0,0.0,0,0.0,0,0.0,0,0,0,1,1,1
TXN_00000118,15000.0,9.61587214452889,12,6,18,1,0,1,0,0,1,0,0,1,0,112.48,1,-1.0,1,0,0.0,0.0,0.0,0.0,1.0,0,0.0,0,0.0,0,0.0,0,0,0,1,1,1
TXN_00000119,15000.0,9.61587214452889,12,6,18,1,0,1,0,0,1,0,0,1,0,112.48,2,60.0,0,1,15000.0,15000.0,15000.0,0.0,1.0,1,15000.0,1,15000.0,1,15000.0,1,1,1,0,0,1
TXN_00000120,15000.0,9.61587214452889,12,6,18,1,0,1,0,0,1,0,0,1,0,112.49,3,120.0,0,2,30000.0,15000.0,15000.0,0.0,1.0,2,30000.0,2,30000.0,2,30000.0,1,1,2,0,0,1
TXN_00000121,20000.0,9.90353755128617,13,6,18,1,0,1,0,0,1,0,0,1,0,112.49,4,180.0,0,3,45000.0,15000.0,15000.0,0.0,1.3333,3,45000.0,3,45000.0,3,45000.0,1,1,3,0,0,1
TXN_00000122,15000.0,9.61587214452889,13,6,18,1,0,1,0,0,1,0,0,1,0,49.16,1,-1.0,1,0,0.0,0.0,0.0,0.0,1.0,0,0.0,0,0.0,0,0.0,0,0,0,1,1,1
TXN_00000123,20000.0,9.90353755128617,13,6,18,1,0,1,0,0,1,0,0,1,0,49.16,2,180.0,0,1,15000.0,15000.0,15000.0,0.0,1.3333,1,15000.0,1,15000.0,1,15000.0,1,1,1,0,0,1
TXN_00000124,20000.0,9.90353755128617,13,6,18,1,0,1,0,0,1,0,0,1,0,49.16,3,60.0,0,2,35000.0,17500.0,20000.0,3535.53,1.1429,2,35000.0,2,35000.0,2,35000.0,1,1,2,0,0,1
TXN_00000125,20000.0,9.90353755128617,13,6,18,1,0,1,0,0,1,0,0,1,0,49.16,4,180.0,0,3,55000.0,18333.33,20000.0,2886.75,1.0909,3,55000.0,3,55000.0,3,55000.0,1,1,3,0,0,1
TXN_00001734,858.93,6.756850990585935,13,6,18,1,0,0,1,0,0,0,1,0,1,34.21,3,155499.0,0,2,2680.1,1340.05,1875.38,757.07,0.641,0,0.0,0,0.0,2,2680.1,1,2,0,0,0,0
TXN_00000126,30000.0,10.308985993422082,13,6,18,1,0,1,0,0,1,0,0,1,0,266.2,1,-1.0,1,0,0.0,0.0,0.0,0.0,1.0,0,0.0,0,0.0,0,0.0,0,0,0,1,1,1
TXN_00000127,25000.0,10.12667110305036,13,6,18,1,0,1,0,0,1,0,0,1,0,266.2,2,120.0,0,1,30000.0,30000.0,30000.0,0.0,0.8333,1,30000.0,1,30000.0,1,30000.0,1,1,1,0,0,1
TXN_00000128,30000.0,10.308985993422082,13,6,18,1,0,1,0,0,1,0,0,1,0,266.2,3,60.0,0,2,55000.0,27500.0,30000.0,3535.53,1.0909,2,55000.0,2,55000.0,2,55000.0,1,1,2,0,0,1
TXN_00000129,20000.0,9.90353755128617,13,6,18,1,0,1,0,0,1,0,0,1,0,266.21,4,180.0,0,3,85000.0,28333.33,30000.0,2886.75,0.7059,3,85000.0,3,85000.0,3,85000.0,1,1,3,0,0,1
TXN_00000130,15000.0,9.61587214452889,13,6,18,1,0,1,0,0,1,0,0,1,0,80.97,1,-1.0,1,0,0.0,0.0,0.0,0.0,1.0,0,0.0,0,0.0,0,0.0,0,0,0,1,1,1
TXN_00000131,25000.0,10.12667110305036,13,6,18,1,0,1,0,0,1,0,0,1,0,80.97,2,120.0,0,1,15000.0,15000.0,15000.0,0.0,1.6667,1,15000.0,1,15000.0,1,15000.0,1,1,1,0,0,1
TXN_00000132,15000.0,9.61587214452889,13,6,18,1,0,1,0,0,1,0,0,1,0,80.97,3,180.0,0,2,40000.0,20000.0,25000.0,7071.07,0.75,2,40000.0,2,40000.0,2,40000.0,1,1,2,0,0,1
TXN_00001830,672.78,6.512903648133584,13,6,18,1,0,0,1,0,0,0,1,0,1,30.6,3,687326.0,0,2,8560.96,4280.48,8411.66,5842.37,0.1572,0,0.0,0,0.0,0,0.0,2,1,2,0,0,0
TXN_00000133,20000.0,9.90353755128617,13,6,18,1,0,1,0,0,1,0,0,1,0,80.97,4,120.0,0,3,55000.0,18333.33,25000.0,5773.5,1.0909,3,55000.0,3,55000.0,3,55000.0,1,1,3,0,0,1
TXN_00000134,20000.0,9.90353755128617,13,6,18,1,0,1,0,0,1,0,0,1,0,126.6,1,-1.0,1,0,0.0,0.0,0.0,0.0,1.0,0,0.0,0,0.0,0,0.0,0,0,0,1,1,1
TXN_00000135,30000.0,10.308985993422082,13,6,18,1,0,1,0,0,1,0,0,1,0,126.6,2,60.0,0,1,20000.0,20000.0,20000.0,0.0,1.5,1,20000.0,1,20000.0,1,20000.0,1,1,1,0,0,1
TXN_00000136,25000.0,10.12667110305036,13,6,18,1,0,1,0,0,1,0,0,1,0,126.6,3,120.0,0,2,50000.0,25000.0,30000.0,7071.07,1.0,2,50000.0,2,50000.0,2,50000.0,1,1,2,0,0,1
TXN_00000137,20000.0,9.90353755128617,13,6,18,1,0,1,0,0,1,0,0,1,0,126.6,4,120.0,0,3,75000.0,25000.0,30000.0,5000.0,0.8,3,75000.0,3,75000.0,3,75000.0,1,1,3,0,0,1
TXN_00000977,1014.52,6.92315607555816,14,6,18,1,0,1,0,0,0,1,0,1,0,120.65,3,619701.0,0,2,1675.47,837.74,1587.14,1059.82,1.211,0,0.0,0,0.0,0,0.0,1,1,2,1,0,1
TXN_00001212,588.72,6.379647847981619,14,6,18,1,0,0,1,1,0,0,0,0,1,23.67,1,-1.0,1,0,0.0,0.0,0.0,0.0,1.0,0,0.0,0,0.0,0,0.0,0,0,0,1,1,0
TXN_00001762,225.02,5.420623490932004,15,6,18,1,0,0,1,1,0,0,0,0,1,102.47,1,-1.0,1,0,0.0,0.0,0.0,0.0,1.0,0,0.0,0,0.0,0,0.0,0,0,0,1,1,0
TXN_00000080,24500.0,10.106469212026385,15,6,18,1,0,1,0,0,1,0,0,1,0,155.53,4,72000.0,0,3,146500.0,48833.33,49000.0,288.68,0.5017,0,0.0,2,97500.0,3,146500.0,1,1,1,0,0,0
TXN_00001125,235.98,5.467975749388594,15,6,18,1,0,0,1,0,0,1,0,0,1,59.94,1,-1.0,1,0,0.0,0.0,0.0,0.0,1.0,0,0.0,0,0.0,0,0.0,0,0,0,1,1,0
TXN_00000900,1429.07,7.26547867310484,16,6,18,1,0,1,0,0,0,1,0,1,0,225.54,2,406738.0,0,1,1547.83,1547.83,1547.83,0.0,0.9233,0,0.0,0,0.0,1,1547.83,1,1,0,0,0,1
TXN_00000762,253.05,5.537531098039741,16,6,18,1,0,0,1,0,0,0,1,0,1,152.11,3,1276229.0,0,2,1361.55,680.78,846.36,234.17,0.3717,0,0.0,0,0.0,0,0.0,1,1,0,0,0,0
TXN_00000202,49999.0,10.819778284410283,17,6,18,1,0,1,0,0,1,0,0,1,0,172.73,1,-1.0,1,0,0.0,0.0,0.0,0.0,1.0,0,0.0,0,0.0,0,0.0,0,0,0,1,1,1
TXN_00000203,99500.0,11.507922973347437,17,6,18,1,0,1,0,0,1,0,0,1,0,172.73,2,17.0,0,1,49999.0,49999.0,49999.0,0.0,1.99,1,49999.0,1,49999.0,1,49999.0,1,1,1,0,0,0
TXN_00000204,49500.0,10.809748150372926,17,6,18,1,0,1,0,0,1,0,0,1,0,20.98,1,-1.0,1,0,0.0,0.0,0.0,0.0,1.0,0,0.0,0,0.0,0,0.0,0,0,0,1,1,1
TXN_00000205,49999.0,10.819778284410283,17,6,18,1,0,1,0,0,1,0,0,1,0,20.98,2,16.0,0,1,49500.0,49500.0,49500.0,0.0,1.0101,1,49500.0,1,49500.0,1,49500.0,1,1,1,0,0,0
TXN_00000206,99500.0,11.507922973347437,17,6,18,1,0,1,0,0,1,0,0,1,0,21.54,1,-1.0,1,0,0.0,0.0,0.0,0.0,1.0,0,0.0,0,0.0,0,0.0,0,0,0,1,1,1
TXN_00000207,49000.0,10.799595985047786,17,6,18,1,0,1,0,0,1,0,0,1,0,21.54,2,12.0,0,1,99500.0,99500.0,99500.0,0.0,0.4925,1,99500.0,1,99500.0,1,99500.0,1,1,1,0,0,0
TXN_00000208,49000.0,10.799595985047786,17,6,18,1,0,1,0,0,1,0,0,1,0,172.35,1,-1.0,1,0,0.0,0.0,0.0,0.0,1.0,0,0.0,0,0.0,0,0.0,0,0,0,1,1,1
TXN_00000209,49999.0,10.819778284410283,17,6,18,1,0,1,0,0,1,0,0,1,0,172.36,2,26.0,0,1,49000.0,49000.0,49000.0,0.0,1.0204,1,49000.0,1,49000.0,1,49000.0,1,1,1,0,0,0
TXN_00000636,899.73,6.803205545662573,17,6,18,1,0,1,0,1,0,0,0,1,0,193.75,3,903137.0,0,2,3083.45,1541.73,2901.9,1923.58,0.5836,0,0.0,0,0.0,0,0.0,2,1,2,0,0,1
TXN_00000210,49999.0,10.819778284410283,17,6,18,1,0,1,0,0,1,0,0,1,0,64.43,1,-1.0,1,0,0.0,0.0,0.0,0.0,1.0,0,0.0,0,0.0,0,0.0,0,0,0,1,1,1
TXN_00000211,49500.0,10.809748150372926,17,6,18,1,0,1,0,0,1,0,0,1,0,64.43,2,33.0,0,1,49999.0,49999.0,49999.0,0.0,0.99,1,49999.0,1,49999.0,1,49999.0,1,1,1,0,0,0
TXN_00000212,49500.0,10.809748150372926,17,6,18,1,0,1,0,0,1,0,0,1,0,64.43,3,24.0,0,2,99499.0,49749.5,49999.0,352.85,0.995,2,99499.0,2,99499.0,2,99499.0,1,1,1,0,0,0
TXN_00000213,49500.0,10.809748150372926,17,6,18,1,0,1,0,0,1,0,0,1,0,64.43,4,20.0,0,3,148999.0,49666.33,49999.0,288.1,0.9967,3,148999.0,3,148999.0,3,148999.0,1,1,1,0,0,0
TXN_00000214,49500.0,10.809748150372926,17,6,18,1,0,1,0,0,1,0,0,1,0,41.81,1,-1.0,1,0,0.0,0.0,0.0,0.0,1.0,0,0.0,0,0.0,0,0.0,0,0,0,1,1,1
TXN_00000215,99500.0,11.507922973347437,17,6,18,1,0,1,0,0,1,0,0,1,0,41.81,2,31.0,0,1,49500.0,49500.0,49500.0,0.0,2.0101,1,49500.0,1,49500.0,1,49500.0,1,1,1,0,0,0
TXN_00000216,99500.0,11.507922973347437,17,6,18,1,0,1,0,0,1,0,0,1,0,41.81,3,21.0,0,2,149000.0,74500.0,99500.0,35355.34,1.3356,2,149000.0,2,149000.0,2,149000.0,1,1,1,0,0,0
TXN_00000217,49000.0,10.799595985047786,17,6,18,1,0,1,0,0,1,0,0,1,0,41.81,4,27.0,0,3,248500.0,82833.33,99500.0,28867.51,0.5915,3,248500.0,3,248500.0,3,248500.0,1,1,1,0,0,0
TXN_00000884,1896.78,7.548440060965843,17,6,18,1,0,0,1,1,0,0,0,0,1,61.83,2,828019.0,0,1,1515.75,1515.75,1515.75,0.0,1.2514,0,0.0,0,0.0,0,0.0,1,1,0,0,1,0
TXN_00000218,99500.0,11.507922973347437,17,6,18,1,0,1,0,0,1,0,0,1,0,45.61,1,-1.0,1,0,0.0,0.0,0.0,0.0,1.0,0,0.0,0,0.0,0,0.0,0,0,0,1,1,1
TXN_00000219,49999.0,10.819778284410283,17,6,18,1,0,1,0,0,1,0,0,1,0,45.61,2,33.0,0,1,99500.0,99500.0,99500.0,0.0,0.5025,1,99500.0,1,99500.0,1,99500.0,1,1,1,0,0,0
TXN_00001559,1003.35,6.912095845080557,17,6,18,1,0,0,1,1,0,0,0,0,1,44.78,2,376246.0,0,1,489.69,489.69,489.69,0.0,2.0489,0,0.0,0,0.0,1,489.69,1,1,1,1,0,0
TXN_00001835,887.86,6.789939742797618,18,6,18,1,0,1,0,0,0,1,0,1,0,90.23,2,131583.0,0,1,323.29,323.29,323.29,0.0,2.7463,0,0.0,0,0.0,1,323.29,1,1,0,1,0,1
TXN_00001778,1074.6,6.980633924394709,18,6,18,1,0,1,0,0,0,1,0,1,0,167.2,3,485108.0,0,2,2209.77,1104.88,1986.44,1246.71,0.9726,0,0.0,0,0.0,1,1986.44,2,1,0,0,0,1
TXN_00001507,323.03,5.780836104098492,20,6,18,1,0,1,0,1,0,0,0,1,0,89.49,5,443389.0,0,4,8417.94,2104.49,7651.4,3698.02,0.1535,0,0.0,0,0.0,1,7651.4,1,1,0,0,0,1
TXN_00001455,1715.5,7.448042612897747,21,6,18,1,0,0,1,0,0,1,0,0,1,129.38,1,-1.0,1,0,0.0,0.0,0.0,0.0,1.0,0,0.0,0,0.0,0,0.0,0,0,0,1,1,0
TXN_00001093,650.14,6.478724672851264,23,6,18,1,0,0,1,1,0,0,0,0,1,63.48,1,-1.0,1,0,0.0,0.0,0.0,0.0,1.0,0,0.0,0,0.0,0,0.0,0,0,0,1,1,0
TXN_00000425,3529.81,8.169282585361394,23,6,18,1,0,0,1,0,0,1,0,0,1,53.91,1,-1.0,1,0,0.0,0.0,0.0,0.0,1.0,0,0.0,0,0.0,0,0.0,0,0,0,1,1,0
TXN_00001348,2266.24,7.726318511688333,0,0,19,0,1,0,1,0,0,0,1,0,1,124.03,2,396330.0,0,1,160.09,160.09,160.09,0.0,14.156,0,0.0,0,0.0,1,160.09,1,1,0,0,0,0
TXN_00001121,294.6,5.689007189074046,0,0,19,0,1,1,0,0,0,1,0,1,0,284.42,1,-1.0,1,0,0.0,0.0,0.0,0.0,1.0,0,0.0,0,0.0,0,0.0,0,0,0,1,1,1
TXN_00000685,1014.1,6.922742408790385,1,0,19,0,1,1,0,0,0,0,1,1,0,124.07,3,3528.0,0,2,2426.33,1213.16,2266.24,1489.27,0.8359,1,2266.24,1,2266.24,2,2426.33,1,1,0,0,0,1
TXN_00001389,2004.65,7.603723476728784,1,0,19,0,1,1,0,1,0,0,0,1,0,145.71,2,509358.0,0,1,1956.39,1956.39,1956.39,0.0,1.0247,0,0.0,0,0.0,1,1956.39,1,1,0,1,1,1
TXN_00000936,305.79,5.726163474437768,1,0,19,0,1,0,1,1,0,0,0,0,1,106.66,1,-1.0,1,0,0.0,0.0,0.0,0.0,1.0,0,0.0,0,0.0,0,0.0,0,0,0,1,1,0
TXN_00000060,24800.0,10.118639253920785,2,0,19,0,1,1,0,0,1,0,0,1,0,26.46,2,54000.0,0,1,49000.0,49000.0,49000.0,0.0,0.5061,0,0.0,1,49000.0,1,49000.0,1,1,1,0,0,0
TXN_00001179,1889.8,7.544755298919081,2,0,19,0,1,0,1,1,0,0,0,0,1,126.67,2,1466595.0,0,1,1808.9,1808.9,1808.9,0.0,1.0447,0,0.0,0,0.0,0,0.0,1,1,1,0,0,0
TXN_00001498,152.19,5.031678981024605,3,0,19,0,1,1,0,1,0,0,0,1,0,159.03,4,142655.0,0,3,5013.09,1671.03,2284.69,541.45,0.0911,0,0.0,0,0.0,2,2728.4,1,1,0,0,0,1
TXN_00000571,821.43,6.712263372634794,4,0,19,0,1,1,0,0,0,0,1,1,0,153.9,3,196492.0,0,2,1688.89,844.45,1135.66,411.84,0.9727,0,0.0,0,0.0,2,1688.89,1,1,0,1,0,1
TXN_00001935,1521.29,7.3279710590362095,4,0,19,0,1,0,1,0,0,1,0,0,1,77.79,4,258443.0,0,3,2392.96,797.65,1480.43,592.07,1.9072,0,0.0,0,0.0,1,426.12,1,1,1,0,0,0
TXN_00001881,2378.55,7.774666673158218,4,0,19,0,1,1,0,0,0,0,1,1,0,28.88,2,140788.0,0,1,682.15,682.15,682.15,0.0,3.4868,0,0.0,0,0.0,1,682.15,1,1,1,0,0,1
TXN_00001915,1361.42,7.217017809217241,5,0,19,0,1,0,1,0,0,1,0,0,1,86.06,2,456151.0,0,1,732.0,732.0,732.0,0.0,1.8599,0,0.0,0,0.0,1,732.0,1,1,1,0,0,0
TXN_00000294,899.0,6.802394763324311,6,0,19,0,0,0,1,0,0,0,1,0,1,57.57,1,-1.0,1,0,0.0,0.0,0.0,0.0,1.0,0,0.0,0,0.0,0,0.0,0,0,0,1,1,0
TXN_00001411,3269.87,8.092811283550803,6,0,19,0,0,1,0,1,0,0,0,1,0,122.15,2,1305758.0,0,1,200.71,200.71,200.71,0.0,16.2915,0,0.0,0,0.0,0,0.0,1,1,0,0,0,1
TXN_00001280,668.33,6.506277212051428,8,0,19,0,0,0,1,0,0,0,1,0,1,50.82,3,134317.0,0,2,5282.19,2641.1,4369.77,2444.72,0.2531,0,0.0,0,0.0,1,912.42,1,1,0,0,0,0
TXN_00001578,55.28,4.030339232246188,8,0,19,0,0,0,1,0,0,1,0,0,1,29.42,2,83601.0,0,1,3530.34,3530.34,3530.34,0.0,0.0157,0,0.0,1,3530.34,1,3530.34,1,1,0,0,1,0
TXN_00000275,1250.0,7.1316985104669115,9,0,19,0,0,0,1,0,0,1,0,0,1,63.25,2,797556.0,0,1,150.0,150.0,150.0,0.0,8.3333,0,0.0,0,0.0,0,0.0,1,1,0,0,0,0
TXN_00000696,3252.76,8.087566529680926,9,0,19,0,0,0,1,1,0,0,0,0,1,55.87,2,337099.0,0,1,3080.2,3080.2,3080.2,0.0,1.056,0,0.0,0,0.0,1,3080.2,1,1,1,1,0,0
TXN_00001695,454.2,6.120736882812121,10,0,19,0,0,1,0,1,0,0,0,1,0,260.76,2,1239239.0,0,1,1100.71,1100.71,1100.71,0.0,0.4126,0,0.0,0,0.0,0,0.0,1,1,1,0,0,1
TXN_00000883,2224.96,7.7079435622221055,10,0,19,0,0,0,1,1,0,0,0,0,1,231.72,2,667984.0,0,1,793.46,793.46,793.46,0.0,2.8041,0,0.0,0,0.0,0,0.0,1,1,1,0,1,0
TXN_00000333,389.66,5.967837616476825,11,0,19,0,0,1,0,0,0,1,0,1,0,112.38,3,365567.0,0,2,3754.64,1877.32,2692.94,1153.46,0.2076,0,0.0,0,0.0,2,3754.64,2,1,0,1,1,1
TXN_00000059,24500.0,10.106469212026385,13,0,19,0,0,1,0,0,1,0,0,1,0,26.92,3,39600.0,0,2,73800.0,36900.0,49000.0,17111.98,0.664,0,0.0,1,24800.0,2,73800.0,1,1,1,0,0,0
TXN_00001764,1828.01,7.511530115844481,13,0,19,0,0,0,1,0,0,0,1,0,1,41.26,1,-1.0,1,0,0.0,0.0,0.0,0.0,1.0,0,0.0,0,0.0,0,0.0,0,0,0,1,1,0
TXN_00001438,2461.37,7.808879579774531,14,0,19,0,0,1,0,1,0,0,0,1,0,224.56,2,1386755.0,0,1,807.3,807.3,807.3,0.0,3.0489,0,0.0,0,0.0,0,0.0,1,1,1,0,0,1
TXN_00001781,998.29,6.90704502681277,15,0,19,0,0,0,1,1,0,0,0,0,1,169.76,2,1165040.0,0,1,270.28,270.28,270.28,0.0,3.6935,0,0.0,0,0.0,0,0.0,1,1,1,0,0,0
TXN_00000482,251.11,5.529865500206057,18,0,19,0,0,0,1,1,0,0,0,0,1,29.29,2,1408502.0,0,1,1038.89,1038.89,1038.89,0.0,0.2417,0,0.0,0,0.0,0,0.0,1,1,0,0,1,0
TXN_00000733,755.4,6.6285703367843025,18,0,19,0,0,0,1,1,0,0,0,0,1,31.8,4,104129.0,0,3,9233.74,3077.91,8411.66,4626.57,0.2454,0,0.0,0,0.0,1,672.78,2,1,2,0,0,0
TXN_00001164,2210.07,7.701231840238689,19,0,19,0,0,0,1,1,0,0,0,0,1,139.49,2,1287685.0,0,1,360.33,360.33,360.33,0.0,6.1335,0,0.0,0,0.0,0,0.0,1,1,0,0,0,0
TXN_00001700,303.49,5.7186382458881875,19,0,19,0,0,0,1,1,0,0,0,0,1,204.81,3,807119.0,0,2,822.83,411.42,717.22,432.47,0.7377,0,0.0,0,0.0,0,0.0,1,1,1,0,0,0
TXN_00000321,931.73,6.838115769898724,22,0,19,0,0,0,1,1,0,0,0,0,1,35.68,2,766575.0,0,1,180.16,180.16,180.16,0.0,5.1717,0,0.0,0,0.0,0,0.0,1,1,0,1,1,0
TXN_00001554,558.15,6.326417773474197,22,0,19,0,0,1,0,1,0,0,0,1,0,217.89,2,267145.0,0,1,1257.98,1257.98,1257.98,0.0,0.4437,0,0.0,0,0.0,1,1257.98,1,1,0,0,1,1
TXN_00001666,1159.81,7.056873316281321,22,0,19,0,0,0,1,0,0,1,0,0,1,45.18,2,387717.0,0,1,1499.02,1499.02,1499.02,0.0,0.7737,0,0.0,0,0.0,1,1499.02,1,1,0,1,1,0
TXN_00001468,2505.79,7.8267583291930505,23,0,19,0,0,0,1,0,0,0,1,0,1,103.81,2,115112.0,0,1,225.02,225.02,225.02,0.0,11.1359,0,0.0,0,0.0,1,225.02,1,1,0,0,1,0
TXN_00000278,899.0,6.802394763324311,0,1,20,0,1,0,1,0,0,1,0,0,1,26.76,2,271971.0,0,1,899.0,899.0,899.0,0.0,1.0,0,0.0,0,0.0,1,899.0,1,1,0,0,0,0
TXN_00001977,1763.22,7.475463945343562,0,1,20,0,1,1,0,0,0,1,0,1,0,202.51,1,-1.0,1,0,0.0,0.0,0.0,0.0,1.0,0,0.0,0,0.0,0,0.0,0,0,0,1,1,1
TXN_00000532,744.85,6.614524507599939,1,1,20,0,1,0,1,1,0,0,0,0,1,45.09,3,642641.0,0,2,1857.08,928.54,1159.95,327.26,0.8022,0,0.0,0,0.0,0,0.0,1,1,2,0,0,0
TXN_00000341,510.85,6.23803161336578,3,1,20,0,1,0,1,1,0,0,0,0,1,47.62,2,1083650.0,0,1,885.19,885.19,885.19,0.0,0.5771,0,0.0,0,0.0,0,0.0,1,1,1,1,0,0
TXN_00000694,2010.36,7.606566389166521,3,1,20,0,1,0,1,0,0,0,1,0,1,115.45,4,568615.0,0,3,2413.51,804.5,1690.33,800.25,2.4989,0,0.0,0,0.0,1,1690.33,1,1,0,0,1,0
TXN_00001784,949.66,6.857156480218768,3,1,20,0,1,1,0,1,0,0,0,1,0,189.78,2,441371.0,0,1,1476.77,1476.77,1476.77,0.0,0.6431,0,0.0,0,0.0,1,1476.77,1,1,0,0,0,1
TXN_00001102,832.94,6.7261614573247215,4,1,20,0,1,1,0,1,0,0,0,1,0,236.25,1,-1.0,1,0,0.0,0.0,0.0,0.0,1.0,0,0.0,0,0.0,0,0.0,0,0,0,1,1,1
TXN_00000922,2888.87,7.968966797395764,5,1,20,0,1,0,1,0,0,1,0,0,1,197.36,3,354625.0,0,2,2812.92,1406.46,2563.25,1635.95,2.054,0,0.0,0,0.0,1,2563.25,2,1,1,1,0,0
TXN_00000626,678.27,6.521018692112954,6,1,20,0,0,1,0,0,0,1,0,1,0,191.17,4,191460.0,0,3,4470.55,1490.18,2045.54,936.89,0.4552,0,0.0,0,0.0,2,2425.01,2,1,1,0,0,1
TXN_00000393,1602.66,7.380043795882815,7,1,20,0,0,0,1,0,0,0,1,0,1,69.24,1,-1.0,1,0,0.0,0.0,0.0,0.0,1.0,0,0.0,0,0.0,0,0.0,0,0,0,1,1,0
TXN_00001754,506.02,6.228550450544898,8,1,20,0,0,0,1,1,0,0,0,0,1,32.38,5,49931.0,0,4,9989.14,2497.28,8411.66,3952.04,0.2026,0,0.0,1,755.4,2,1428.18,2,1,2,0,0,0
TXN_00000285,3500.0,8.160803920954665,9,1,20,0,0,0,1,0,0,0,1,0,1,185.67,2,1347859.0,0,1,150.0,150.0,150.0,0.0,23.3333,0,0.0,0,0.0,0,0.0,1,1,0,0,0,0
TXN_00000541,798.52,6.684011547595895,10,1,20,0,0,0,1,1,0,0,0,0,1,117.62,3,200460.0,0,2,3445.32,1722.66,2990.3,1792.71,0.4635,0,0.0,0,0.0,2,3445.32,2,1,0,0,0,0
TXN_00001825,977.09,6.885601690340696,11,1,20,0,0,0,1,1,0,0,0,0,1,211.34,1,-1.0,1,0,0.0,0.0,0.0,0.0,1.0,0,0.0,0,0.0,0,0.0,0,0,0,1,1,0
TXN_00000412,298.33,5.701546643714624,11,1,20,0,0,0,1,1,0,0,0,0,1,41.48,5,414657.0,0,4,3997.53,999.38,2233.93,1099.44,0.2985,0,0.0,0,0.0,2,144.82,1,3,3,0,0,0
TXN_00001834,368.88,5.913178628709438,11,1,20,0,0,0,1,0,0,1,0,0,1,327.07,2,669745.0,0,1,2231.17,2231.17,2231.17,0.0,0.1653,0,0.0,0,0.0,0,0.0,1,1,0,0,1,0
TXN_00000272,899.0,6.802394763324311,11,1,20,0,0,0,1,0,0,1,0,0,1,198.6,2,872490.0,0,1,150.0,150.0,150.0,0.0,5.9933,0,0.0,0,0.0,0,0.0,1,1,0,0,0,0
TXN_00001856,726.78,6.589998804723531,12,1,20,0,0,1,0,0,0,1,0,1,0,28.02,2,275166.0,0,1,576.34,576.34,576.34,0.0,1.261,0,0.0,0,0.0,1,576.34,1,1,1,0,0,0
TXN_00001006,274.92,5.620110968628586,13,1,20,0,0,0,1,0,0,0,1,0,1,27.51,2,1212017.0,0,1,669.01,669.01,669.01,0.0,0.4109,0,0.0,0,0.0,0,0.0,1,1,1,1,0,0
TXN_00000996,89.33,4.503469631161752,13,1,20,0,0,0,1,1,0,0,0,0,1,57.3,4,918316.0,0,3,2427.35,809.12,1072.55,320.92,0.1104,0,0.0,0,0.0,0,0.0,2,2,1,0,1,0
TXN_00000811,74.01,4.317621437981545,15,1,20,0,0,0,1,1,0,0,0,0,1,33.5,4,608430.0,0,3,863.55,287.85,398.1,155.73,0.2571,0,0.0,0,0.0,0,0.0,1,1,0,0,0,0
TXN_00001088,2138.92,7.6685237241395585,15,1,20,0,0,0,1,1,0,0,0,0,1,141.38,3,429214.0,0,2,2894.99,1447.5,2651.57,1702.82,1.4777,0,0.0,0,0.0,2,2894.99,1,1,0,0,0,0
TXN_00001823,348.44,5.856331873116486,15,1,20,0,0,0,1,1,0,0,0,0,1,98.49,2,964298.0,0,1,3558.0,3558.0,3558.0,0.0,0.0979,0,0.0,0,0.0,0,0.0,1,1,0,1,1,0
TXN_00001418,2682.49,7.894873465133323,15,1,20,0,0,0,1,0,0,0,1,0,1,100.41,3,271408.0,0,2,5112.53,2556.26,3978.42,2011.23,1.0494,0,0.0,0,0.0,1,1134.11,1,1,1,0,0,0
TXN_00000464,1183.81,7.077337703161049,15,1,20,0,0,0,1,1,0,0,0,0,1,131.95,2,1394354.0,0,1,542.24,542.24,542.24,0.0,2.1832,0,0.0,0,0.0,0,0.0,1,1,0,0,1,0
TXN_00000537,236.14,5.4686506840299245,16,1,20,0,0,0,1,1,0,0,0,0,1,199.69,1,-1.0,1,0,0.0,0.0,0.0,0.0,1.0,0,0.0,0,0.0,0,0.0,0,0,0,1,1,0
TXN_00000644,758.92,6.633213164581927,17,1,20,0,0,1,0,0,0,1,0,1,0,29.47,2,1301684.0,0,1,218.25,218.25,218.25,0.0,3.4773,0,0.0,0,0.0,0,0.0,1,1,0,0,0,1
TXN_00000396,315.33,5.756785972478502,18,1,20,0,0,1,0,1,0,0,0,1,0,145.39,3,987526.0,0,2,3158.79,1579.39,1739.29,226.13,0.1997,0,0.0,0,0.0,0,0.0,1,2,0,0,0,1
TXN_00001917,4084.74,8.315258141439118,18,1,20,0,0,0,1,1,0,0,0,0,1,36.63,2,1008807.0,0,1,981.89,981.89,981.89,0.0,4.1601,0,0.0,0,0.0,0,0.0,1,1,0,0,0,0
TXN_00001186,1129.94,7.030804424311021,22,1,20,0,0,0,1,0,0,0,1,0,1,108.84,1,-1.0,1,0,0.0,0.0,0.0,0.0,1.0,0,0.0,0,0.0,0,0.0,0,0,0,1,1,0
TXN_00001321,1086.46,6.991599980677184,1,2,21,0,1,1,0,0,0,1,0,1,0,48.74,2,751226.0,0,1,399.91,399.91,399.91,0.0,2.7168,0,0.0,0,0.0,0,0.0,1,1,0,1,1,1
TXN_00000908,806.51,6.69395543892106,1,2,21,0,1,0,1,0,0,1,0,0,1,115.53,2,1345022.0,0,1,2349.75,2349.75,2349.75,0.0,0.3432,0,0.0,0,0.0,0,0.0,1,1,0,1,0,0
TXN_00000918,5158.49,8.548593016381588,1,2,21,0,1,1,0,1,0,0,0,1,0,176.03,2,530002.0,0,1,143.65,143.65,143.65,0.0,35.9101,0,0.0,0,0.0,1,143.65,1,1,0,0,0,1
TXN_00000919,593.49,6.387703895131501,1,2,21,0,1,1,0,0,0,0,1,1,0,270.3,1,-1.0,1,0,0.0,0.0,0.0,0.0,1.0,0,0.0,0,0.0,0,0.0,0,0,0,1,1,1
TXN_00001178,1045.5,6.953206541886054,3,2,21,0,1,0,1,0,0,0,1,0,1,33.55,3,819043.0,0,2,1320.05,660.02,1097.74,619.02,1.584,0,0.0,0,0.0,0,0.0,2,1,1,1,0,0
TXN_00001560,2733.15,7.9135758804460385,3,2,21,0,1,0,1,1,0,0,0,0,1,163.38,1,-1.0,1,0,0.0,0.0,0.0,0.0,1.0,0,0.0,0,0.0,0,0.0,0,0,0,1,1,0
TXN_00000627,899.82,6.803305459625633,3,2,21,0,1,1,0,0,0,0,1,1,0,99.28,3,265556.0,0,2,1711.88,855.94,1281.78,602.23,1.0513,0,0.0,0,0.0,1,430.1,2,2,1,0,0,1
TXN_00001937,898.29,6.801605563098832,3,2,21,0,1,0,1,0,0,0,1,0,1,90.62,3,371530.0,0,2,4053.03,2026.51,3399.48,1941.67,0.4433,0,0.0,0,0.0,2,4053.03,2,1,0,0,0,0
TXN_00001649,209.98,5.351763342253663,3,2,21,0,1,0,1,0,0,1,0,0,1,90.78,4,1380995.0,0,3,1401.69,467.23,621.08,173.16,0.4494,0,0.0,0,0.0,0,0.0,2,2,1,0,0,0
TXN_00001790,2167.5,7.681790963275421,4,2,21,0,1,0,1,1,0,0,0,0,1,117.35,2,268845.0,0,1,349.63,349.63,349.63,0.0,6.1994,0,0.0,0,0.0,1,349.63,1,1,1,0,0,0
TXN_00001650,2433.39,7.797451490785957,4,2,21,0,1,0,1,0,0,1,0,0,1,163.59,2,789673.0,0,1,368.29,368.29,368.29,0.0,6.6073,0,0.0,0,0.0,0,0.0,1,1,0,0,0,0
TXN_00000624,187.15,5.237239517039447,5,2,21,0,1,0,1,0,0,0,1,0,1,186.25,1,-1.0,1,0,0.0,0.0,0.0,0.0,1.0,0,0.0,0,0.0,0,0.0,0,0,0,1,1,0
TXN_00000640,1810.1,7.50168967447049,6,2,21,0,0,0,1,0,0,1,0,0,1,124.16,3,173648.0,0,2,3470.58,1735.29,3269.87,2170.22,1.0431,0,0.0,0,0.0,1,3269.87,1,1,1,0,0,0
TXN_00001482,1257.55,7.137715543623269,7,2,21,0,0,0,1,0,0,1,0,0,1,63.56,2,259573.0,0,1,179.34,179.34,179.34,0.0,7.0121,0,0.0,0,0.0,1,179.34,1,1,0,0,0,0
TXN_00000551,845.46,6.741062947060375,7,2,21,0,0,1,0,0,0,1,0,1,0,230.77,1,-1.0,1,0,0.0,0.0,0.0,0.0,1.0,0,0.0,0,0.0,0,0.0,0,0,0,1,1,1
TXN_00001201,1886.53,7.543024375036606,7,2,21,0,0,0,1,0,0,1,0,0,1,177.69,2,1016412.0,0,1,1616.92,1616.92,1616.92,0.0,1.1667,0,0.0,0,0.0,0,0.0,1,1,0,0,0,0
TXN_00001345,347.26,5.8529493272512365,7,2,21,0,0,0,1,1,0,0,0,0,1,30.85,3,134705.0,0,2,1290.0,645.0,1038.89,557.04,0.5384,0,0.0,0,0.0,1,251.11,1,2,0,0,0,0
TXN_00000948,1527.62,7.3321206465907816,8,2,21,0,0,0,1,1,0,0,0,0,1,134.23,2,520830.0,0,1,5282.86,5282.86,5282.86,0.0,0.2892,0,0.0,0,0.0,1,5282.86,1,1,1,1,0,0
TXN_00001496,1446.12,7.2773306533933795,9,2,21,0,0,1,0,1,0,0,0,1,0,212.99,2,1272737.0,0,1,419.43,419.43,419.43,0.0,3.4478,0,0.0,0,0.0,0,0.0,1,1,0,0,0,1
TXN_00000949,4408.99,8.391627700864625,10,2,21,0,0,0,1,0,0,0,1,0,1,187.11,2,421485.0,0,1,537.11,537.11,537.11,0.0,8.2087,0,0.0,0,0.0,1,537.11,1,1,1,0,0,0
TXN_00001370,397.89,5.9886856896575456,10,2,21,0,0,0,1,1,0,0,0,0,1,24.37,1,-1.0,1,0,0.0,0.0,0.0,0.0,1.0,0,0.0,0,0.0,0,0.0,0,0,0,1,1,0
TXN_00000597,594.58,6.389535720662434,10,2,21,0,0,1,0,0,0,0,1,1,0,218.4,2,1327427.0,0,1,1865.92,1865.92,1865.92,0.0,0.3187,0,0.0,0,0.0,0,0.0,1,1,1,1,0,1
TXN_00000625,448.94,6.109114240541353,11,2,21,0,0,0,1,0,0,0,1,0,1,79.97,2,256290.0,0,1,1578.17,1578.17,1578.17,0.0,0.2845,0,0.0,0,0.0,1,1578.17,1,1,1,1,0,0
TXN_00001112,1899.4,7.549819669312766,11,2,21,0,0,1,0,1,0,0,0,1,0,228.63,1,-1.0,1,0,0.0,0.0,0.0,0.0,1.0,0,0.0,0,0.0,0,0.0,0,0,0,1,1,1
TXN_00000714,498.94,6.214488091221615,11,2,21,0,0,0,1,1,0,0,0,0,1,30.38,2,1650115.0,0,1,1745.0,1745.0,1745.0,0.0,0.2859,0,0.0,0,0.0,0,0.0,1,1,1,1,0,0
TXN_00001308,1072.67,6.978837965284162,12,2,21,0,0,0,1,1,0,0,0,0,1,295.68,4,725128.0,0,3,2950.18,983.39,1629.49,589.81,1.0908,0,0.0,0,0.0,0,0.0,1,2,0,0,1,0
TXN_00000916,1750.41,7.468176456789764,13,2,21,0,0,0,1,0,0,0,1,0,1,33.19,3,923050.0,0,2,956.95,478.48,836.64,506.52,3.6583,0,0.0,0,0.0,0,0.0,1,1,0,1,0,0
TXN_00000794,204.15,5.323741418888195,14,2,21,0,0,0,1,0,0,1,0,0,1,172.72,2,1471781.0,0,1,785.72,785.72,785.72,0.0,0.2598,0,0.0,0,0.0,0,0.0,1,1,1,0,0,0
TXN_00001828,1691.92,7.434210127620321,16,2,21,0,0,0,1,0,0,0,1,0,1,144.51,2,798138.0,0,1,683.99,683.99,683.99,0.0,2.4736,0,0.0,0,0.0,0,0.0,1,1,0,1,0,0
TXN_00001769,1273.43,7.150254298808408,17,2,21,0,0,0,1,1,0,0,0,0,1,23.39,2,1472451.0,0,1,742.54,742.54,742.54,0.0,1.715,0,0.0,0,0.0,0,0.0,1,1,1,0,0,0
TXN_00001105,4174.72,8.337042077506107,18,2,21,0,0,1,0,1,0,0,0,1,0,100.24,2,1402691.0,0,1,1128.34,1128.34,1128.34,0.0,3.6999,0,0.0,0,0.0,0,0.0,1,1,0,0,0,1
TXN_00000793,1824.58,7.509653023745435,19,2,21,0,0,1,0,0,0,1,0,1,0,246.68,4,623361.0,0,3,1809.16,603.05,1019.37,376.62,3.0256,0,0.0,0,0.0,0,0.0,1,1,1,0,0,1
TXN_00001642,888.05,6.790153476901957,19,2,21,0,0,0,1,1,0,0,0,0,1,58.55,5,107792.0,0,4,2516.68,629.17,1072.55,445.18,1.4115,0,0.0,0,0.0,1,89.33,2,3,1,0,0,0
TXN_00001365,154.44,5.046259805069185,19,2,21,0,0,0,1,0,0,0,1,0,1,147.17,2,370473.0,0,1,1863.94,1863.94,1863.94,0.0,0.0829,0,0.0,0,0.0,1,1863.94,1,1,0,0,0,0
TXN_00001000,1932.91,7.567299139253069,19,2,21,0,0,0,1,1,0,0,0,0,1,109.42,2,237792.0,0,1,305.79,305.79,305.79,0.0,6.321,0,0.0,0,0.0,1,305.79,1,1,0,1,1,0
TXN_00000612,443.71,6.097422384333755,20,2,21,0,0,1,0,0,0,0,1,1,0,130.37,1,-1.0,1,0,0.0,0.0,0.0,0.0,1.0,0,0.0,0,0.0,0,0.0,0,0,0,1,1,1
TXN_00000368,975.03,6.883493323645617,20,2,21,0,0,0,1,0,0,1,0,0,1,78.59,1,-1.0,1,0,0.0,0.0,0.0,0.0,1.0,0,0.0,0,0.0,0,0.0,0,0,0,1,1,0
TXN_00001888,2314.95,7.747575249513382,21,2,21,0,0,0,1,1,0,0,0,0,1,320.96,5,413108.0,0,4,6197.87,1549.47,3539.18,1437.24,1.494,0,0.0,0,0.0,2,1344.87,2,2,2,0,0,0
TXN_00001255,165.14,5.112830806410925,22,2,21,0,0,0,1,1,0,0,0,0,1,220.36,3,504097.0,0,2,2846.0,1423.0,2571.71,1624.52,0.1161,0,0.0,0,0.0,1,2571.71,2,1,1,0,0,0
TXN_00000874,364.67,5.9017312873358545,23,2,21,0,0,1,0,1,0,0,0,1,0,271.2,2,77788.0,0,1,593.49,593.49,593.49,0.0,0.6145,0,0.0,1,593.49,1,593.49,1,1,1,0,0,1
TXN_00001708,548.65,6.309281712024872,23,2,21,0,0,0,1,1,0,0,0,0,1,78.71,2,10987.0,0,1,975.03,975.03,975.03,0.0,0.5627,0,0.0,1,975.03,1,975.03,1,1,0,0,0,0
TXN_00001563,364.19,5.900417766089615,23,2,21,0,0,1,0,0,0,1,0,1,0,74.14,3,1159118.0,0,2,2266.73,1133.37,1928.11,1123.94,0.3213,0,0.0,0,0.0,0,0.0,2,2,0,0,0,1
TXN_00001143,2575.8,7.8543035980169895,0,3,22,0,1,0,1,1,0,0,0,0,1,328.63,4,399917.0,0,3,6035.96,2011.99,3384.4,1268.9,1.2802,0,0.0,0,0.0,1,881.41,1,2,2,0,0,0
TXN_00001168,1328.87,7.192836472077606,0,3,22,0,1,0,1,0,0,1,0,0,1,80.51,3,46159.0,0,2,2027.11,1013.56,1578.17,798.49,1.3111,0,0.0,1,448.94,2,2027.11,2,1,1,1,0,0
TXN_00001910,2815.57,7.943275111567554,0,3,22,0,1,1,0,0,0,1,0,1,0,40.7,3,417524.0,0,2,1782.64,891.32,1595.01,995.17,3.1589,0,0.0,0,0.0,1,1595.01,1,1,1,0,0,1
TXN_00000630,1111.19,7.014086323524408,0,3,22,0,1,1,0,1,0,0,0,1,0,168.39,1,-1.0,1,0,0.0,0.0,0.0,0.0,1.0,0,0.0,0,0.0,0,0.0,0,0,0,1,1,1
TXN_00001336,345.04,5.846554375312174,1,3,22,0,1,0,1,0,0,1,0,0,1,117.37,5,165671.0,0,4,4423.87,1105.97,2010.36,889.08,0.312,0,0.0,0,0.0,1,2010.36,1,2,0,1,0,0
TXN_00001052,293.45,5.685109209390579,4,3,22,0,1,0,1,1,0,0,0,0,1,69.5,1,-1.0,1,0,0.0,0.0,0.0,0.0,1.0,0,0.0,0,0.0,0,0.0,0,0,0,1,1,0
TXN_00001863,606.9,6.410010394754677,5,3,22,0,1,0,1,1,0,0,0,0,1,48.52,2,1689100.0,0,1,1723.06,1723.06,1723.06,0.0,0.3522,0,0.0,0,0.0,0,0.0,1,1,0,1,0,0
TXN_00001078,3659.16,8.205262141286896,6,3,22,0,0,1,0,0,0,0,1,1,0,49.95,3,104373.0,0,2,1486.37,743.19,1086.46,485.46,4.9236,0,0.0,0,0.0,1,1086.46,2,2,1,0,0,1
TXN_00001634,712.06,6.56956556834641,7,3,22,0,0,0,1,0,0,1,0,0,1,70.44,1,-1.0,1,0,0.0,0.0,0.0,0.0,1.0,0,0.0,0,0.0,0,0.0,0,0,0,1,1,0
TXN_00000309,150.0,5.017279836814924,8,3,22,0,0,1,0,0,0,1,0,1,0,87.3,3,1143132.0,0,2,3650.0,1825.0,3500.0,2368.81,0.0822,0,0.0,0,0.0,0,0.0,1,1,1,0,0,0
TXN_00000565,1262.69,7.14179129146277,8,3,22,0,0,1,0,0,0,1,0,1,0,236.47,2,1763718.0,0,1,2990.49,2990.49,2990.49,0.0,0.4222,0,0.0,0,0.0,0,0.0,1,1,1,0,0,1
TXN_00001614,897.19,6.8003816272137945,8,3,22,0,0,1,0,0,0,0,1,1,0,186.49,2,1013697.0,0,1,828.16,828.16,828.16,0.0,1.0834,0,0.0,0,0.0,0,0.0,1,1,1,0,0,1
TXN_00001231,1145.27,7.044268471619111,8,3,22,0,0,1,0,0,0,1,0,1,0,51.72,1,-1.0,1,0,0.0,0.0,0.0,0.0,1.0,0,0.0,0,0.0,0,0.0,0,0,0,1,1,1
TXN_00001529,578.48,6.362131149673451,12,3,22,0,0,0,1,0,0,1,0,0,1,59.26,6,61614.0,0,5,3404.73,680.95,1072.55,402.55,0.8495,0,0.0,1,888.05,2,977.38,2,3,1,1,0,0
TXN_00001203,5445.86,8.602794574831961,12,3,22,0,0,0,1,1,0,0,0,0,1,74.52,3,481944.0,0,2,2701.62,1350.81,2224.39,1235.43,4.0316,0,0.0,0,0.0,1,477.23,1,1,0,0,0,0
TXN_00000695,169.63,5.139497469539173,12,3,22,0,0,0,1,0,0,0,1,0,1,110.45,2,138827.0,0,1,1129.94,1129.94,1129.94,0.0,0.1501,0,0.0,0,0.0,1,1129.94,1,1,0,0,0,0
TXN_00000511,1511.07,7.321234851964134,13,3,22,0,0,1,0,0,0,1,0,1,0,203.01,3,647423.0,0,2,2487.11,1243.56,1838.03,840.71,1.2151,0,0.0,0,0.0,0,0.0,2,1,0,0,0,1
TXN_00001684,405.29,6.007067190335389,13,3,22,0,0,0,1,0,0,0,1,0,1,31.52,2,917588.0,0,1,1455.2,1455.2,1455.2,0.0,0.2785,0,0.0,0,0.0,0,0.0,1,1,1,0,0,0
TXN_00000723,906.31,6.810484177827619,13,3,22,0,0,0,1,1,0,0,0,0,1,127.14,2,1578536.0,0,1,94.66,94.66,94.66,0.0,9.5744,0,0.0,0,0.0,0,0.0,1,1,1,0,0,0
TXN_00001562,1513.67,7.322952872434682,15,3,22,0,0,0,1,1,0,0,0,0,1,219.61,3,104260.0,0,2,2460.5,1230.25,1865.92,898.97,1.2304,0,0.0,0,0.0,1,594.58,2,1,2,0,0,0
TXN_00001611,1272.62,7.149618518484408,16,3,22,0,0,1,0,1,0,0,0,1,0,226.5,3,1305071.0,0,2,6599.52,3299.76,3837.51,760.49,0.3857,0,0.0,0,0.0,0,0.0,1,2,0,0,0,1
TXN_00001024,261.66,5.570860420157014,16,3,22,0,0,0,1,0,0,0,1,0,1,80.29,3,700481.0,0,2,1694.76,847.38,994.88,208.6,0.3088,0,0.0,0,0.0,0,0.0,1,1,0,1,0,0
TXN_00001326,158.16,5.069909985558728,17,3,22,0,0,1,0,0,0,1,0,1,0,296.89,5,104540.0,0,4,4022.85,1005.71,1629.49,483.64,0.1573,0,0.0,0,0.0,1,1072.67,1,3,0,0,0,1
TXN_00001900,806.05,6.693385624219289,18,3,22,0,0,1,0,0,0,0,1,1,0,37.41,2,1005737.0,0,1,1393.53,1393.53,1393.53,0.0,0.5784,0,0.0,0,0.0,0,0.0,1,1,1,1,0,1
TXN_00001999,4284.74,8.363048511570979,19,3,22,0,0,0,1,0,0,1,0,0,1,142.49,3,259246.0,0,2,2570.4,1285.2,2210.07,1307.96,3.3339,0,0.0,0,0.0,1,2210.07,1,1,0,0,0,0
TXN_00000259,2400.0,7.783640596221253,19,3,22,0,0,1,0,0,0,1,0,1,0,69.94,2,1814166.0,0,1,3500.0,3500.0,3500.0,0.0,0.6857,0,0.0,0,0.0,0,0.0,1,1,1,0,0,0
TXN_00000466,1158.76,7.0559683661426424,20,3,22,0,0,0,1,0,0,1,0,0,1,91.58,1,-1.0,1,0,0.0,0.0,0.0,0.0,1.0,0,0.0,0,0.0,0,0.0,0,0,0,1,1,0
TXN_00001727,2385.41,7.777545423604096,22,3,22,0,0,1,0,1,0,0,0,1,0,143.17,3,1229701.0,0,2,2391.14,1195.57,1582.46,547.15,1.9952,0,0.0,0,0.0,0,0.0,1,2,1,0,1,1
TXN_00001141,255.17,5.545841286587624,22,3,22,0,0,1,0,1,0,0,0,1,0,59.66,7,34332.0,0,6,3983.21,663.87,1072.55,362.47,0.3844,0,0.0,1,578.48,3,1555.86,3,3,1,0,0,1
TXN_00001972,1738.65,7.461439222550029,0,4,23,0,1,0,1,1,0,0,0,0,1,75.15,4,87679.0,0,3,2630.92,876.97,1928.11,910.4,1.9826,0,0.0,0,0.0,1,364.19,2,2,1,0,0,0
TXN_00000405,116.16,4.763540521959532,0,4,23,0,1,0,1,1,0,0,0,0,1,221.66,4,1462496.0,0,3,2638.13,879.38,1759.61,778.03,0.1321,0,0.0,0,0.0,0,0.0,1,1,2,0,0,0
TXN_00000325,1751.94,7.469049657296115,2,4,23,0,1,0,1,1,0,0,0,0,1,186.2,1,-1.0,1,0,0.0,0.0,0.0,0.0,1.0,0,0.0,0,0.0,0,0.0,0,0,0,1,1,0
TXN_00000786,2157.69,7.677256835212443,2,4,23,0,1,0,1,0,0,1,0,0,1,30.64,1,-1.0,1,0,0.0,0.0,0.0,0.0,1.0,0,0.0,0,0.0,0,0.0,0,0,0,1,1,0
TXN_00000503,490.99,6.198458391082497,4,4,23,0,1,0,1,0,0,0,1,0,1,119.98,1,-1.0,1,0,0.0,0.0,0.0,0.0,1.0,0,0.0,0,0.0,0,0.0,0,0,0,1,1,0
TXN_00001349,738.35,6.6057714218194965,4,4,23,0,1,0,1,0,0,1,0,0,1,89.68,2,1540558.0,0,1,1131.93,1131.93,1131.93,0.0,0.6523,0,0.0,0,0.0,0,0.0,1,1,0,0,1,0
TXN_00001508,4396.63,8.388821038426038,5,4,23,0,1,0,1,0,0,1,0,0,1,66.33,3,388193.0,0,2,3412.53,1706.26,1896.78,269.43,2.5768,0,0.0,0,0.0,1,1896.78,1,2,0,0,0,0
TXN_00001676,487.95,6.192260234758284,5,4,23,0,1,1,0,1,0,0,0,1,0,55.72,3,1278879.0,0,2,1820.24,910.12,1248.12,478.0,0.5361,0,0.0,0,0.0,0,0.0,1,1,1,0,0,1
TXN_00000346,344.3,5.844413604395947,6,4,23,0,0,0,1,1,0,0,0,0,1,101.1,3,226091.0,0,2,3906.44,1953.22,3558.0,2269.5,0.1763,0,0.0,0,0.0,1,348.44,2,2,0,0,0,0
TXN_00000925,2059.96,7.630927172647778,6,4,23,0,0,0,1,0,0,0,1,0,1,239.33,2,266716.0,0,1,832.94,832.94,832.94,0.0,2.4731,0,0.0,0,0.0,1,832.94,1,1,1,0,0,0
TXN_00000890,806.51,6.69395543892106,6,4,23,0,0,0,1,1,0,0,0,0,1,50.97,4,88057.0,0,3,5145.53,1715.18,3659.16,1718.18,0.4702,0,0.0,0,0.0,2,4745.62,2,2,2,0,0,0
TXN_00000557,427.7,6.0607573736039315,7,4,23,0,0,0,1,0,0,1,0,0,1,28.91,3,525840.0,0,2,1551.58,775.79,1359.5,825.49,0.5513,0,0.0,0,0.0,1,192.08,1,2,1,0,0,0
TXN_00001981,1773.57,7.481313419040265,7,4,23,0,0,1,0,0,0,1,0,1,0,100.46,2,1003815.0,0,1,264.98,264.98,264.98,0.0,6.6932,0,0.0,0,0.0,0,0.0,1,1,1,0,1,1
TXN_00001135,262.86,5.5754186594556305,7,4,23,0,0,0,1,0,0,1,0,0,1,257.01,3,729797.0,0,2,6729.55,3364.77,3578.45,302.18,0.0781,0,0.0,0,0.0,0,0.0,1,1,1,0,0,0
TXN_00001132,1118.43,7.02057490616961,9,4,23,0,0,1,0,0,0,1,0,1,0,276.89,1,-1.0,1,0,0.0,0.0,0.0,0.0,1.0,0,0.0,0,0.0,0,0.0,0,0,0,1,1,1
TXN_00001951,124.42,4.831668105114875,10,4,23,0,0,0,1,0,0,1,0,0,1,129.13,2,1104636.0,0,1,305.67,305.67,305.67,0.0,0.407,0,0.0,0,0.0,0,0.0,1,1,0,0,0,0
TXN_00001273,1540.13,7.3402711925666155,12,4,23,0,0,1,0,1,0,0,0,1,0,57.5,2,1028037.0,0,1,1386.7,1386.7,1386.7,0.0,1.1106,0,0.0,0,0.0,0,0.0,1,1,0,1,0,1
TXN_00001627,1362.71,7.217964205828029,13,4,23,0,0,1,0,0,0,1,0,1,0,138.28,1,-1.0,1,0,0.0,0.0,0.0,0.0,1.0,0,0.0,0,0.0,0,0.0,0,0,0,1,1,1
TXN_00000280,3500.0,8.160803920954665,15,4,23,0,0,0,1,0,0,0,1,0,1,30.39,3,313555.0,0,2,1798.0,899.0,899.0,0.0,3.8932,0,0.0,0,0.0,2,1798.0,1,1,0,0,0,0
TXN_00000581,378.55,5.938986340462777,15,4,23,0,0,0,1,0,0,0,1,0,1,330.29,5,143307.0,0,4,8611.76,2152.94,3384.4,1073.72,0.1758,0,0.0,0,0.0,2,3457.21,1,2,2,1,0,0
TXN_00000377,1025.67,6.934075834047486,16,4,23,0,0,0,1,1,0,0,0,0,1,236.79,3,1257018.0,0,2,1423.96,711.98,1058.8,490.48,1.4406,0,0.0,0,0.0,0,0.0,1,1,0,1,0,0
TXN_00001149,1742.4,7.4635925085774755,16,4,23,0,0,0,1,1,0,0,0,0,1,115.99,1,-1.0,1,0,0.0,0.0,0.0,0.0,1.0,0,0.0,0,0.0,0,0.0,0,0,0,1,1,0
TXN_00000376,2943.03,7.987534670014238,17,4,23,0,0,0,1,1,0,0,0,0,1,228.44,2,1417091.0,0,1,2298.29,2298.29,2298.29,0.0,1.2805,0,0.0,0,0.0,0,0.0,1,1,1,0,0,0
TXN_00001413,78.86,4.380275101635076,17,4,23,0,0,0,1,1,0,0,0,0,1,69.88,4,631283.0,0,3,2741.82,913.94,1599.04,742.39,0.0863,0,0.0,0,0.0,0,0.0,1,1,1,0,0,0
TXN_00000572,1010.51,6.919199542866395,17,4,23,0,0,0,1,0,0,0,1,0,1,38.77,1,-1.0,1,0,0.0,0.0,0.0,0.0,1.0,0,0.0,0,0.0,0,0.0,0,0,0,1,1,0
TXN_00000965,2649.96,7.882677117529397,18,4,23,0,0,0,1,0,0,0,1,0,1,43.22,2,1207859.0,0,1,117.64,117.64,117.64,0.0,22.526,0,0.0,0,0.0,0,0.0,1,1,0,0,0,0
TXN_00001339,112.9,4.735320870453137,20,4,23,0,0,0,1,0,0,1,0,0,1,31.34,3,287502.0,0,2,1303.12,651.56,726.78,106.38,0.1733,0,0.0,0,0.0,2,1303.12,1,1,1,0,0,0
TXN_00001412,4483.31,8.408339916503516,23,4,23,0,0,0,1,0,0,1,0,0,1,163.83,5,414595.0,0,4,5165.28,1291.32,2284.69,878.73,3.4719,0,0.0,0,0.0,2,1412.78,1,1,1,0,0,0
TXN_00001191,634.43,6.4543019350740165,23,4,23,0,0,0,1,0,0,0,1,0,1,60.4,2,1011134.0,0,1,2063.0,2063.0,2063.0,0.0,0.3075,0,0.0,0,0.0,0,0.0,1,1,0,0,1,0
TXN_00001484,1119.94,7.021922898000112,0,5,24,1,1,0,1,1,0,0,0,0,1,86.54,1,-1.0,1,0,0.0,0.0,0.0,0.0,1.0,0,0.0,0,0.0,0,0.0,0,0,0,1,1,0
TXN_00000665,665.45,6.501965118050027,1,5,24,1,1,0,1,0,0,0,1,0,1,26.41,4,1308332.0,0,3,1734.83,578.28,811.8,264.63,1.1507,0,0.0,0,0.0,0,0.0,1,2,0,0,0,0
TXN_00001904,142.85,4.968771089997557,2,5,24,1,1,1,0,0,0,1,0,1,0,160.53,3,723558.0,0,2,5093.09,2546.55,3746.02,1696.31,0.0561,0,0.0,0,0.0,0,0.0,2,1,2,1,0,1
TXN_00001936,240.44,5.486620995019539,4,5,24,1,1,0,1,0,0,1,0,0,1,200.82,4,561410.0,0,3,4095.93,1365.31,2768.47,1257.45,0.1761,0,0.0,0,0.0,1,987.07,2,1,0,0,0,0
TXN_00001743,2778.08,7.9298752166617295,4,5,24,1,1,0,1,1,0,0,0,0,1,26.28,2,1265189.0,0,1,1161.25,1161.25,1161.25,0.0,2.3923,0,0.0,0,0.0,0,0.0,1,1,0,0,1,0
TXN_00000658,1589.35,7.371709396776315,5,5,24,1,1,0,1,0,0,0,1,0,1,57.49,2,676167.0,0,1,1212.41,1212.41,1212.41,0.0,1.3109,0,0.0,0,0.0,0,0.0,1,1,0,0,0,0
TXN_00000515,710.97,6.5680357756928185,5,5,24,1,1,0,1,1,0,0,0,0,1,25.54,2,1284898.0,0,1,419.42,419.42,419.42,0.0,1.6951,0,0.0,0,0.0,0,0.0,1,1,1,0,0,0
TXN_00000921,222.16,5.407889002977328,5,5,24,1,1,1,0,0,0,1,0,1,0,39.25,2,42137.0,0,1,1010.51,1010.51,1010.51,0.0,0.2198,0,0.0,1,1010.51,1,1010.51,1,1,0,0,1,1
TXN_00001104,847.62,6.743611500720524,6,5,24,1,0,0,1,0,0,1,0,0,1,112.18,3,149620.0,0,2,1299.57,649.79,1129.94,679.04,1.3045,0,0.0,0,0.0,2,1299.57,1,1,0,0,1,0
TXN_00001199,1515.76,7.324331759845012,8,5,24,1,0,0,1,1,0,0,0,0,1,126.4,4,497008.0,0,3,2689.99,896.66,1587.14,756.32,1.6904,0,0.0,0,0.0,1,1014.52,2,1,3,0,0,0
TXN_00001063,617.23,6.4268605565050425,8,5,24,1,0,0,1,1,0,0,0,0,1,66.62,3,263779.0,0,2,1436.89,718.44,1257.55,762.41,0.8591,0,0.0,0,0.0,2,1436.89,1,1,0,0,1,0
TXN_00001534,1016.53,6.925133400911589,9,5,24,1,0,0,1,0,0,1,0,0,1,60.38,3,1497925.0,0,2,3415.92,1707.96,2760.78,1488.91,0.5952,0,0.0,0,0.0,0,0.0,1,1,1,0,0,0
TXN_00001114,1074.99,6.980996446998246,10,5,24,1,0,0,1,0,0,0,1,0,1,167.3,2,1579264.0,0,1,797.32,797.32,797.32,0.0,1.3483,0,0.0,0,0.0,0,0.0,1,1,0,0,0,0
TXN_00000661,66.01,4.20484186198508,11,5,24,1,0,0,1,1,0,0,0,0,1,289.86,2,469662.0,0,1,294.6,294.6,294.6,0.0,0.2241,0,0.0,0,0.0,1,294.6,1,1,1,0,1,0
TXN_00001041,636.67,6.457820908150012,11,5,24,1,0,1,0,0,0,0,1,1,0,204.93,4,165249.0,0,3,3998.18,1332.73,1838.03,614.21,0.4777,0,0.0,0,0.0,1,1511.07,2,1,1,0,0,1
TXN_00000631,77.96,4.368941395125226,11,5,24,1,0,0,1,0,0,0,1,0,1,229.23,3,67782.0,0,2,5241.32,2620.66,2943.03,455.9,0.0297,0,0.0,1,2943.03,1,2943.03,1,1,1,1,0,0
TXN_00000524,412.67,6.025068554521759,12,5,24,1,0,0,1,1,0,0,0,0,1,170.7,1,-1.0,1,0,0.0,0.0,0.0,0.0,1.0,0,0.0,0,0.0,0,0.0,0,0,0,1,1,0
TXN_00001916,1513.09,7.322569877408935,12,5,24,1,0,0,1,0,0,0,1,0,1,174.04,1,-1.0,1,0,0.0,0.0,0.0,0.0,1.0,0,0.0,0,0.0,0,0.0,0,0,0,1,1,0
TXN_00000568,1192.13,7.084335385146978,12,5,24,1,0,0,1,0,0,0,1,0,1,223.15,5,128539.0,0,4,2754.29,688.57,1759.61,741.07,1.7313,0,0.0,0,0.0,1,116.16,1,1,2,0,0,0
TXN_00000676,537.23,6.2882859780994025,16,5,24,1,0,0,1,1,0,0,0,0,1,47.71,3,985226.0,0,2,1984.7,992.35,1496.62,713.15,0.5414,0,0.0,0,0.0,0,0.0,1,1,1,0,0,0
TXN_00000951,2631.09,7.875533486389464,17,5,24,1,0,0,1,0,0,0,1,0,1,169.56,2,998970.0,0,1,692.82,692.82,692.82,0.0,3.7977,0,0.0,0,0.0,0,0.0,1,1,0,0,0,0
TXN_00001069,906.4,6.810583367229864,18,5,24,1,0,0,1,0,0,0,1,0,1,84.74,1,-1.0,1,0,0.0,0.0,0.0,0.0,1.0,0,0.0,0,0.0,0,0.0,0,0,0,1,1,0
TXN_00001596,2493.72,7.821931777439087,19,5,24,1,0,1,0,0,0,1,0,1,0,33.68,3,285067.0,0,2,2243.94,1121.97,1745.0,881.1,2.2226,0,0.0,0,0.0,1,498.94,2,1,1,1,0,1
TXN_00000841,3233.95,8.081768750865015,19,5,24,1,0,0,1,0,0,1,0,0,1,33.93,1,-1.0,1,0,0.0,0.0,0.0,0.0,1.0,0,0.0,0,0.0,0,0.0,0,0,0,1,1,0
TXN_00001400,1018.45,6.9270185451629835,19,5,24,1,0,0,1,0,0,1,0,0,1,57.09,1,-1.0,1,0,0.0,0.0,0.0,0.0,1.0,0,0.0,0,0.0,0,0.0,0,0,0,1,1,0
TXN_00001463,354.73,5.874172016134505,21,5,24,1,0,0,1,0,0,1,0,0,1,209.9,4,439396.0,0,3,1126.32,375.44,717.22,312.09,0.9448,0,0.0,0,0.0,1,303.49,1,1,1,0,0,0
TXN_00001230,179.12,5.193623295433371,22,5,24,1,0,0,1,1,0,0,0,0,1,171.13,2,37452.0,0,1,412.67,412.67,412.67,0.0,0.4341,0,0.0,1,412.67,1,412.67,1,1,0,0,1,0
TXN_00001812,166.72,5.122295922302562,22,5,24,1,0,0,1,0,0,0,1,0,1,37.65,3,643966.0,0,2,1044.8,522.4,801.44,394.62,0.3191,0,0.0,0,0.0,0,0.0,2,1,2,0,0,0
TXN_00000001,14500.0,9.581972891547895,22,5,24,1,0,1,0,1,0,0,0,1,0,191.48,1,-1.0,1,0,0.0,0.0,0.0,0.0,1.0,0,0.0,0,0.0,0,0.0,0,0,0,1,1,1
TXN_00000002,9900.0,9.200391041122515,22,5,24,1,0,1,0,1,0,0,0,1,0,191.48,2,240.0,0,1,14500.0,14500.0,14500.0,0.0,0.6828,1,14500.0,1,14500.0,1,14500.0,1,1,1,0,0,0
TXN_00000003,14500.0,9.581972891547895,23,5,24,1,0,1,0,1,0,0,0,1,0,191.49,3,240.0,0,2,24400.0,12200.0,14500.0,3252.69,1.1885,2,24400.0,2,24400.0,2,24400.0,1,1,1,0,0,0
TXN_00000004,9800.0,9.19023970026918,23,5,24,1,0,1,0,1,0,0,0,1,0,191.49,4,240.0,0,3,38900.0,12966.67,14500.0,2655.81,0.7558,3,38900.0,3,38900.0,3,38900.0,1,1,1,0,0,0
TXN_00000267,450.0,6.111467339502679,23,5,24,1,0,1,0,0,0,0,1,1,0,198.0,3,620520.0,0,2,6250.0,3125.0,5000.0,2651.65,0.144,0,0.0,0,0.0,0,0.0,1,1,1,0,0,0
TXN_00000005,9800.0,9.19023970026918,23,5,24,1,0,1,0,1,0,0,0,1,0,268.75,1,-1.0,1,0,0.0,0.0,0.0,0.0,1.0,0,0.0,0,0.0,0,0.0,0,0,0,1,1,1
TXN_00000006,19800.0,9.893487720457795,23,5,24,1,0,1,0,1,0,0,0,1,0,268.75,2,240.0,0,1,9800.0,9800.0,9800.0,0.0,2.0204,1,9800.0,1,9800.0,1,9800.0,1,1,1,0,0,0
TXN_00000007,9800.0,9.19023970026918,23,5,24,1,0,1,0,1,0,0,0,1,0,268.75,3,240.0,0,2,29600.0,14800.0,19800.0,7071.07,0.6622,2,29600.0,2,29600.0,2,29600.0,1,1,1,0,0,0
TXN_00000008,9900.0,9.200391041122515,23,5,24,1,0,1,0,1,0,0,0,1,0,268.76,4,240.0,0,3,39400.0,13133.33,19800.0,5773.5,0.7538,3,39400.0,3,39400.0,3,39400.0,1,1,1,0,0,0
TXN_00000009,19800.0,9.893487720457795,23,5,24,1,0,1,0,1,0,0,0,1,0,36.26,1,-1.0,1,0,0.0,0.0,0.0,0.0,1.0,0,0.0,0,0.0,0,0.0,0,0,0,1,1,1
TXN_00000010,19800.0,9.893487720457795,23,5,24,1,0,1,0,1,0,0,0,1,0,36.27,2,240.0,0,1,19800.0,19800.0,19800.0,0.0,1.0,1,19800.0,1,19800.0,1,19800.0,1,1,1,0,0,0
TXN_00000011,9500.0,9.15915233520675,23,5,24,1,0,1,0,1,0,0,0,1,0,36.27,3,240.0,0,2,39600.0,19800.0,19800.0,0.0,0.4798,2,39600.0,2,39600.0,2,39600.0,1,1,1,0,0,0
TXN_00000012,19800.0,9.893487720457795,23,5,24,1,0,1,0,1,0,0,0,1,0,36.27,4,240.0,0,3,49100.0,16366.67,19800.0,5946.71,1.2098,3,49100.0,3,49100.0,3,49100.0,1,1,1,0,0,0
TXN_00000014,19800.0,9.893487720457795,23,5,24,1,0,1,0,1,0,0,0,1,0,31.01,1,-1.0,1,0,0.0,0.0,0.0,0.0,1.0,0,0.0,0,0.0,0,0.0,0,0,0,1,1,1
TXN_00000013,9900.0,9.200391041122515,23,5,24,1,0,1,0,1,0,0,0,1,0,36.27,5,240.0,0,4,68900.0,17225.0,19800.0,5150.0,0.5747,4,68900.0,4,68900.0,4,68900.0,1,1,1,0,0,0
TXN_00000015,19800.0,9.893487720457795,23,5,24,1,0,1,0,1,0,0,0,1,0,31.01,2,240.0,0,1,19800.0,19800.0,19800.0,0.0,1.0,1,19800.0,1,19800.0,1,19800.0,1,1,1,0,0,0
TXN_00000016,19800.0,9.893487720457795,23,5,24,1,0,1,0,1,0,0,0,1,0,31.01,3,240.0,0,2,39600.0,19800.0,19800.0,0.0,1.0,2,39600.0,2,39600.0,2,39600.0,1,1,1,0,0,0
TXN_00001883,996.25,6.905001490785516,23,5,24,1,0,0,1,0,0,0,1,0,1,97.3,2,1134329.0,0,1,3258.05,3258.05,3258.05,0.0,0.3058,0,0.0,0,0.0,0,0.0,1,1,0,0,0,0
TXN_00000017,19800.0,9.893487720457795,23,5,24,1,0,1,0,1,0,0,0,1,0,31.01,4,240.0,0,3,59400.0,19800.0,19800.0,0.0,1.0,3,59400.0,3,59400.0,3,59400.0,1,1,1,0,0,0
TXN_00000913,657.68,6.4902378323497985,0,6,25,1,1,0,1,1,0,0,0,0,1,45.55,2,1966994.0,0,1,697.5,697.5,697.5,0.0,0.9429,0,0.0,0,0.0,0,0.0,1,1,0,0,0,0
TXN_00001151,2879.72,7.965795541885199,0,6,25,1,1,1,0,0,0,1,0,1,0,69.54,2,524103.0,0,1,650.14,650.14,650.14,0.0,4.4294,0,0.0,0,0.0,1,650.14,1,1,0,0,0,1
TXN_00000704,4093.11,8.317304634448458,0,6,25,1,1,1,0,1,0,0,0,1,0,164.42,1,-1.0,1,0,0.0,0.0,0.0,0.0,1.0,0,0.0,0,0.0,0,0.0,0,0,0,1,1,1
TXN_00001378,178.46,5.189952341869912,1,6,25,1,1,1,0,0,0,0,1,1,0,45.59,3,3501.0,0,2,1355.18,677.59,697.5,28.16,0.2634,1,657.68,1,657.68,1,657.68,1,1,0,0,0,1
TXN_00001457,891.12,6.793600652679757,2,6,25,1,1,0,1,1,0,0,0,0,1,84.32,2,994908.0,0,1,2541.81,2541.81,2541.81,0.0,0.3506,0,0.0,0,0.0,0,0.0,1,1,0,0,0,0
TXN_00000253,450.0,6.111467339502679,3,6,25,1,1,0,1,0,0,1,0,0,1,92.16,1,-1.0,1,0,0.0,0.0,0.0,0.0,1.0,0,0.0,0,0.0,0,0.0,0,0,0,1,1,0
TXN_00000315,2400.0,7.783640596221253,5,6,25,1,1,1,0,0,0,1,0,1,0,276.48,2,939580.0,0,1,899.0,899.0,899.0,0.0,2.6696,0,0.0,0,0.0,0,0.0,1,1,1,0,0,0
TXN_00000250,450.0,6.111467339502679,5,6,25,1,1,0,1,0,0,1,0,0,1,118.42,4,951185.0,0,3,1948.0,649.33,899.0,432.44,0.693,0,0.0,0,0.0,0,0.0,1,1,0,0,0,0
TXN_00000708,1128.18,7.029246984568212,8,6,25,1,0,1,0,0,0,0,1,1,0,232.48,2,333250.0,0,1,1899.4,1899.4,1899.4,0.0,0.594,0,0.0,0,0.0,1,1899.4,1,1,1,0,0,1
TXN_00000769,3075.89,8.031674625576755,8,6,25,1,0,0,1,0,0,0,1,0,1,170.52,1,-1.0,1,0,0.0,0.0,0.0,0.0,1.0,0,0.0,0,0.0,0,0.0,0,0,0,1,1,0
TXN_00001180,1150.63,7.04893360911076,8,6,25,1,0,0,1,1,0,0,0,0,1,45.88,4,25620.0,0,3,1533.64,511.21,697.5,288.86,2.2508,0,0.0,2,836.14,2,836.14,1,1,1,0,0,0
TXN_00001270,1249.2,7.131058817497712,8,6,25,1,0,0,1,0,0,1,0,0,1,36.27,2,1575186.0,0,1,481.8,481.8,481.8,0.0,2.5928,0,0.0,0,0.0,0,0.0,1,1,1,0,0,0
TXN_00001551,3416.58,8.136687977248773,9,6,25,1,0,0,1,1,0,0,0,0,1,80.37,2,1110312.0,0,1,1518.7,1518.7,1518.7,0.0,2.2497,0,0.0,0,0.0,0,0.0,1,1,1,0,0,0
TXN_00000901,484.77,6.185735260853075,11,6,25,1,0,1,0,0,0,1,0,1,0,121.22,3,2008051.0,0,2,809.14,404.57,613.0,294.76,1.1982,0,0.0,0,0.0,0,0.0,1,2,0,0,0,1
TXN_00001697,2052.73,7.627412931020433,11,6,25,1,0,0,1,1,0,0,0,0,1,29.34,3,1074006.0,0,2,3679.82,1839.91,2174.36,472.98,1.1157,0,0.0,0,0.0,0,0.0,2,1,1,0,0,0
TXN_00000907,770.48,6.648310747941595,13,6,25,1,0,0,1,1,0,0,0,0,1,76.37,1,-1.0,1,0,0.0,0.0,0.0,0.0,1.0,0,0.0,0,0.0,0,0.0,0,0,0,1,1,0
TXN_00001284,2618.82,7.870860892104956,14,6,25,1,0,1,0,0,0,1,0,1,0,190.55,1,-1.0,1,0,0.0,0.0,0.0,0.0,1.0,0,0.0,0,0.0,0,0.0,0,0,0,1,1,1
TXN_00000306,2400.0,7.783640596221253,14,6,25,1,0,1,0,0,0,0,1,1,0,90.58,4,282937.0,0,3,3800.0,1266.67,3500.0,1934.12,1.8947,0,0.0,0,0.0,1,150.0,1,1,1,0,0,0
TXN_00000891,2106.19,7.65311058534374,16,6,25,1,0,0,1,0,0,1,0,0,1,134.22,2,332283.0,0,1,443.71,443.71,443.71,0.0,4.7468,0,0.0,0,0.0,1,443.71,1,1,1,1,0,0
TXN_00001144,133.37,4.9005971888873185,17,6,25,1,0,0,1,1,0,0,0,0,1,339.32,3,659988.0,0,2,6898.28,3449.14,4191.75,1050.21,0.0387,0,0.0,0,0.0,0,0.0,1,2,2,0,0,0
TXN_00001602,1092.85,6.997458862063915,17,6,25,1,0,0,1,1,0,0,0,0,1,121.05,6,318074.0,0,5,4768.91,953.78,2010.36,841.81,1.1458,0,0.0,0,0.0,2,2355.4,2,2,0,0,0,0
TXN_00001606,318.14,5.765629877982281,18,6,25,1,0,0,1,0,0,0,1,0,1,245.6,1,-1.0,1,0,0.0,0.0,0.0,0.0,1.0,0,0.0,0,0.0,0,0.0,0,0,0,1,1,0
TXN_00001804,1039.64,6.947591187479336,18,6,25,1,0,0,1,1,0,0,0,0,1,77.98,1,-1.0,1,0,0.0,0.0,0.0,0.0,1.0,0,0.0,0,0.0,0,0.0,0,0,0,1,1,0
TXN_00001877,568.05,6.343968303727899,20,6,25,1,0,0,1,0,0,1,0,0,1,141.99,3,1704933.0,0,2,1619.66,809.83,1471.24,935.37,0.7014,0,0.0,0,0.0,0,0.0,2,2,1,0,0,0
TXN_00001479,333.11,5.811470280073118,21,6,25,1,0,0,1,0,0,0,1,0,1,30.96,2,629392.0,0,1,588.72,588.72,588.72,0.0,0.5658,0,0.0,0,0.0,0,0.0,1,1,0,0,0,0
TXN_00000792,2973.63,7.997874940497272,23,6,25,1,0,0,1,1,0,0,0,0,1,94.17,1,-1.0,1,0,0.0,0.0,0.0,0.0,1.0,0,0.0,0,0.0,0,0.0,0,0,0,1,1,0
TXN_00001621,2217.8,7.70472178818108,23,6,25,1,0,0,1,0,0,0,1,0,1,131.02,4,600651.0,0,3,3440.43,1146.81,2266.24,1059.33,1.9339,0,0.0,0,0.0,2,3280.34,1,1,1,0,0,0
TXN_00001486,2523.1,7.833639842527613,23,6,25,1,0,0,1,1,0,0,0,0,1,43.49,3,1522677.0,0,2,4738.43,2369.22,2866.79,703.68,1.065,0,0.0,0,0.0,0,0.0,1,2,1,0,1,0
TXN_00000602,240.73,5.487821400818009,0,0,26,0,1,0,1,1,0,0,0,0,1,124.75,2,1582734.0,0,1,5246.05,5246.05,5246.05,0.0,0.0459,0,0.0,0,0.0,0,0.0,1,1,0,0,1,0
TXN_00001831,275.33,5.621595803668254,0,0,26,0,1,0,1,1,0,0,0,0,1,74.97,2,495426.0,0,1,1602.66,1602.66,1602.66,0.0,0.1718,0,0.0,0,0.0,1,1602.66,1,1,0,0,0,0
TXN_00001545,2227.17,7.708935899752153,1,0,26,0,1,0,1,1,0,0,0,0,1,115.79,3,965179.0,0,2,1104.51,552.25,814.78,371.27,4.0329,0,0.0,0,0.0,0,0.0,1,1,0,0,0,0
TXN_00000451,1455.84,7.284024985477416,1,0,26,0,1,1,0,0,0,1,0,1,0,141.58,1,-1.0,1,0,0.0,0.0,0.0,0.0,1.0,0,0.0,0,0.0,0,0.0,0,0,0,1,1,1
TXN_00000958,161.99,5.093688849231541,2,0,26,0,1,0,1,0,0,0,1,0,1,28.13,1,-1.0,1,0,0.0,0.0,0.0,0.0,1.0,0,0.0,0,0.0,0,0.0,0,0,0,1,1,0
TXN_00001817,2502.63,7.825496957723601,5,0,26,0,1,0,1,0,0,0,1,0,1,224.75,2,1804829.0,0,1,2432.76,2432.76,2432.76,0.0,1.0287,0,0.0,0,0.0,0,0.0,1,1,0,0,0,0
TXN_00001664,1370.25,7.22347801158944,5,0,26,0,1,1,0,1,0,0,0,1,0,135.44,3,832738.0,0,2,714.6,357.3,492.1,190.64,3.835,0,0.0,0,0.0,0,0.0,1,1,0,1,0,1
TXN_00000799,6442.35,8.770803870183792,6,0,26,0,0,0,1,1,0,0,0,0,1,92.74,3,263856.0,0,2,1870.28,935.14,1131.93,278.3,6.8892,0,0.0,0,0.0,1,738.35,1,2,0,0,0,0
TXN_00000580,323.46,5.782162261982253,8,0,26,0,0,1,0,1,0,0,0,1,0,149.19,3,404131.0,0,2,2375.91,1187.95,1691.92,712.71,0.2723,0,0.0,0,0.0,1,1691.92,2,1,0,0,0,1
TXN_00001100,194.64,5.2762762356711566,8,0,26,0,0,0,1,0,0,1,0,0,1,101.94,2,1528745.0,0,1,910.69,910.69,910.69,0.0,0.2137,0,0.0,0,0.0,0,0.0,1,1,0,0,0,0
TXN_00001932,68.6,4.242764567340374,9,0,26,0,0,0,1,0,0,1,0,0,1,147.63,1,-1.0,1,0,0.0,0.0,0.0,0.0,1.0,0,0.0,0,0.0,0,0.0,0,0,0,1,1,0
TXN_00000516,96.2,4.576770711466393,9,0,26,0,0,0,1,1,0,0,0,0,1,65.14,3,1346832.0,0,2,513.1,256.55,260.49,5.57,0.375,0,0.0,0,0.0,0,0.0,1,1,2,1,0,0
TXN_00000395,197.17,5.289125248179121,9,0,26,0,0,0,1,0,0,1,0,0,1,116.15,4,30705.0,0,3,3331.68,1110.56,2227.17,1002.01,0.1775,0,0.0,1,2227.17,1,2227.17,1,1,0,0,0,0
TXN_00001101,899.28,6.802705826050396,10,0,26,0,0,0,1,0,0,0,1,0,1,69.57,4,280391.0,0,3,7809.16,2603.05,4396.63,1564.92,0.3455,0,0.0,0,0.0,1,4396.63,1,2,0,0,0,0
TXN_00001777,430.36,6.0669430082838876,12,0,26,0,0,0,1,1,0,0,0,0,1,176.76,1,-1.0,1,0,0.0,0.0,0.0,0.0,1.0,0,0.0,0,0.0,0,0.0,0,0,0,1,1,0
TXN_00001268,6624.39,8.798664517046303,12,0,26,0,0,0,1,0,0,1,0,0,1,58.41,3,1323993.0,0,2,986.41,493.2,553.55,85.34,13.4313,0,0.0,0,0.0,0,0.0,1,1,0,0,0,0
TXN_00000955,770.33,6.648116297554999,14,0,26,0,0,0,1,0,0,0,1,0,1,63.06,3,621390.0,0,2,6332.96,3166.48,3252.76,122.02,0.2433,0,0.0,0,0.0,0,0.0,2,1,1,1,0,0
TXN_00001385,827.23,6.719290893589934,14,0,26,0,0,0,1,1,0,0,0,0,1,31.8,1,-1.0,1,0,0.0,0.0,0.0,0.0,1.0,0,0.0,0,0.0,0,0.0,0,0,0,1,1,0
TXN_00000589,679.52,6.522857211813937,15,0,26,0,0,0,1,1,0,0,0,0,1,209.13,2,571258.0,0,1,1763.22,1763.22,1763.22,0.0,0.3854,0,0.0,0,0.0,1,1763.22,1,1,1,0,1,0
TXN_00001415,2888.26,7.968755692955384,15,0,26,0,0,0,1,1,0,0,0,0,1,58.55,4,11911.0,0,3,7610.8,2536.93,6624.39,3540.36,1.1385,0,0.0,1,6624.39,1,6624.39,1,1,0,1,0,0
TXN_00001722,293.29,5.684565675729068,16,0,26,0,0,0,1,1,0,0,0,0,1,87.95,4,1472965.0,0,3,3285.54,1095.18,2554.66,1297.62,0.2678,0,0.0,0,0.0,0,0.0,3,2,1,0,0,0
TXN_00000426,2225.18,7.708042391099984,19,0,26,0,0,0,1,0,0,0,1,0,1,161.53,4,659587.0,0,3,2510.32,836.77,1135.66,291.52,2.6592,0,0.0,0,0.0,0,0.0,2,1,1,0,0,0
TXN_00000566,4521.04,8.416718498442313,20,0,26,0,0,1,0,0,0,0,1,1,0,97.52,6,693632.0,0,5,8740.97,1748.19,7651.4,3300.18,2.5861,0,0.0,0,0.0,0,0.0,1,1,1,1,0,1
TXN_00001796,357.29,5.881342714348445,21,0,26,0,0,1,0,1,0,0,0,1,0,70.9,1,-1.0,1,0,0.0,0.0,0.0,0.0,1.0,0,0.0,0,0.0,0,0.0,0,0,0,1,1,1
TXN_00001934,3133.01,8.050068613721342,1,1,27,0,1,1,0,0,0,0,1,1,0,151.68,4,544293.0,0,3,3474.12,1158.04,1739.29,747.12,2.7054,0,0.0,0,0.0,1,315.33,1,2,1,0,0,1
TXN_00000789,3360.2,8.120053332054063,1,1,27,0,1,0,1,1,0,0,0,0,1,52.28,3,613736.0,0,2,2658.83,1329.41,1499.02,239.86,2.5276,0,0.0,0,0.0,0,0.0,2,2,0,0,0,0
TXN_00001780,610.65,6.416160223492925,1,1,27,0,1,0,1,1,0,0,0,0,1,160.51,4,725164.0,0,3,1614.6,538.2,846.36,297.32,1.1346,0,0.0,0,0.0,0,0.0,1,1,0,0,0,0
TXN_00000257,1250.0,7.1316985104669115,2,1,27,0,1,1,0,0,0,0,1,1,0,37.26,3,1330517.0,0,2,8500.0,4250.0,5000.0,1060.66,0.2941,0,0.0,0,0.0,0,0.0,1,1,1,0,0,0
TXN_00000701,1172.55,7.0677886219675505,3,1,27,0,1,0,1,1,0,0,0,0,1,179.3,1,-1.0,1,0,0.0,0.0,0.0,0.0,1.0,0,0.0,0,0.0,0,0.0,0,0,0,1,1,0
TXN_00001641,1449.91,7.279946224771649,3,1,27,0,1,1,0,1,0,0,0,1,0,50.32,2,1535513.0,0,1,345.02,345.02,345.02,0.0,4.2024,0,0.0,0,0.0,0,0.0,1,1,0,0,0,1
TXN_00001811,627.06,6.442635703305683,6,1,27,0,0,0,1,0,0,0,1,0,1,191.16,2,1741930.0,0,1,335.32,335.32,335.32,0.0,1.87,0,0.0,0,0.0,0,0.0,1,1,0,1,1,0
TXN_00001592,4534.42,8.41967297127084,6,1,27,0,0,0,1,0,0,0,1,0,1,85.81,2,1376482.0,0,1,320.56,320.56,320.56,0.0,14.1453,0,0.0,0,0.0,0,0.0,1,1,0,0,0,0
TXN_00001473,1441.41,7.274070604754703,7,1,27,0,0,0,1,1,0,0,0,0,1,56.65,2,425982.0,0,1,1145.27,1145.27,1145.27,0.0,1.2586,0,0.0,0,0.0,1,1145.27,1,1,1,0,0,0
TXN_00000656,253.2,5.538121358755354,9,1,27,0,0,0,1,1,0,0,0,0,1,218.27,2,598313.0,0,1,977.09,977.09,977.09,0.0,0.2591,0,0.0,0,0.0,1,977.09,1,1,0,1,1,0
TXN_00001622,2184.41,7.6895587329475354,10,1,27,0,0,0,1,0,0,1,0,0,1,224.72,2,1751659.0,0,1,171.0,171.0,171.0,0.0,12.7743,0,0.0,0,0.0,0,0.0,1,1,0,0,0,0
TXN_00001681,648.01,6.475448124905876,10,1,27,0,0,1,0,0,0,1,0,1,0,341.04,4,148908.0,0,3,7031.65,2343.88,4191.75,2053.35,0.2765,0,0.0,0,0.0,1,133.37,1,2,2,0,1,1
TXN_00001556,981.8,6.890405640647024,12,1,27,0,0,0,1,1,0,0,0,0,1,64.49,3,1789975.0,0,2,3452.26,1726.13,2887.76,1642.79,0.5688,0,0.0,0,0.0,0,0.0,2,1,1,1,1,0
TXN_00001292,228.87,5.4375139317363255,13,1,27,0,0,0,1,0,0,0,1,0,1,42.2,3,414005.0,0,2,2199.58,1099.79,1393.53,415.41,0.2081,0,0.0,0,0.0,1,806.05,2,1,2,0,0,0
TXN_00000902,716.12,6.575243190612563,15,1,27,0,0,1,0,1,0,0,0,1,0,150.46,4,109557.0,0,3,2699.37,899.79,1691.92,709.29,0.7959,0,0.0,0,0.0,2,2015.38,2,1,1,0,1,1
TXN_00001612,1659.19,7.414687332632116,15,1,27,0,0,0,1,1,0,0,0,0,1,298.07,1,-1.0,1,0,0.0,0.0,0.0,0.0,1.0,0,0.0,0,0.0,0,0.0,0,0,0,1,1,0
TXN_00001679,1102.73,7.0064506317087,17,1,27,0,0,0,1,1,0,0,0,0,1,31.56,4,191897.0,0,3,5732.55,1910.85,2174.36,356.31,0.5771,0,0.0,0,0.0,1,2052.73,2,1,1,0,1,0
TXN_00000768,769.59,6.647156455206741,18,1,27,0,0,0,1,1,0,0,0,0,1,186.92,1,-1.0,1,0,0.0,0.0,0.0,0.0,1.0,0,0.0,0,0.0,0,0.0,0,0,0,1,1,0
TXN_00000546,1360.77,7.216540603139592,18,1,27,0,0,0,1,1,0,0,0,0,1,49.03,6,1021690.0,0,5,8709.76,1741.95,2930.03,1024.09,0.7812,0,0.0,0,0.0,0,0.0,3,2,1,1,1,0
TXN_00001929,254.22,5.54212591830583,21,1,27,0,0,0,1,1,0,0,0,0,1,40.36,3,1032287.0,0,2,3774.01,1887.01,3506.96,2290.96,0.1347,0,0.0,0,0.0,0,0.0,1,1,0,0,0,0
TXN_00000729,188.69,5.245391160738632,21,1,27,0,0,0,1,1,0,0,0,0,1,63.86,4,300348.0,0,3,4432.45,1477.48,2760.78,1125.96,0.1277,0,0.0,0,0.0,1,1016.53,1,1,1,0,1,0
TXN_00000782,337.23,5.82372613743877,23,1,27,0,0,0,1,1,0,0,0,0,1,50.91,1,-1.0,1,0,0.0,0.0,0.0,0.0,1.0,0,0.0,0,0.0,0,0.0,0,0,0,1,1,0
TXN_00000703,2134.14,7.666287497283351,0,2,28,0,1,0,1,1,0,0,0,0,1,188.0,4,1346564.0,0,3,10364.64,3454.88,5805.65,2719.29,0.6177,0,0.0,0,0.0,0,0.0,1,1,1,0,1,0
TXN_00000992,832.5,6.725633702190849,0,2,28,0,1,1,0,0,0,0,1,1,0,150.86,5,34297.0,0,4,3415.49,853.87,1691.92,586.37,0.975,0,0.0,1,716.12,3,2731.5,2,2,2,1,0,1
TXN_00001984,2576.89,7.854726513853342,1,2,28,0,1,0,1,1,0,0,0,0,1,51.69,4,982073.0,0,3,3225.62,1075.21,2099.59,916.81,2.3966,0,0.0,0,0.0,0,0.0,1,1,1,0,0,0
TXN_00000427,57.72,4.07278038430626,2,2,28,0,1,0,1,1,0,0,0,0,1,208.56,5,314198.0,0,4,4634.85,1158.71,1838.03,610.43,0.0498,0,0.0,0,0.0,2,2147.74,2,1,2,0,0,0
TXN_00001004,2079.2,7.640219321919033,3,2,28,0,1,0,1,1,0,0,0,0,1,37.68,2,1754387.0,0,1,53.35,53.35,53.35,0.0,38.9728,0,0.0,0,0.0,0,0.0,1,1,0,0,0,0
TXN_00001403,389.28,5.966864430239749,4,2,28,0,1,0,1,0,0,1,0,0,1,173.34,2,243539.0,0,1,3075.89,3075.89,3075.89,0.0,0.1266,0,0.0,0,0.0,1,3075.89,1,1,0,0,0,0
TXN_00001405,389.42,5.9672230827349475,5,2,28,0,1,0,1,0,0,1,0,0,1,37.11,4,296174.0,0,3,4737.66,1579.22,2493.72,1007.67,0.2466,0,0.0,0,0.0,2,2992.66,3,1,2,0,0,0
TXN_00000629,528.31,6.271574271562859,5,2,28,0,1,1,0,0,0,1,0,1,0,97.87,5,612800.0,0,4,1611.67,402.92,621.08,191.14,1.3112,0,0.0,0,0.0,0,0.0,2,2,1,0,1,1
TXN_00001264,1290.74,7.1637454257012925,5,2,28,0,1,0,1,1,0,0,0,0,1,30.26,1,-1.0,1,0,0.0,0.0,0.0,0.0,1.0,0,0.0,0,0.0,0,0.0,0,0,0,1,1,0
TXN_00000650,1766.6,7.477377973256585,6,2,28,0,0,1,0,0,0,1,0,1,0,123.99,4,240067.0,0,3,1293.91,431.3,613.0,213.51,4.096,0,0.0,0,0.0,1,484.77,1,2,1,0,1,1
TXN_00000797,1531.96,7.334955785902563,7,2,28,0,0,0,1,1,0,0,0,0,1,51.46,3,98309.0,0,2,1794.93,897.47,1449.91,781.28,1.707,0,0.0,0,0.0,1,1449.91,1,1,1,0,0,0
TXN_00000802,116.49,4.766353223579481,7,2,28,0,0,0,1,0,0,0,1,0,1,124.47,3,615354.0,0,2,2517.13,1258.57,2167.5,1285.43,0.0926,0,0.0,0,0.0,0,0.0,1,1,1,0,0,0
TXN_00001813,697.51,6.5489494949868075,7,2,28,0,0,0,1,0,0,1,0,0,1,41.01,4,290294.0,0,3,1211.52,403.84,801.44,346.46,1.7272,0,0.0,0,0.0,1,166.72,2,1,2,0,0,0
TXN_00001875,54.5,4.0163830207523885,7,2,28,0,0,0,1,1,0,0,0,0,1,48.02,3,1475778.0,0,2,1484.63,742.32,1208.76,659.65,0.0734,0,0.0,0,0.0,0,0.0,1,2,0,0,0,0
TXN_00001487,436.37,6.080779518784841,7,2,28,0,0,0,1,0,0,1,0,0,1,70.59,4,343120.0,0,3,2054.12,684.71,1257.55,542.26,0.6373,0,0.0,0,0.0,1,617.23,1,2,0,0,0,0
TXN_00000971,360.19,5.889404135666778,8,2,28,0,0,1,0,0,0,0,1,1,0,253.21,5,564452.0,0,4,3633.74,908.43,1824.58,683.81,0.3965,0,0.0,0,0.0,1,1824.58,1,1,2,1,0,1
TXN_00000998,668.05,6.5058587957509975,9,2,28,0,0,0,1,1,0,0,0,0,1,81.32,3,1852113.0,0,2,712.72,356.36,607.89,355.72,1.8746,0,0.0,0,0.0,0,0.0,1,1,0,0,0,0
TXN_00001462,990.27,6.898986949290281,9,2,28,0,0,1,0,1,0,0,0,1,0,44.23,3,656179.0,0,2,5066.63,2533.32,4084.74,2194.05,0.3909,0,0.0,0,0.0,0,0.0,1,1,0,0,1,1
TXN_00001217,3842.7,8.254190723340141,10,2,28,0,0,1,0,1,0,0,0,1,0,207.44,2,669766.0,0,1,236.14,236.14,236.14,0.0,16.273,0,0.0,0,0.0,0,0.0,1,1,0,0,0,1
TXN_00000300,899.0,6.802394763324311,11,2,28,0,0,0,1,0,0,1,0,0,1,45.32,1,-1.0,1,0,0.0,0.0,0.0,0.0,1.0,0,0.0,0,0.0,0,0.0,0,0,0,1,1,0
TXN_00001597,6055.78,8.708933584709943,13,2,28,0,0,0,1,0,0,1,0,0,1,123.04,3,649137.0,0,2,3156.26,1578.13,2349.75,1091.24,3.8373,0,0.0,0,0.0,0,0.0,2,1,0,0,0,0
TXN_00001630,183.19,5.215967833531011,14,2,28,0,0,0,1,1,0,0,0,0,1,66.79,2,2090832.0,0,1,226.72,226.72,226.72,0.0,0.808,0,0.0,0,0.0,0,0.0,1,1,0,0,0,0
TXN_00001672,1720.54,7.450974518059029,14,2,28,0,0,0,1,0,0,0,1,0,1,98.82,3,1614771.0,0,2,1146.59,573.29,621.05,67.54,3.0011,0,0.0,0,0.0,0,0.0,1,1,2,0,0,0
TXN_00000509,2271.36,7.72857421799328,15,2,28,0,0,1,0,0,0,0,1,1,0,234.84,1,-1.0,1,0,0.0,0.0,0.0,0.0,1.0,0,0.0,0,0.0,0,0.0,0,0,0,1,1,1
TXN_00001846,4231.56,8.350562289925714,15,2,28,0,0,0,1,1,0,0,0,0,1,53.88,4,137575.0,0,3,6019.03,2006.34,3360.2,1184.68,2.1091,0,0.0,0,0.0,1,3360.2,2,2,0,0,0,0
TXN_00000255,1250.0,7.1316985104669115,15,2,28,0,0,0,1,0,0,0,1,0,1,95.68,2,304019.0,0,1,450.0,450.0,450.0,0.0,2.7778,0,0.0,0,0.0,1,450.0,1,1,0,0,0,0
TXN_00001513,3602.57,8.189680299734308,16,2,28,0,0,0,1,1,0,0,0,0,1,234.91,2,6610.0,0,1,2271.36,2271.36,2271.36,0.0,1.5861,0,0.0,1,2271.36,1,2271.36,1,1,1,0,0,0
TXN_00001079,841.43,6.736290572721267,18,2,28,0,0,0,1,0,0,1,0,0,1,53.75,3,1124554.0,0,2,3742.9,1871.45,2705.69,1179.79,0.4496,0,0.0,0,0.0,0,0.0,2,1,0,0,0,0
TXN_00000369,2356.22,7.765238237570561,18,2,28,0,0,0,1,1,0,0,0,0,1,75.17,2,1861066.0,0,1,1452.64,1452.64,1452.64,0.0,1.622,0,0.0,0,0.0,0,0.0,1,1,0,0,1,0
TXN_00000034,14500.0,9.581972891547895,20,2,28,0,0,1,0,1,0,0,0,1,0,114.06,1,-1.0,1,0,0.0,0.0,0.0,0.0,1.0,0,0.0,0,0.0,0,0.0,0,0,0,1,1,1
TXN_00000035,9900.0,9.200391041122515,20,2,28,0,0,1,0,1,0,0,0,1,0,114.06,2,240.0,0,1,14500.0,14500.0,14500.0,0.0,0.6828,1,14500.0,1,14500.0,1,14500.0,1,1,1,0,0,0
TXN_00000036,19800.0,9.893487720457795,20,2,28,0,0,1,0,1,0,0,0,1,0,114.06,3,240.0,0,2,24400.0,12200.0,14500.0,3252.69,1.623,2,24400.0,2,24400.0,2,24400.0,1,1,1,0,0,0
TXN_00000037,19800.0,9.893487720457795,20,2,28,0,0,1,0,1,0,0,0,1,0,114.07,4,240.0,0,3,44200.0,14733.33,19800.0,4954.12,1.3439,3,44200.0,3,44200.0,3,44200.0,1,1,1,0,0,0
TXN_00000039,19800.0,9.893487720457795,20,2,28,0,0,1,0,1,0,0,0,1,0,101.87,1,-1.0,1,0,0.0,0.0,0.0,0.0,1.0,0,0.0,0,0.0,0,0.0,0,0,0,1,1,1
TXN_00000038,9900.0,9.200391041122515,20,2,28,0,0,1,0,1,0,0,0,1,0,114.07,5,240.0,0,4,64000.0,16000.0,19800.0,4772.84,0.6187,4,64000.0,4,64000.0,4,64000.0,1,1,1,0,0,0
TXN_00000040,19800.0,9.893487720457795,20,2,28,0,0,1,0,1,0,0,0,1,0,101.88,2,240.0,0,1,19800.0,19800.0,19800.0,0.0,1.0,1,19800.0,1,19800.0,1,19800.0,1,1,1,0,0,0
TXN_00000041,9500.0,9.15915233520675,20,2,28,0,0,1,0,1,0,0,0,1,0,101.88,3,240.0,0,2,39600.0,19800.0,19800.0,0.0,0.4798,2,39600.0,2,39600.0,2,39600.0,1,1,1,0,0,0
TXN_00000042,9800.0,9.19023970026918,21,2,28,0,0,1,0,1,0,0,0,1,0,93.61,1,-1.0,1,0,0.0,0.0,0.0,0.0,1.0,0,0.0,0,0.0,0,0.0,0,0,0,1,1,1
TXN_00000043,9800.0,9.19023970026918,21,2,28,0,0,1,0,1,0,0,0,1,0,93.61,2,240.0,0,1,9800.0,9800.0,9800.0,0.0,1.0,1,9800.0,1,9800.0,1,9800.0,1,1,1,0,0,0
TXN_00000044,9800.0,9.19023970026918,21,2,28,0,0,1,0,1,0,0,0,1,0,93.62,3,240.0,0,2,19600.0,9800.0,9800.0,0.0,1.0,2,19600.0,2,19600.0,2,19600.0,1,1,1,0,0,0
TXN_00000045,9900.0,9.200391041122515,21,2,28,0,0,1,0,1,0,0,0,1,0,93.62,4,240.0,0,3,29400.0,9800.0,9800.0,0.0,1.0102,3,29400.0,3,29400.0,3,29400.0,1,1,1,0,0,0
TXN_00000047,9900.0,9.200391041122515,21,2,28,0,0,1,0,1,0,0,0,1,0,102.87,1,-1.0,1,0,0.0,0.0,0.0,0.0,1.0,0,0.0,0,0.0,0,0.0,0,0,0,1,1,1
TXN_00000046,9800.0,9.19023970026918,21,2,28,0,0,1,0,1,0,0,0,1,0,93.62,5,240.0,0,4,39300.0,9825.0,9900.0,50.0,0.9975,4,39300.0,4,39300.0,4,39300.0,1,1,1,0,0,0
TXN_00000048,19800.0,9.893487720457795,21,2,28,0,0,1,0,1,0,0,0,1,0,102.87,2,240.0,0,1,9900.0,9900.0,9900.0,0.0,2.0,1,9900.0,1,9900.0,1,9900.0,1,1,1,0,0,0
TXN_00000049,9500.0,9.15915233520675,21,2,28,0,0,1,0,1,0,0,0,1,0,102.87,3,240.0,0,2,29700.0,14850.0,19800.0,7000.36,0.6397,2,29700.0,2,29700.0,2,29700.0,1,1,1,0,0,0
TXN_00000050,14500.0,9.581972891547895,21,2,28,0,0,1,0,1,0,0,0,1,0,102.88,4,240.0,0,3,39200.0,13066.67,19800.0,5834.67,1.1097,3,39200.0,3,39200.0,3,39200.0,1,1,1,0,0,0
TXN_00000051,9500.0,9.15915233520675,21,2,28,0,0,1,0,1,0,0,0,1,0,31.18,1,-1.0,1,0,0.0,0.0,0.0,0.0,1.0,0,0.0,0,0.0,0,0.0,0,0,0,1,1,1
TXN_00000052,9500.0,9.15915233520675,21,2,28,0,0,1,0,1,0,0,0,1,0,31.19,2,240.0,0,1,9500.0,9500.0,9500.0,0.0,1.0,1,9500.0,1,9500.0,1,9500.0,1,1,1,0,0,0
TXN_00000053,9500.0,9.15915233520675,21,2,28,0,0,1,0,1,0,0,0,1,0,31.19,3,240.0,0,2,19000.0,9500.0,9500.0,0.0,1.0,2,19000.0,2,19000.0,2,19000.0,1,1,1,0,0,0
TXN_00000559,167.29,5.125688681724982,21,2,28,0,0,0,1,0,0,0,1,0,1,32.41,1,-1.0,1,0,0.0,0.0,0.0,0.0,1.0,0,0.0,0,0.0,0,0.0,0,0,0,1,1,0
TXN_00001094,236.61,5.470630674144922,22,2,28,0,0,0,1,0,0,1,0,0,1,61.88,1,-1.0,1,0,0.0,0.0,0.0,0.0,1.0,0,0.0,0,0.0,0,0.0,0,0,0,1,1,0
TXN_00001656,3390.71,8.129089497973844,23,2,28,0,0,1,0,1,0,0,0,1,0,194.67,3,652683.0,0,2,4946.1,2473.05,4408.99,2737.83,1.3711,0,0.0,0,0.0,0,0.0,1,1,1,0,0,1
TXN_00000604,179.04,5.1931790484247315,23,2,28,0,0,1,0,1,0,0,0,1,0,76.97,1,-1.0,1,0,0.0,0.0,0.0,0.0,1.0,0,0.0,0,0.0,0,0.0,0,0,0,1,1,1
TXN_00000441,5842.31,8.673052696084605,1,3,29,0,1,0,1,1,0,0,0,0,1,196.14,3,1031895.0,0,2,2620.88,1310.44,2140.77,1174.26,4.4583,0,0.0,0,0.0,0,0.0,2,1,2,0,0,0
TXN_00000869,3808.02,8.245127217186793,2,3,29,0,1,0,1,1,0,0,0,0,1,188.25,2,115332.0,0,1,769.59,769.59,769.59,0.0,4.9481,0,0.0,0,0.0,1,769.59,1,1,0,1,1,0
TXN_00000667,461.48,6.136603312774221,3,3,29,0,1,1,0,0,0,0,1,1,0,171.99,3,405421.0,0,2,1872.31,936.15,1074.99,196.34,0.493,0,0.0,0,0.0,1,1074.99,1,1,0,0,0,1
TXN_00001147,383.16,5.951059132472943,4,3,29,0,1,1,0,0,0,0,1,1,0,212.21,1,-1.0,1,0,0.0,0.0,0.0,0.0,1.0,0,0.0,0,0.0,0,0.0,0,0,0,1,1,1
TXN_00000018,9900.0,9.200391041122515,4,3,29,0,1,1,0,1,0,0,0,1,0,163.36,1,-1.0,1,0,0.0,0.0,0.0,0.0,1.0,0,0.0,0,0.0,0,0.0,0,0,0,1,1,1
TXN_00000019,9500.0,9.15915233520675,4,3,29,0,1,1,0,1,0,0,0,1,0,163.36,2,240.0,0,1,9900.0,9900.0,9900.0,0.0,0.9596,1,9900.0,1,9900.0,1,9900.0,1,1,1,0,0,0
TXN_00000020,9900.0,9.200391041122515,5,3,29,0,1,1,0,1,0,0,0,1,0,163.37,3,240.0,0,2,19400.0,9700.0,9900.0,282.84,1.0206,2,19400.0,2,19400.0,2,19400.0,1,1,1,0,0,0
TXN_00000021,14500.0,9.581972891547895,5,3,29,0,1,1,0,1,0,0,0,1,0,163.37,4,240.0,0,3,29300.0,9766.67,9900.0,230.94,1.4846,3,29300.0,3,29300.0,3,29300.0,1,1,1,0,0,0
TXN_00000023,14500.0,9.581972891547895,5,3,29,0,1,1,0,1,0,0,0,1,0,319.8,1,-1.0,1,0,0.0,0.0,0.0,0.0,1.0,0,0.0,0,0.0,0,0.0,0,0,0,1,1,1
TXN_00000022,9900.0,9.200391041122515,5,3,29,0,1,1,0,1,0,0,0,1,0,163.37,5,240.0,0,4,43800.0,10950.0,14500.0,2374.17,0.9041,4,43800.0,4,43800.0,4,43800.0,1,1,1,0,0,0
TXN_00000024,14500.0,9.581972891547895,5,3,29,0,1,1,0,1,0,0,0,1,0,319.8,2,240.0,0,1,14500.0,14500.0,14500.0,0.0,1.0,1,14500.0,1,14500.0,1,14500.0,1,1,1,0,0,0
TXN_00000025,9800.0,9.19023970026918,5,3,29,0,1,1,0,1,0,0,0,1,0,319.8,3,240.0,0,2,29000.0,14500.0,14500.0,0.0,0.6759,2,29000.0,2,29000.0,2,29000.0,1,1,1,0,0,0
TXN_00000026,19800.0,9.893487720457795,5,3,29,0,1,1,0,1,0,0,0,1,0,319.81,4,240.0,0,3,38800.0,12933.33,14500.0,2713.55,1.5309,3,38800.0,3,38800.0,3,38800.0,1,1,1,0,0,0
TXN_00000028,14500.0,9.581972891547895,5,3,29,0,1,1,0,1,0,0,0,1,0,207.13,1,-1.0,1,0,0.0,0.0,0.0,0.0,1.0,0,0.0,0,0.0,0,0.0,0,0,0,1,1,1
TXN_00000027,19800.0,9.893487720457795,5,3,29,0,1,1,0,1,0,0,0,1,0,319.81,5,240.0,0,4,58600.0,14650.0,19800.0,4086.16,1.3515,4,58600.0,4,58600.0,4,58600.0,1,1,1,0,0,0
TXN_00000029,19800.0,9.893487720457795,5,3,29,0,1,1,0,1,0,0,0,1,0,207.13,2,240.0,0,1,14500.0,14500.0,14500.0,0.0,1.3655,1,14500.0,1,14500.0,1,14500.0,1,1,1,0,0,0
TXN_00000030,9500.0,9.15915233520675,5,3,29,0,1,1,0,1,0,0,0,1,0,207.13,3,240.0,0,2,34300.0,17150.0,19800.0,3747.67,0.5539,2,34300.0,2,34300.0,2,34300.0,1,1,1,0,0,0
TXN_00000384,1314.29,7.181812452617579,5,3,29,0,1,0,1,1,0,0,0,0,1,188.39,3,11902.0,0,2,4577.61,2288.8,3808.02,2148.49,0.5742,0,0.0,1,3808.02,2,4577.61,2,2,0,0,0,0
TXN_00000031,9800.0,9.19023970026918,5,3,29,0,1,1,0,1,0,0,0,1,0,61.86,1,-1.0,1,0,0.0,0.0,0.0,0.0,1.0,0,0.0,0,0.0,0,0.0,0,0,0,1,1,1
TXN_00000032,9500.0,9.15915233520675,5,3,29,0,1,1,0,1,0,0,0,1,0,61.86,2,240.0,0,1,9800.0,9800.0,9800.0,0.0,0.9694,1,9800.0,1,9800.0,1,9800.0,1,1,1,0,0,0
TXN_00000033,14500.0,9.581972891547895,5,3,29,0,1,1,0,1,0,0,0,1,0,61.86,3,240.0,0,2,19300.0,9650.0,9800.0,212.13,1.5026,2,19300.0,2,19300.0,2,19300.0,1,1,1,0,0,0
TXN_00001226,181.14,5.204775622139673,6,3,29,0,0,0,1,1,0,0,0,0,1,143.67,3,1353174.0,0,2,1584.5,792.25,1350.65,789.7,0.2286,0,0.0,0,0.0,0,0.0,2,1,1,0,0,0
TXN_00001163,196.72,5.2868518884387585,6,3,29,0,0,0,1,1,0,0,0,0,1,150.53,2,250687.0,0,1,68.6,68.6,68.6,0.0,2.8676,0,0.0,0,0.0,1,68.6,1,1,0,1,0,0
TXN_00000730,833.56,6.726904639858179,6,3,29,0,0,0,1,1,0,0,0,0,1,56.01,1,-1.0,1,0,0.0,0.0,0.0,0.0,1.0,0,0.0,0,0.0,0,0.0,0,0,0,1,1,0
TXN_00001023,1585.02,7.368983012455763,7,3,29,0,0,1,0,0,0,1,0,1,0,134.33,5,285736.0,0,4,5658.23,1414.56,2266.24,1017.29,1.1205,0,0.0,0,0.0,1,2217.8,1,1,1,0,0,1
TXN_00000092,49000.0,10.799595985047786,7,3,29,0,0,1,0,0,1,0,0,1,0,72.98,1,-1.0,1,0,0.0,0.0,0.0,0.0,1.0,0,0.0,0,0.0,0,0.0,0,0,0,1,1,1
TXN_00001092,245.15,5.50594110620421,7,3,29,0,0,0,1,1,0,0,0,0,1,37.26,3,1603192.0,0,2,945.36,472.68,631.12,224.07,0.5186,0,0.0,0,0.0,0,0.0,1,1,1,0,0,0
TXN_00000790,776.89,6.656585126007334,7,3,29,0,0,0,1,1,0,0,0,0,1,181.48,2,188107.0,0,1,1172.55,1172.55,1172.55,0.0,0.6626,0,0.0,0,0.0,1,1172.55,1,1,0,1,1,0
TXN_00001478,1043.13,6.950939281763276,8,3,29,0,0,1,0,0,0,0,1,1,0,39.94,4,1317907.0,0,3,5206.14,1735.38,3196.19,1438.94,0.6011,0,0.0,0,0.0,0,0.0,1,1,2,0,0,1
TXN_00001794,2942.92,7.987497305566506,9,3,29,0,0,0,1,1,0,0,0,0,1,64.47,4,1423664.0,0,3,2140.6,713.53,1197.79,579.03,4.1244,0,0.0,0,0.0,0,0.0,1,1,0,1,1,0
TXN_00000709,421.79,6.0468756018715295,9,3,29,0,0,0,1,0,0,0,1,0,1,131.46,5,436642.0,0,4,4205.75,1051.44,1587.14,690.78,0.4012,0,0.0,0,0.0,1,1515.76,2,1,3,0,0,0
TXN_00001976,4981.93,8.513773350420342,9,3,29,0,0,1,0,0,0,0,1,1,0,204.54,2,1208390.0,0,1,1080.0,1080.0,1080.0,0.0,4.6129,0,0.0,0,0.0,0,0.0,1,1,0,0,1,1
TXN_00001453,200.35,5.305044687297463,11,3,29,0,0,0,1,1,0,0,0,0,1,54.5,4,813061.0,0,3,2601.93,867.31,1159.95,254.55,0.231,0,0.0,0,0.0,0,0.0,1,1,2,0,0,0
TXN_00000864,1269.31,7.147016244154614,12,3,29,0,0,0,1,1,0,0,0,0,1,50.04,5,359500.0,0,4,2684.27,671.07,1150.63,397.29,1.8915,0,0.0,0,0.0,3,1986.77,1,1,1,0,0,0
TXN_00001398,784.56,6.666396839247022,14,3,29,0,0,1,0,1,0,0,0,1,0,107.73,4,730026.0,0,3,2611.7,870.57,1281.78,426.59,0.9012,0,0.0,0,0.0,0,0.0,2,2,2,1,0,1
TXN_00001122,237.98,5.476379866421608,14,3,29,0,0,0,1,0,0,1,0,0,1,267.94,1,-1.0,1,0,0.0,0.0,0.0,0.0,1.0,0,0.0,0,0.0,0,0.0,0,0,0,1,1,0
TXN_00000357,1477.15,7.298546584856508,14,3,29,0,0,0,1,1,0,0,0,0,1,250.34,3,1557317.0,0,2,210.31,105.16,122.9,25.1,14.0474,0,0.0,0,0.0,0,0.0,1,1,2,0,0,0
TXN_00001896,427.84,6.061083888988039,15,3,29,0,0,0,1,1,0,0,0,0,1,107.79,5,4795.0,0,4,3396.26,849.07,1281.78,350.96,0.5039,0,0.0,1,784.56,1,784.56,3,2,3,0,0,0
TXN_00000091,49500.0,10.809748150372926,15,3,29,0,0,1,0,0,1,0,0,1,0,73.31,2,28800.0,0,1,49000.0,49000.0,49000.0,0.0,1.0102,0,0.0,1,49000.0,1,49000.0,1,1,1,0,0,0
TXN_00001302,1456.45,7.284443612318882,15,3,29,0,0,0,1,1,0,0,0,0,1,223.72,1,-1.0,1,0,0.0,0.0,0.0,0.0,1.0,0,0.0,0,0.0,0,0.0,0,0,0,1,1,0
TXN_00000885,431.27,6.069050393012953,17,3,29,0,0,0,1,1,0,0,0,0,1,301.89,2,1549756.0,0,1,954.55,954.55,954.55,0.0,0.4518,0,0.0,0,0.0,0,0.0,1,1,0,1,0,0
TXN_00000420,1784.8,7.487621773083116,17,3,29,0,0,0,1,0,0,0,1,0,1,38.48,3,779021.0,0,2,977.17,488.58,758.92,382.31,3.653,0,0.0,0,0.0,0,0.0,1,1,1,0,0,0
TXN_00000833,2180.2,7.687630463051907,18,3,29,0,0,1,0,1,0,0,0,1,0,156.42,3,925425.0,0,2,3961.04,1980.52,2004.65,34.12,1.1008,0,0.0,0,0.0,0,0.0,2,2,1,0,0,1
TXN_00001601,3165.7,8.06044531518091,18,3,29,0,0,0,1,1,0,0,0,0,1,39.05,4,1326157.0,0,3,4283.6,1427.87,2138.33,842.73,2.2171,0,0.0,0,0.0,0,0.0,1,2,0,0,1,0
TXN_00001636,1711.64,7.445791318619699,18,3,29,0,0,1,0,0,0,0,1,1,0,269.93,3,1068577.0,0,2,1237.13,618.57,952.2,471.83,2.7671,0,0.0,0,0.0,0,0.0,1,1,0,0,0,1
TXN_00000535,610.1,6.4152606119008695,18,3,29,0,0,0,1,1,0,0,0,0,1,310.63,4,1529538.0,0,3,5977.26,1992.42,2407.11,437.99,0.3062,0,0.0,0,0.0,0,0.0,1,1,0,0,0,0
TXN_00000434,518.36,6.252597284326226,20,3,29,0,0,1,0,1,0,0,0,1,0,223.94,2,18877.0,0,1,1456.45,1456.45,1456.45,0.0,0.3559,0,0.0,1,1456.45,1,1456.45,1,1,0,0,0,1
TXN_00001661,408.75,6.015547217623939,21,3,29,0,0,1,0,1,0,0,0,1,0,227.83,3,859369.0,0,2,1816.13,908.07,1257.98,494.85,0.4501,0,0.0,0,0.0,0,0.0,1,2,1,0,0,1
TXN_00001948,1705.56,7.442234927412238,21,3,29,0,0,0,1,0,0,0,1,0,1,89.13,3,414977.0,0,2,3432.93,1716.46,2541.81,1167.21,0.9936,0,0.0,0,0.0,1,891.12,1,1,0,0,1,0
TXN_00000270,899.0,6.802394763324311,22,3,29,0,0,1,0,0,0,0,1,1,0,202.96,4,428345.0,0,3,6700.0,2233.33,5000.0,2429.16,0.4025,0,0.0,0,0.0,1,450.0,1,1,1,0,0,0
TXN_00001982,195.25,5.279389356662517,22,3,29,0,0,1,0,1,0,0,0,1,0,72.22,5,140955.0,0,4,2490.49,622.62,1257.55,459.84,0.3136,0,0.0,0,0.0,2,1053.6,1,2,0,0,1,1
TXN_00001895,2138.65,7.668397543238039,23,3,29,0,0,0,1,1,0,0,0,0,1,39.5,4,747939.0,0,3,1637.26,545.75,1038.89,429.77,3.9187,0,0.0,0,0.0,0,0.0,1,2,0,0,0,0
TXN_00000863,1428.41,7.265017050703761,1,4,30,0,1,1,0,0,0,1,0,1,0,190.04,5,176349.0,0,4,12498.78,3124.69,5805.65,2316.42,0.4571,0,0.0,0,0.0,1,2134.14,1,2,1,0,0,1
TXN_00001258,1629.53,7.3966603943241385,1,4,30,0,1,0,1,0,0,0,1,0,1,31.82,3,1152441.0,0,2,4115.88,2057.94,2149.51,129.5,0.7918,0,0.0,0,0.0,0,0.0,2,1,0,1,0,0
TXN_00001488,1066.76,6.973318275165896,3,4,30,0,1,0,1,0,0,1,0,0,1,31.46,3,511756.0,0,2,1130.39,565.2,710.97,206.16,1.8874,0,0.0,0,0.0,1,710.97,1,1,1,1,0,0
TXN_00001704,493.46,6.203466258003347,4,4,30,0,1,0,1,0,0,1,0,0,1,283.69,2,587590.0,0,1,1118.43,1118.43,1118.43,0.0,0.4412,0,0.0,0,0.0,1,1118.43,1,1,1,0,0,0
TXN_00001049,3910.87,8.271770799518698,6,4,30,0,0,1,0,1,0,0,0,1,0,40.33,1,-1.0,1,0,0.0,0.0,0.0,0.0,1.0,0,0.0,0,0.0,0,0.0,0,0,0,1,1,1
TXN_00001019,1693.55,7.435172497841047,7,4,30,0,0,1,0,0,0,1,0,1,0,40.81,2,1678794.0,0,1,423.88,423.88,423.88,0.0,3.9954,0,0.0,0,0.0,0,0.0,1,1,1,0,0,1
TXN_00001748,1193.06,7.085114543946276,9,4,30,0,0,0,1,0,0,1,0,0,1,190.12,1,-1.0,1,0,0.0,0.0,0.0,0.0,1.0,0,0.0,0,0.0,0,0.0,0,0,0,1,1,0
TXN_00000093,24800.0,10.118639253920785,10,4,30,0,0,1,0,0,1,0,0,1,0,74.1,3,68400.0,0,2,98500.0,49250.0,49500.0,353.55,0.5036,0,0.0,1,49500.0,2,98500.0,1,1,1,0,0,0
TXN_00001738,2951.06,7.990258510717061,14,4,30,0,0,0,1,1,0,0,0,0,1,74.59,2,319465.0,0,1,357.29,357.29,357.29,0.0,8.2596,0,0.0,0,0.0,1,357.29,1,1,1,0,0,0
TXN_00001395,1695.34,7.436228267958196,14,4,30,0,0,0,1,0,0,1,0,0,1,89.21,5,986495.0,0,4,3914.25,978.56,1521.29,603.83,1.7325,0,0.0,0,0.0,0,0.0,1,1,1,0,1,0
TXN_00001481,932.21,6.8386302559064065,14,4,30,0,0,0,1,1,0,0,0,0,1,34.49,3,1931123.0,0,2,1366.01,683.0,972.72,409.72,1.3649,0,0.0,0,0.0,0,0.0,1,1,1,0,1,0
TXN_00000303,150.0,5.017279836814924,17,4,30,0,0,1,0,0,0,0,1,1,0,301.36,3,1796883.0,0,2,3650.0,1825.0,2400.0,813.17,0.0822,0,0.0,0,0.0,0,0.0,1,1,1,0,0,0
TXN_00000876,1649.23,7.408669951119588,18,4,30,0,0,0,1,0,0,0,1,0,1,39.66,5,220011.0,0,4,5127.08,1281.77,2493.72,1015.3,1.2867,0,0.0,0,0.0,2,2883.14,3,1,2,0,1,0
TXN_00001733,436.45,6.080962413552274,19,4,30,0,0,0,1,0,0,1,0,0,1,92.08,5,356898.0,0,4,3578.83,894.71,2554.66,1132.83,0.4878,0,0.0,0,0.0,1,293.29,3,2,1,0,0,0
TXN_00001686,302.02,5.713798809931689,20,4,30,0,0,1,0,0,0,0,1,1,0,164.26,5,324665.0,0,4,2225.25,556.31,846.36,245.45,0.5429,0,0.0,0,0.0,1,610.65,1,1,0,0,0,1
TXN_00000400,1017.36,6.925948769174101,22,4,30,0,0,1,0,0,0,0,1,1,0,164.34,6,6888.0,0,5,2527.27,505.45,846.36,241.08,2.0128,0,0.0,1,302.02,2,912.67,1,1,1,0,0,1
TXN_00001129,2735.78,7.914537325831957,22,4,30,0,0,0,1,0,0,1,0,0,1,122.65,3,1355733.0,0,2,3800.66,1900.33,3722.91,2577.52,1.4396,0,0.0,0,0.0,0,0.0,1,1,0,1,0,0
TXN_00000852,1806.94,7.4999433545607515,22,4,30,0,0,0,1,0,0,0,1,0,1,33.92,3,1445241.0,0,2,1266.18,633.09,776.18,202.36,2.8542,0,0.0,0,0.0,0,0.0,1,2,0,0,0,0
TXN_00001558,1773.41,7.481223252288067,22,4,30,0,0,0,1,1,0,0,0,0,1,145.64,2,636350.0,0,1,1362.71,1362.71,1362.71,0.0,1.3014,0,0.0,0,0.0,0,0.0,1,1,1,0,1,0
TXN_00001246,289.47,5.671500300735477,23,4,30,0,0,0,1,1,0,0,0,0,1,39.85,6,16583.0,0,5,6776.31,1355.26,2493.72,894.5,0.2136,0,0.0,1,1649.23,3,4532.37,3,2,2,0,0,0
TXN_00001338,1394.91,7.241301811330003,23,4,30,0,0,0,1,1,0,0,0,0,1,284.46,3,66571.0,0,2,1611.89,805.95,1118.43,441.92,1.7308,0,0.0,1,493.46,1,493.46,1,1,1,0,0,0
TXN_00000450,784.82,6.666727758569366,23,4,30,0,0,0,1,0,0,1,0,0,1,61.97,4,1281121.0,0,3,2825.24,941.75,1379.9,395.83,0.8334,0,0.0,0,0.0,0,0.0,1,2,1,0,0,0
TXN_00000373,1858.99,7.528326390348709,23,4,30,0,0,1,0,1,0,0,0,1,0,330.04,6,784467.0,0,5,8512.82,1702.56,3539.18,1290.9,1.0919,0,0.0,0,0.0,0,0.0,2,2,2,0,0,1
TXN_00000399,502.48,6.221543989423305,23,4,30,0,0,1,0,0,0,0,1,1,0,150.08,1,-1.0,1,0,0.0,0.0,0.0,0.0,1.0,0,0.0,0,0.0,0,0.0,0,0,0,1,1,1
TXN_00000415,559.28,6.328436658770846,23,4,30,0,0,1,0,1,0,0,0,1,0,119.04,2,1266947.0,0,1,92.64,92.64,92.64,0.0,6.0371,0,0.0,0,0.0,0,0.0,1,1,0,0,0,1
TXN_00001012,1158.34,7.055606156660867,1,5,31,1,1,0,1,1,0,0,0,0,1,198.16,4,173799.0,0,3,8463.19,2821.06,5842.31,2745.07,0.4106,0,0.0,0,0.0,1,5842.31,2,1,2,1,0,0
TXN_00001318,1926.8,7.564134735349867,1,5,31,1,1,0,1,1,0,0,0,0,1,64.38,2,2297323.0,0,1,1757.98,1757.98,1757.98,0.0,1.096,0,0.0,0,0.0,0,0.0,1,1,0,1,0,0
TXN_00000500,764.87,6.641012442544012,3,5,31,1,1,1,0,1,0,0,0,1,0,63.87,3,1538794.0,0,2,1551.76,775.88,871.0,134.52,0.9858,0,0.0,0,0.0,0,0.0,1,1,0,0,0,1
TXN_00001742,1524.77,7.330254479646081,4,5,31,1,1,0,1,1,0,0,0,0,1,134.05,4,854925.0,0,3,5280.68,1760.23,3269.87,1535.19,0.8662,0,0.0,0,0.0,0,0.0,1,1,1,0,0,0
TXN_00000807,563.01,6.33507198183733,4,5,31,1,1,1,0,0,0,1,0,1,0,291.68,4,1500270.0,0,3,2029.03,676.34,1417.89,649.65,0.8324,0,0.0,0,0.0,0,0.0,1,3,0,0,0,1
TXN_00000862,237.5,5.474369310328396,4,5,31,1,1,0,1,0,0,1,0,0,1,110.61,1,-1.0,1,0,0.0,0.0,0.0,0.0,1.0,0,0.0,0,0.0,0,0.0,0,0,0,1,1,0
TXN_00001755,2114.31,7.656956652843756,6,5,31,1,0,0,1,1,0,0,0,0,1,62.28,5,26188.0,0,4,3610.06,902.52,1379.9,332.58,2.3427,0,0.0,1,784.82,1,784.82,1,2,1,0,0,0
TXN_00000452,1571.29,7.360288434346611,6,5,31,1,0,0,1,1,0,0,0,0,1,46.31,3,609323.0,0,2,1232.67,616.34,1010.51,557.45,2.5494,0,0.0,0,0.0,0,0.0,1,2,1,1,1,0
TXN_00001171,509.28,6.234959594670089,7,5,31,1,0,0,1,0,0,0,1,0,1,49.95,2,1501062.0,0,1,2646.53,2646.53,2646.53,0.0,0.1924,0,0.0,0,0.0,0,0.0,1,1,0,0,1,0
TXN_00001859,193.76,5.2717680313145,8,5,31,1,0,0,1,0,0,1,0,0,1,295.91,2,1182138.0,0,1,2505.83,2505.83,2505.83,0.0,0.0773,0,0.0,0,0.0,0,0.0,1,1,0,1,0,0
TXN_00000084,24800.0,10.118639253920785,9,5,31,1,0,1,0,0,1,0,0,1,0,68.81,1,-1.0,1,0,0.0,0.0,0.0,0.0,1.0,0,0.0,0,0.0,0,0.0,0,0,0,1,1,1
TXN_00001293,3319.81,8.107964008056868,10,5,31,1,0,1,0,1,0,0,0,1,0,100.15,2,740228.0,0,1,1158.76,1158.76,1158.76,0.0,2.865,0,0.0,0,0.0,0,0.0,1,1,0,0,0,1
TXN_00001239,620.85,6.43269890609975,12,5,31,1,0,1,0,0,0,1,0,1,0,206.65,3,182159.0,0,2,6061.93,3030.97,4981.93,2759.08,0.2048,0,0.0,0,0.0,1,4981.93,1,2,1,0,0,1
TXN_00000954,1168.59,7.0644085390273625,12,5,31,1,0,0,1,1,0,0,0,0,1,198.6,5,38110.0,0,4,9621.53,2405.38,5842.31,2390.56,0.4858,0,0.0,1,1158.34,2,7000.65,3,1,2,0,0,0
TXN_00001876,1327.93,7.192129386144731,12,5,31,1,0,0,1,0,0,0,1,0,1,154.35,6,301569.0,0,5,4247.99,849.6,1691.92,507.9,1.563,0,0.0,0,0.0,3,1872.08,3,2,3,0,0,0
TXN_00000287,1250.0,7.1316985104669115,12,5,31,1,0,0,1,1,0,0,0,0,1,278.35,3,1387560.0,0,2,2149.0,1074.5,1250.0,248.19,1.1633,0,0.0,0,0.0,0,0.0,1,1,0,0,0,0
TXN_00000083,49500.0,10.809748150372926,13,5,31,1,0,1,0,0,1,0,0,1,0,68.98,2,14400.0,0,1,24800.0,24800.0,24800.0,0.0,1.996,0,0.0,1,24800.0,1,24800.0,1,1,1,0,0,0
TXN_00001313,2280.4,7.732544568593798,13,5,31,1,0,0,1,0,0,0,1,0,1,36.66,3,492254.0,0,2,921.83,460.92,588.72,180.74,4.9475,0,0.0,0,0.0,1,333.11,1,1,0,0,0,0
TXN_00001475,1585.17,7.369077584344654,16,5,31,1,0,1,0,0,0,1,0,1,0,194.79,2,742461.0,0,1,1751.94,1751.94,1751.94,0.0,0.9048,0,0.0,0,0.0,0,0.0,1,1,0,1,0,1
TXN_00001735,1513.89,7.323098108046708,17,5,31,1,0,1,0,0,0,0,1,1,0,98.15,1,-1.0,1,0,0.0,0.0,0.0,0.0,1.0,0,0.0,0,0.0,0,0.0,0,0,0,1,1,1
TXN_00001567,159.18,5.0762981828955365,17,5,31,1,0,1,0,1,0,0,0,1,0,174.62,4,226572.0,0,3,2333.79,777.93,1074.99,307.21,0.2046,0,0.0,0,0.0,1,461.48,1,1,1,0,0,1
TXN_00000554,1084.75,6.990026271414931,18,5,31,1,0,0,1,0,0,1,0,0,1,89.51,2,1957071.0,0,1,100.74,100.74,100.74,0.0,10.7678,0,0.0,0,0.0,0,0.0,1,1,1,0,0,0
TXN_00001043,3234.07,8.081805845031653,18,5,31,1,0,1,0,1,0,0,0,1,0,34.77,4,73312.0,0,3,3073.12,1024.37,1806.94,692.66,3.1571,0,0.0,1,1806.94,1,1806.94,1,2,0,0,0,1
TXN_00001988,645.91,6.472207181270235,1,6,1,1,1,0,1,1,0,0,0,0,1,151.27,2,1310350.0,0,1,79.26,79.26,79.26,0.0,8.1493,0,0.0,0,0.0,0,0.0,1,1,1,0,0,0
TXN_00001111,4150.37,8.331193679228894,1,6,1,1,1,1,0,0,0,0,1,1,0,290.14,1,-1.0,1,0,0.0,0.0,0.0,0.0,1.0,0,0.0,0,0.0,0,0.0,0,0,0,1,1,1
TXN_00000324,2055.16,7.628595444558831,3,6,1,1,1,1,0,1,0,0,0,1,0,53.93,2,2033026.0,0,1,149.01,149.01,149.01,0.0,13.7921,0,0.0,0,0.0,0,0.0,1,1,0,0,0,1
TXN_00000857,588.76,6.379715674481458,3,6,1,1,1,0,1,1,0,0,0,0,1,239.01,3,1163433.0,0,2,2976.9,1488.45,1547.83,83.98,0.3956,0,0.0,0,0.0,0,0.0,1,1,1,0,0,0
TXN_00001587,54.72,4.020339148911605,3,6,1,1,1,0,1,1,0,0,0,0,1,109.15,1,-1.0,1,0,0.0,0.0,0.0,0.0,1.0,0,0.0,0,0.0,0,0.0,0,0,0,1,1,0
TXN_00001544,220.44,5.400151672429304,5,6,1,1,1,0,1,0,0,1,0,0,1,201.87,3,1044367.0,0,2,2426.43,1213.21,1476.77,372.72,0.1817,0,0.0,0,0.0,0,0.0,1,1,1,0,0,0
TXN_00000820,292.87,5.683137492678913,5,6,1,1,1,1,0,0,0,1,0,1,0,236.06,4,826505.0,0,3,7872.14,2624.05,3837.51,1288.0,0.1116,0,0.0,0,0.0,0,0.0,1,2,1,0,0,1
TXN_00001632,6463.43,8.77407012026565,6,6,1,1,0,0,1,1,0,0,0,0,1,55.89,2,1507749.0,0,1,303.86,303.86,303.86,0.0,21.2711,0,0.0,0,0.0,0,0.0,1,1,1,0,0,0
TXN_00000906,2746.95,7.9186104581257615,8,6,1,1,0,0,1,1,0,0,0,0,1,46.44,2,1260371.0,0,1,146.65,146.65,146.65,0.0,18.7313,0,0.0,0,0.0,0,0.0,1,1,0,0,0,0
TXN_00000332,3044.54,8.021433504322614,8,6,1,1,0,0,1,0,0,1,0,0,1,109.86,1,-1.0,1,0,0.0,0.0,0.0,0.0,1.0,0,0.0,0,0.0,0,0.0,0,0,0,1,1,0
TXN_00001017,1330.73,7.194234127850662,10,6,1,1,0,1,0,0,0,1,0,1,0,78.38,2,2154522.0,0,1,377.61,377.61,377.61,0.0,3.5241,0,0.0,0,0.0,0,0.0,1,1,1,0,1,1
TXN_00001506,1594.42,7.374892303439572,10,6,1,1,0,1,0,0,0,1,0,1,0,36.31,4,157624.0,0,3,2298.22,766.07,972.72,323.47,2.0813,0,0.0,0,0.0,1,932.21,1,2,1,0,1,1
TXN_00001034,2349.33,7.762311022811377,13,6,1,1,0,1,0,0,0,1,0,1,0,184.72,3,280147.0,0,2,1949.44,974.72,1172.55,279.77,2.4103,0,0.0,0,0.0,2,1949.44,2,2,0,1,0,1
TXN_00000742,3222.91,8.078350187604116,16,6,1,1,0,0,1,1,0,0,0,0,1,177.85,3,389555.0,0,2,3465.17,1732.59,3075.89,1899.72,1.8602,0,0.0,0,0.0,1,389.28,1,1,0,0,1,0
TXN_00000088,24800.0,10.118639253920785,17,6,1,1,0,1,0,0,1,0,0,1,0,201.29,1,-1.0,1,0,0.0,0.0,0.0,0.0,1.0,0,0.0,0,0.0,0,0.0,0,0,0,1,1,1
TXN_00001926,721.46,6.582662055132182,17,6,1,1,0,0,1,0,0,1,0,0,1,119.27,3,1765980.0,0,2,4685.29,2342.64,4475.54,3016.37,0.308,0,0.0,0,0.0,0,0.0,1,2,1,0,0,0
TXN_00001025,4880.03,8.493111542149759,17,6,1,1,0,0,1,0,0,1,0,0,1,47.42,5,2376081.0,0,4,12787.19,3196.8,5136.36,1671.54,1.5265,0,0.0,0,0.0,0,0.0,1,2,0,0,0,0
TXN_00001192,4157.24,8.33284718680994,17,6,1,1,0,1,0,1,0,0,0,1,0,43.65,3,636979.0,0,2,1731.0,865.5,1249.2,542.63,4.8033,0,0.0,0,0.0,0,0.0,1,1,1,0,0,1
TXN_00001287,811.83,6.7005219855919,17,6,1,1,0,0,1,0,0,0,1,0,1,159.69,1,-1.0,1,0,0.0,0.0,0.0,0.0,1.0,0,0.0,0,0.0,0,0.0,0,0,0,1,1,0
TXN_00000888,870.97,6.770755019647435,18,6,1,1,0,0,1,1,0,0,0,0,1,58.15,2,1680052.0,0,1,4050.05,4050.05,4050.05,0.0,0.2151,0,0.0,0,0.0,0,0.0,1,1,1,0,0,0
TXN_00000087,49000.0,10.799595985047786,19,6,1,1,0,1,0,0,1,0,0,1,0,201.37,2,7200.0,0,1,24800.0,24800.0,24800.0,0.0,1.9758,0,0.0,1,24800.0,1,24800.0,1,1,1,0,0,0
TXN_00000755,4025.28,8.300598151719791,21,6,1,1,0,1,0,1,0,0,0,1,0,43.48,5,306237.0,0,4,6249.27,1562.32,3196.19,1224.81,2.5765,0,0.0,0,0.0,1,1043.13,1,1,3,1,0,1
TXN_00001605,531.1,6.276831441602324,23,6,1,1,0,0,1,0,0,0,1,0,1,202.63,4,65700.0,0,3,2646.87,882.29,1476.77,630.87,0.602,0,0.0,1,220.44,1,220.44,1,1,1,1,0,0
TXN_00001064,524.81,6.2649399307531946,23,6,1,1,0,1,0,0,0,1,0,1,0,249.06,3,840501.0,0,2,2892.9,1446.45,2059.96,867.63,0.3628,0,0.0,0,0.0,0,0.0,1,1,1,0,0,1
TXN_00001441,1591.13,7.372828021361929,0,0,2,0,1,0,1,1,0,0,0,0,1,111.18,6,293495.0,0,5,3824.1,764.82,1281.78,357.58,2.0804,0,0.0,0,0.0,2,1212.4,3,2,3,0,0,0
TXN_00000838,317.55,5.763779448562497,1,0,2,0,1,0,1,0,0,0,1,0,1,64.07,2,1624539.0,0,1,702.91,702.91,702.91,0.0,0.4518,0,0.0,0,0.0,0,0.0,1,1,0,1,1,0
TXN_00001131,1306.09,7.17555857123818,2,0,2,0,1,0,1,0,0,0,1,0,1,143.58,2,1226733.0,0,1,1715.5,1715.5,1715.5,0.0,0.7613,0,0.0,0,0.0,0,0.0,1,1,0,0,0,0
TXN_00000999,302.06,5.713930805708016,4,0,2,0,1,1,0,0,0,0,1,1,0,312.39,2,2443875.0,0,1,125.28,125.28,125.28,0.0,2.4111,0,0.0,0,0.0,0,0.0,1,1,1,1,0,1
TXN_00001068,307.86,5.732888099794855,5,0,2,0,1,0,1,1,0,0,0,0,1,118.22,1,-1.0,1,0,0.0,0.0,0.0,0.0,1.0,0,0.0,0,0.0,0,0.0,0,0,0,1,1,0
TXN_00001045,916.85,6.822033978576659,6,0,2,0,0,1,0,0,0,1,0,1,0,208.3,4,1256522.0,0,3,3983.18,1327.73,2901.9,1409.77,0.6905,0,0.0,0,0.0,0,0.0,2,1,3,1,0,1
TXN_00000990,3260.73,8.090013008449278,6,0,2,0,0,0,1,0,0,0,1,0,1,90.02,3,976814.0,0,2,1523.68,761.84,975.03,301.5,4.2801,0,0.0,0,0.0,0,0.0,1,1,0,0,0,0
TXN_00001962,786.16,6.668431531438889,7,0,2,0,0,0,1,1,0,0,0,0,1,47.74,2,1561152.0,0,1,3844.38,3844.38,3844.38,0.0,0.2045,0,0.0,0,0.0,0,0.0,1,1,1,0,0,0
TXN_00000478,490.01,6.196464494185903,9,0,2,0,0,0,1,0,0,1,0,0,1,60.14,2,356365.0,0,1,833.56,833.56,833.56,0.0,0.5879,0,0.0,0,0.0,1,833.56,1,1,0,1,1,0
TXN_00001620,2235.61,7.712716605656256,10,0,2,0,0,0,1,0,0,0,1,0,1,45.03,4,1023354.0,0,3,2707.36,902.45,1750.41,817.04,2.4773,0,0.0,0,0.0,0,0.0,2,1,0,0,0,0
TXN_00001730,775.38,6.654642091045495,10,0,2,0,0,0,1,1,0,0,0,0,1,146.95,2,1764165.0,0,1,992.57,992.57,992.57,0.0,0.7812,0,0.0,0,0.0,0,0.0,1,1,0,1,1,0
TXN_00001957,187.8,5.240688253711401,11,0,2,0,0,0,1,1,0,0,0,0,1,59.33,1,-1.0,1,0,0.0,0.0,0.0,0.0,1.0,0,0.0,0,0.0,0,0.0,0,0,0,1,1,0
TXN_00001647,1030.69,6.938953513319218,11,0,2,0,0,1,0,1,0,0,0,1,0,194.14,4,1364696.0,0,3,5154.63,1718.21,2159.0,414.83,0.5999,0,0.0,0,0.0,0,0.0,2,2,0,0,0,1
TXN_00001354,1415.01,7.255598336375621,12,0,2,0,0,0,1,1,0,0,0,0,1,87.63,3,1619949.0,0,2,1028.33,514.16,665.72,214.33,2.7521,0,0.0,0,0.0,0,0.0,2,1,1,0,0,0
TXN_00001772,516.67,6.249337973609879,13,0,2,0,0,0,1,1,0,0,0,0,1,231.99,4,1005398.0,0,3,3011.14,1003.71,2571.71,1359.02,0.5148,0,0.0,0,0.0,0,0.0,2,1,1,1,0,0
TXN_00001893,401.96,5.998837301437395,14,0,2,0,0,0,1,0,0,0,1,0,1,348.05,3,1580803.0,0,2,1421.32,710.66,1265.69,784.93,0.5656,0,0.0,0,0.0,0,0.0,1,1,1,0,0,0
TXN_00001146,1056.19,6.963369723737233,14,0,2,0,0,0,1,1,0,0,0,0,1,212.63,3,448434.0,0,2,4078.84,2039.42,3842.7,2550.22,0.5179,0,0.0,0,0.0,1,3842.7,1,1,1,0,0,0
TXN_00000089,48500.0,10.789339695269716,15,0,2,0,0,1,0,0,1,0,0,1,0,202.2,3,72000.0,0,2,73800.0,36900.0,49000.0,17111.98,1.3144,0,0.0,2,73800.0,2,73800.0,1,1,1,0,0,0
TXN_00001547,1878.88,7.538963223999553,15,0,2,0,0,1,0,0,0,1,0,1,0,79.82,5,858889.0,0,4,2820.68,705.17,1599.04,736.05,2.6644,0,0.0,0,0.0,0,0.0,1,1,1,0,0,1
TXN_00001419,767.42,6.644336458666035,16,0,2,0,0,1,0,1,0,0,0,1,0,178.84,4,85461.0,0,3,6688.08,2229.36,3222.91,1595.25,0.3442,0,0.0,1,3222.91,2,3612.19,1,2,0,0,0,1
TXN_00001994,409.81,6.018130820503985,16,0,2,0,0,1,0,1,0,0,0,1,0,114.44,2,1901269.0,0,1,2651.62,2651.62,2651.62,0.0,0.1546,0,0.0,0,0.0,0,0.0,1,1,0,0,0,1
TXN_00000994,2163.03,7.679727503086545,17,0,2,0,0,0,1,1,0,0,0,0,1,93.67,2,771669.0,0,1,906.4,906.4,906.4,0.0,2.3864,0,0.0,0,0.0,0,0.0,1,1,0,0,0,0
TXN_00000423,295.2,5.6910349018336985,17,0,2,0,0,0,1,0,0,1,0,0,1,51.24,4,669698.0,0,3,7261.53,2420.51,2866.79,505.44,0.122,0,0.0,0,0.0,0,0.0,1,3,1,0,0,0
TXN_00001075,2001.62,7.60221160224071,19,0,2,0,0,0,1,0,0,0,1,0,1,307.98,6,957942.0,0,5,4181.01,836.2,1629.49,564.89,2.3937,0,0.0,0,0.0,0,0.0,1,3,1,0,1,0
TXN_00001549,951.43,6.8590166134866255,19,0,2,0,0,0,1,0,0,0,1,0,1,246.95,4,877999.0,0,3,2449.63,816.54,1058.8,391.26,1.1652,0,0.0,0,0.0,0,0.0,2,1,0,0,0,0
TXN_00000666,280.99,5.64187160931645,20,0,2,0,0,0,1,0,0,0,1,0,1,180.83,1,-1.0,1,0,0.0,0.0,0.0,0.0,1.0,0,0.0,0,0.0,0,0.0,0,0,0,1,1,0
TXN_00000905,901.97,6.805689330273741,21,0,2,0,0,1,0,1,0,0,0,1,0,74.96,5,1811772.0,0,4,8559.84,2139.96,3718.28,1802.76,0.4215,0,0.0,0,0.0,0,0.0,1,2,1,1,0,1
TXN_00000917,655.17,6.48641990171294,21,0,2,0,0,1,0,0,0,1,0,1,0,96.33,1,-1.0,1,0,0.0,0.0,0.0,0.0,1.0,0,0.0,0,0.0,0,0.0,0,0,0,1,1,1
TXN_00000738,591.67,6.384637751686887,21,0,2,0,0,1,0,0,0,0,1,1,0,85.89,4,982269.0,0,3,8147.48,2715.83,5445.86,2520.51,0.2179,0,0.0,0,0.0,0,0.0,1,1,0,0,0,1
TXN_00000090,49500.0,10.809748150372926,22,0,2,0,0,1,0,0,1,0,0,1,0,202.5,4,25200.0,0,3,122300.0,40766.67,49000.0,13829.8,1.2142,0,0.0,1,48500.0,3,122300.0,1,1,1,0,0,0
TXN_00001543,1645.35,7.406315995328056,22,0,2,0,0,0,1,1,0,0,0,0,1,222.82,2,2519510.0,0,1,230.76,230.76,230.76,0.0,7.1301,0,0.0,0,0.0,0,0.0,1,1,0,0,0,0
TXN_00001566,2561.15,7.84860202875218,23,0,2,0,0,0,1,0,0,0,1,0,1,240.39,4,1758404.0,0,3,5222.97,1740.99,2161.8,377.75,1.4711,0,0.0,0,0.0,0,0.0,2,2,1,0,0,0
TXN_00001617,574.19,6.35470042099841,0,1,3,0,1,0,1,1,0,0,0,0,1,125.75,4,267985.0,0,3,6536.44,2178.81,3722.91,1885.33,0.2635,0,0.0,0,0.0,1,2735.78,2,1,0,0,0,0
TXN_00000611,101.22,4.627127353340134,2,1,3,0,1,0,1,0,0,1,0,0,1,80.25,6,36798.0,0,5,4699.56,939.91,1878.88,825.74,0.1077,0,0.0,1,1878.88,1,1878.88,1,1,2,0,0,0
TXN_00001182,171.82,5.152250590413253,2,1,3,0,1,0,1,1,0,0,0,0,1,287.95,1,-1.0,1,0,0.0,0.0,0.0,0.0,1.0,0,0.0,0,0.0,0,0.0,0,0,0,1,1,0
TXN_00001433,1740.35,7.462415953452155,2,1,3,0,1,0,1,1,0,0,0,0,1,87.1,2,2218487.0,0,1,546.24,546.24,546.24,0.0,3.1861,0,0.0,0,0.0,0,0.0,1,1,1,0,0,0
TXN_00001731,346.38,5.850419281625866,3,1,3,0,1,0,1,1,0,0,0,0,1,304.55,2,559853.0,0,1,1659.19,1659.19,1659.19,0.0,0.2088,0,0.0,0,0.0,1,1659.19,1,1,0,0,0,0
TXN_00000320,166.47,5.120804230746387,3,1,3,0,1,0,1,1,0,0,0,0,1,139.16,6,417756.0,0,5,7243.25,1448.65,2266.24,884.29,0.1149,0,0.0,0,0.0,1,1585.02,1,1,2,1,0,0
TXN_00001954,2538.28,7.839635855261979,3,1,3,0,1,0,1,0,0,1,0,0,1,201.25,6,229271.0,0,5,10790.12,2158.02,5842.31,2142.9,1.1762,0,0.0,0,0.0,3,8169.24,3,1,2,0,0,0
TXN_00000314,1250.0,7.1316985104669115,4,1,3,0,1,1,0,1,0,0,0,1,0,285.46,3,775774.0,0,2,3299.0,1649.5,2400.0,1061.37,0.7578,0,0.0,0,0.0,0,0.0,1,1,1,0,0,0
TXN_00001461,776.56,6.656160811493912,6,1,3,0,0,1,0,0,0,1,0,1,0,96.42,1,-1.0,1,0,0.0,0.0,0.0,0.0,1.0,0,0.0,0,0.0,0,0.0,0,0,0,1,1,1
TXN_00001671,4212.51,8.346051308533433,6,1,3,0,0,1,0,1,0,0,0,1,0,304.7,3,12930.0,0,2,2005.57,1002.79,1659.19,928.3,4.2008,0,0.0,1,346.38,2,2005.57,1,1,0,0,0,1
TXN_00001808,1272.32,7.149382941673499,6,1,3,0,0,0,1,1,0,0,0,0,1,169.01,5,646511.0,0,4,4735.5,1183.88,2225.18,733.88,1.0747,0,0.0,0,0.0,0,0.0,2,1,1,0,1,0
TXN_00000716,2062.92,7.632362366160355,7,1,3,0,0,0,1,0,0,0,1,0,1,112.78,3,1083991.0,0,2,5303.06,2651.53,4174.72,2154.12,0.778,0,0.0,0,0.0,0,0.0,1,1,1,0,0,0
TXN_00001448,1661.06,7.415813075846797,10,1,3,0,0,0,1,0,0,0,1,0,1,124.19,5,694924.0,0,4,3528.85,882.21,2227.17,936.98,1.8828,0,0.0,0,0.0,0,0.0,1,1,0,0,0,0
TXN_00000248,899.0,6.802394763324311,11,1,3,0,0,0,1,0,0,1,0,0,1,127.63,5,795945.0,0,4,2398.0,599.5,899.0,366.88,1.4996,0,0.0,0,0.0,0,0.0,1,1,0,0,0,0
TXN_00000816,1167.64,7.063595958526494,14,1,3,0,0,0,1,0,0,1,0,0,1,45.17,2,2878299.0,0,1,856.12,856.12,856.12,0.0,1.3639,0,0.0,0,0.0,0,0.0,1,1,1,1,0,0
TXN_00001459,1950.54,7.576374083464157,14,1,3,0,0,0,1,0,0,0,1,0,1,176.85,2,1163799.0,0,1,2733.15,2733.15,2733.15,0.0,0.7137,0,0.0,0,0.0,0,0.0,1,1,0,0,0,0
TXN_00000702,1409.12,7.251430086133849,14,1,3,0,0,0,1,0,0,1,0,0,1,226.19,3,1141124.0,0,2,1865.55,932.77,1446.12,725.98,1.5107,0,0.0,0,0.0,0,0.0,1,1,1,1,0,0
TXN_00001774,70.94,4.275832438267478,15,1,3,0,0,0,1,1,0,0,0,0,1,122.7,3,316616.0,0,2,651.92,325.96,559.28,329.96,0.2176,0,0.0,0,0.0,1,559.28,1,1,1,0,0,0
TXN_00000642,1833.32,7.514429119602738,17,1,3,0,0,0,1,0,0,1,0,0,1,97.24,2,924426.0,0,1,1119.94,1119.94,1119.94,0.0,1.637,0,0.0,0,0.0,0,0.0,1,1,0,0,0,0
TXN_00000558,292.25,5.681025487533585,18,1,3,0,0,0,1,0,0,1,0,0,1,228.83,3,422600.0,0,2,1974.81,987.4,1456.45,663.33,0.296,0,0.0,0,0.0,2,1974.81,1,1,1,0,0,0
TXN_00001688,1123.7,7.025271612409976,18,1,3,0,0,0,1,0,0,1,0,0,1,199.75,2,794569.0,0,1,2618.82,2618.82,2618.82,0.0,0.4291,0,0.0,0,0.0,0,0.0,1,1,1,0,1,0
TXN_00000849,1459.49,7.286527274834139,19,1,3,0,0,1,0,1,0,0,0,1,0,284.02,3,1107620.0,0,2,958.16,479.08,593.49,161.8,3.0464,0,0.0,0,0.0,0,0.0,1,1,2,0,0,1
TXN_00001561,1877.14,7.538037204380531,19,1,3,0,0,1,0,1,0,0,0,1,0,113.29,4,43773.0,0,3,7365.98,2455.33,4174.72,1560.64,0.7645,0,0.0,1,2062.92,1,2062.92,1,1,1,0,0,1
TXN_00001128,568.24,6.344302137815459,20,1,3,0,0,0,1,1,0,0,0,0,1,58.0,4,565078.0,0,3,3326.89,1108.96,1531.96,662.87,0.5124,0,0.0,0,0.0,1,1531.96,1,1,1,0,0,0
TXN_00001782,246.25,5.510399970502822,20,1,3,0,0,1,0,1,0,0,0,1,0,163.46,1,-1.0,1,0,0.0,0.0,0.0,0.0,1.0,0,0.0,0,0.0,0,0.0,0,0,0,1,1,1
TXN_00000698,430.8,6.067962518080707,20,1,3,0,0,1,0,1,0,0,0,1,0,40.33,3,2328892.0,0,2,1553.3,776.65,828.57,73.43,0.5547,0,0.0,0,0.0,0,0.0,2,1,1,0,0,1
TXN_00001477,1006.11,6.914840122105348,20,1,3,0,0,0,1,0,0,1,0,0,1,57.89,4,880052.0,0,3,2521.93,840.64,1496.62,568.62,1.1968,0,0.0,0,0.0,0,0.0,1,1,1,0,0,0
TXN_00001160,1020.12,6.928655343089878,21,1,3,0,0,0,1,0,0,0,1,0,1,206.76,2,2862596.0,0,1,1944.64,1944.64,1944.64,0.0,0.5246,0,0.0,0,0.0,0,0.0,1,1,0,1,0,0
TXN_00001392,1574.11,7.362080390090787,23,1,3,0,0,1,0,0,0,0,1,1,0,110.53,3,742712.0,0,2,1105.33,552.66,910.69,506.32,2.8482,0,0.0,0,0.0,0,0.0,1,1,0,0,1,1
TXN_00000338,254.52,5.543300684466702,1,2,4,0,1,0,1,1,0,0,0,0,1,51.11,1,-1.0,1,0,0.0,0.0,0.0,0.0,1.0,0,0.0,0,0.0,0,0.0,0,0,0,1,1,0
TXN_00000930,2373.77,7.772655869673979,2,2,4,0,1,0,1,1,0,0,0,0,1,101.92,3,1370629.0,0,2,2093.42,1046.71,1361.42,445.07,2.2678,0,0.0,0,0.0,0,0.0,1,1,1,0,0,0
TXN_00000362,443.82,6.097669705954298,3,2,4,0,1,0,1,0,0,1,0,0,1,47.62,4,627660.0,0,3,4028.23,1342.74,3506.96,1874.28,0.3305,0,0.0,0,0.0,0,0.0,1,1,0,0,0,0
TXN_00001347,1652.93,7.4109095530435525,5,2,4,0,1,0,1,1,0,0,0,0,1,162.92,3,2101950.0,0,2,2644.32,1322.16,1456.55,190.06,1.2502,0,0.0,0,0.0,0,0.0,1,1,1,0,0,0
TXN_00000564,1526.52,7.331400784249723,5,2,4,0,1,0,1,0,0,0,1,0,1,184.77,2,927239.0,0,1,1513.09,1513.09,1513.09,0.0,1.0089,0,0.0,0,0.0,0,0.0,1,1,0,1,0,0
TXN_00000749,777.07,6.656816494424007,7,2,4,0,0,0,1,0,0,1,0,0,1,41.64,1,-1.0,1,0,0.0,0.0,0.0,0.0,1.0,0,0.0,0,0.0,0,0.0,0,0,0,1,1,0
TXN_00001692,848.16,6.744247625563801,8,2,4,0,0,0,1,1,0,0,0,0,1,363.11,3,1553618.0,0,2,1385.7,692.85,889.1,277.54,1.2242,0,0.0,0,0.0,0,0.0,1,1,1,0,0,0
TXN_00000721,682.78,6.527636228459238,9,2,4,0,0,0,1,1,0,0,0,0,1,127.12,5,118234.0,0,4,7110.63,1777.66,3722.91,1735.9,0.3841,0,0.0,0,0.0,2,3309.97,2,1,0,1,0,0
TXN_00000240,899.0,6.802394763324311,9,2,4,0,0,0,1,0,0,1,0,0,1,57.85,3,1603914.0,0,2,3650.0,1825.0,2400.0,813.17,0.4926,0,0.0,0,0.0,0,0.0,1,1,0,0,0,0
TXN_00000777,394.75,5.9807826987611215,10,2,4,0,0,0,1,1,0,0,0,0,1,130.74,7,837803.0,0,6,5861.76,976.96,2010.36,755.08,0.4041,0,0.0,0,0.0,0,0.0,2,2,0,0,0,0
TXN_00000725,617.66,6.427555848757907,11,2,4,0,0,0,1,0,0,1,0,0,1,137.05,2,2217606.0,0,1,3533.78,3533.78,3533.78,0.0,0.1748,0,0.0,0,0.0,0,0.0,1,1,1,0,0,0
TXN_00000471,1044.2,6.951963533646458,12,2,4,0,0,0,1,0,0,0,1,0,1,50.54,4,365902.0,0,3,2803.96,934.65,1571.29,677.76,1.1172,0,0.0,0,0.0,1,1571.29,2,3,1,0,0,0
TXN_00000872,1462.47,7.288565607117601,12,2,4,0,0,0,1,0,0,0,1,0,1,140.42,2,2703651.0,0,1,1775.51,1775.51,1775.51,0.0,0.8237,0,0.0,0,0.0,0,0.0,1,1,0,1,0,0
TXN_00001853,473.98,6.163272697885032,12,2,4,0,0,0,1,0,0,0,1,0,1,54.18,3,365104.0,0,2,3155.81,1577.91,2646.53,1511.26,0.3004,0,0.0,0,0.0,1,509.28,1,2,0,1,0,0
TXN_00001209,769.01,6.646403501776386,15,2,4,0,0,0,1,1,0,0,0,0,1,155.32,4,1108242.0,0,3,6855.14,2285.05,4284.74,1963.28,0.3365,0,0.0,0,0.0,0,0.0,1,1,0,0,0,0
TXN_00000734,1049.67,6.95718333489346,15,2,4,0,0,0,1,0,0,0,1,0,1,44.58,3,1128311.0,0,2,1860.49,930.25,1455.2,742.4,1.1284,0,0.0,0,0.0,0,0.0,1,1,1,1,0,0
TXN_00000345,356.73,5.879778511912255,15,2,4,0,0,1,0,0,0,0,1,1,0,44.8,2,939103.0,0,1,3233.95,3233.95,3233.95,0.0,0.1103,0,0.0,0,0.0,0,0.0,1,1,0,0,0,1
TXN_00001035,226.94,5.429082436427589,17,2,4,0,0,1,0,0,0,1,0,1,0,66.71,3,228298.0,0,2,1020.46,510.23,702.91,272.49,0.4448,0,0.0,0,0.0,1,317.55,2,2,0,1,0,1
TXN_00000935,506.19,6.228885686840323,17,2,4,0,0,0,1,0,0,0,1,0,1,149.24,3,197388.0,0,2,1767.95,883.98,992.57,153.58,0.5726,0,0.0,0,0.0,1,775.38,2,2,0,0,1,0
TXN_00001372,140.87,4.954911145323894,19,2,4,0,0,1,0,0,0,0,1,1,0,86.59,2,882924.0,0,1,770.48,770.48,770.48,0.0,0.1828,0,0.0,0,0.0,0,0.0,1,1,0,0,0,1
TXN_00000795,1098.94,7.003010911844259,19,2,4,0,0,1,0,1,0,0,0,1,0,182.0,3,939057.0,0,2,591.79,295.89,412.67,165.14,3.714,0,0.0,0,0.0,0,0.0,1,2,0,0,1,1
TXN_00000634,712.06,6.56956556834641,19,2,4,0,0,0,1,1,0,0,0,0,1,208.56,3,2280685.0,0,2,4304.17,2152.09,3758.5,2271.81,0.3309,0,0.0,0,0.0,0,0.0,2,2,1,0,0,0
TXN_00000547,2999.71,8.006604206315776,19,2,4,0,0,0,1,0,0,0,1,0,1,49.91,3,299685.0,0,2,2893.6,1446.8,2746.95,1838.69,2.0733,0,0.0,0,0.0,1,2746.95,1,1,0,0,0,0
TXN_00000499,190.56,5.2552010754744085,20,2,4,0,0,0,1,0,0,1,0,0,1,230.52,4,1511825.0,0,3,5960.38,1986.79,3440.27,1329.99,0.0959,0,0.0,0,0.0,0,0.0,1,2,1,0,0,0
TXN_00001210,2320.2,7.7498395723164535,20,2,4,0,0,0,1,1,0,0,0,0,1,72.27,3,1025214.0,0,2,2697.43,1348.71,2063.0,1010.15,1.7203,0,0.0,0,0.0,0,0.0,1,2,0,0,1,0
TXN_00000875,2357.89,7.765946448392531,20,2,4,0,0,1,0,0,0,1,0,1,0,140.76,3,29095.0,0,2,3237.98,1618.99,1775.51,221.35,1.4564,0,0.0,1,1462.47,1,1462.47,2,1,0,0,0,1
TXN_00000570,134.13,4.9062372780499945,20,2,4,0,0,0,1,0,0,0,1,0,1,69.14,3,1006976.0,0,2,2801.76,1400.88,1589.35,266.54,0.0957,0,0.0,0,0.0,0,0.0,1,1,0,0,0,0
TXN_00001042,628.44,6.444830535200694,21,2,4,0,0,0,1,0,0,1,0,0,1,157.16,3,573134.0,0,2,265.32,132.66,196.72,90.59,4.7372,0,0.0,0,0.0,1,196.72,2,1,0,0,0,0
TXN_00001439,234.93,5.463535150858622,0,3,5,0,1,0,1,1,0,0,0,0,1,38.96,2,1260282.0,0,1,397.89,397.89,397.89,0.0,0.5904,0,0.0,0,0.0,0,0.0,1,1,0,0,0,0
TXN_00000375,707.67,6.563389973891583,0,3,5,0,1,0,1,0,0,0,1,0,1,164.63,2,100960.0,0,1,246.25,246.25,246.25,0.0,2.8738,0,0.0,0,0.0,1,246.25,1,1,1,0,0,0
TXN_00000985,3684.67,8.212207606278334,1,3,5,0,1,0,1,0,0,0,1,0,1,316.89,5,540823.0,0,4,6587.36,1646.84,2407.11,778.2,2.2374,0,0.0,0,0.0,1,610.1,1,1,0,0,1,0
TXN_00000477,2350.42,7.762774679968618,2,3,5,0,1,0,1,1,0,0,0,0,1,270.32,3,1677655.0,0,2,2210.65,1105.33,1888.27,1107.25,2.1265,0,0.0,0,0.0,0,0.0,1,1,0,0,0,0
TXN_00000242,150.0,5.017279836814924,2,3,5,0,1,0,1,0,0,1,0,0,1,42.88,2,2875421.0,0,1,3500.0,3500.0,3500.0,0.0,0.0429,0,0.0,0,0.0,0,0.0,1,1,0,0,0,0
TXN_00001449,262.99,5.575911223641018,4,3,5,0,1,0,1,0,0,1,0,0,1,256.93,4,569183.0,0,3,1687.46,562.49,1477.15,792.32,0.4675,0,0.0,0,0.0,1,1477.15,1,1,2,0,1,0
TXN_00000074,48500.0,10.789339695269716,5,3,5,0,1,1,0,0,1,0,0,1,0,193.01,1,-1.0,1,0,0.0,0.0,0.0,0.0,1.0,0,0.0,0,0.0,0,0.0,0,0,0,1,1,1
TXN_00000944,1495.29,7.310743990015267,6,3,5,0,0,1,0,0,0,0,1,1,0,99.85,1,-1.0,1,0,0.0,0.0,0.0,0.0,1.0,0,0.0,0,0.0,0,0.0,0,0,0,1,1,1
TXN_00001330,592.28,6.385666462937436,6,3,5,0,0,0,1,0,0,0,1,0,1,72.24,5,724086.0,0,4,4621.14,1155.29,2760.78,1122.69,0.5127,0,0.0,0,0.0,0,0.0,1,2,1,0,1,0
TXN_00001852,2465.41,7.810518931056099,6,3,5,0,0,0,1,0,0,1,0,0,1,131.99,5,690834.0,0,4,3060.51,765.13,1766.6,690.03,3.2222,0,0.0,0,0.0,0,0.0,1,3,2,0,0,0
TXN_00001599,194.44,5.275253426949485,6,3,5,0,0,1,0,1,0,0,0,1,0,219.31,2,613623.0,0,1,383.16,383.16,383.16,0.0,0.5075,0,0.0,0,0.0,0,0.0,1,1,1,0,1,1
TXN_00001253,501.29,6.219177642136562,9,3,5,0,0,0,1,1,0,0,0,0,1,140.97,3,1194329.0,0,2,1000.97,500.48,906.31,573.92,1.0016,0,0.0,0,0.0,0,0.0,1,1,1,0,0,0
TXN_00000540,1138.65,7.038476476705147,11,3,5,0,0,1,0,1,0,0,0,1,0,175.84,2,2697886.0,0,1,292.12,292.12,292.12,0.0,3.8979,0,0.0,0,0.0,0,0.0,1,1,0,1,0,1
TXN_00000473,998.62,6.907375206763841,11,3,5,0,0,0,1,0,0,1,0,0,1,129.38,4,1469200.0,0,3,4144.3,1381.43,2692.94,1184.46,0.7229,0,0.0,0,0.0,0,0.0,3,2,1,0,0,0
TXN_00001913,1696.28,7.436782248677334,14,3,5,0,0,0,1,1,0,0,0,0,1,215.62,4,257903.0,0,3,5135.03,1711.68,3842.7,1890.52,0.991,0,0.0,0,0.0,1,1056.19,1,1,1,1,0,0
TXN_00001579,1243.11,7.126175693827213,14,3,5,0,0,0,1,0,0,1,0,0,1,68.91,2,1020937.0,0,1,1018.45,1018.45,1018.45,0.0,1.2206,0,0.0,0,0.0,0,0.0,1,1,0,0,1,0
TXN_00001960,1552.22,7.348085474416381,15,3,5,0,0,0,1,0,0,1,0,0,1,75.39,4,885795.0,0,3,609.3,203.1,260.49,92.66,7.6426,0,0.0,0,0.0,0,0.0,2,1,2,0,1,0
TXN_00000715,324.02,5.783886718897863,16,3,5,0,0,0,1,0,0,0,1,0,1,219.7,3,33543.0,0,2,577.6,288.8,383.16,133.45,1.122,0,0.0,1,194.44,1,194.44,1,2,2,0,1,0
TXN_00000498,984.92,6.893575215408303,16,3,5,0,0,0,1,0,0,0,1,0,1,209.46,4,77722.0,0,3,5016.23,1672.08,3758.5,1808.81,0.589,0,0.0,1,712.06,1,712.06,2,2,1,0,0,0
TXN_00001386,145.1,4.984291318756654,16,3,5,0,0,0,1,1,0,0,0,0,1,49.58,5,1388921.0,0,4,937.56,234.39,398.1,166.13,0.6191,0,0.0,0,0.0,0,0.0,1,1,0,0,1,0
TXN_00000076,48500.0,10.789339695269716,17,3,5,0,0,1,0,0,1,0,0,1,0,193.51,2,43200.0,0,1,48500.0,48500.0,48500.0,0.0,1.0,0,0.0,1,48500.0,1,48500.0,1,1,1,0,0,0
TXN_00000553,593.29,6.387367415712454,17,3,5,0,0,0,1,1,0,0,0,0,1,199.22,1,-1.0,1,0,0.0,0.0,0.0,0.0,1.0,0,0.0,0,0.0,0,0.0,0,0,0,1,1,0
TXN_00001732,2402.11,7.784519010801967,17,3,5,0,0,0,1,1,0,0,0,0,1,104.92,2,928622.0,0,1,2973.63,2973.63,2973.63,0.0,0.8078,0,0.0,0,0.0,0,0.0,1,1,0,0,0,0
TXN_00000931,183.24,5.21623925551243,17,3,5,0,0,0,1,1,0,0,0,0,1,48.35,5,286670.0,0,4,4942.97,1235.74,2235.61,943.06,0.1483,0,0.0,0,0.0,1,2235.61,2,1,0,0,0,0
TXN_00000932,578.3,6.361820478102579,18,3,5,0,0,1,0,0,0,0,1,1,0,73.75,4,799360.0,0,3,4434.06,1478.02,2887.76,1238.57,0.3913,0,0.0,0,0.0,0,0.0,3,2,1,0,0,1
TXN_00000493,145.79,4.989002993969142,18,3,5,0,0,0,1,1,0,0,0,0,1,138.83,6,636954.0,0,5,4627.54,925.51,1587.14,661.19,0.1575,0,0.0,0,0.0,0,0.0,2,1,3,0,0,0
TXN_00001447,1566.38,7.357160714552667,19,3,5,0,0,1,0,1,0,0,0,1,0,73.29,4,883889.0,0,3,7103.29,2367.76,3252.76,1386.11,0.6615,0,0.0,0,0.0,0,0.0,3,1,1,0,0,1
TXN_00001891,975.94,6.8844252376697535,20,3,5,0,0,1,0,0,0,1,0,1,0,156.54,5,105270.0,0,4,7624.15,1906.04,4284.74,1773.2,0.512,0,0.0,0,0.0,1,769.01,1,1,0,0,0,1
TXN_00001765,1586.86,7.370142476711585,20,3,5,0,0,0,1,0,0,0,1,0,1,70.82,3,1150969.0,0,2,2926.83,1463.41,1540.13,108.49,1.0844,0,0.0,0,0.0,0,0.0,2,1,1,0,1,0
TXN_00001752,2939.2,7.986232885229866,21,3,5,0,0,0,1,1,0,0,0,0,1,343.46,3,1416084.0,0,2,2600.05,1300.03,2231.17,1316.84,2.2609,0,0.0,0,0.0,0,0.0,1,2,0,0,0,0
TXN_00001061,1516.71,7.324957898861734,21,3,5,0,0,1,0,1,0,0,0,1,0,69.29,5,1596853.0,0,4,9518.88,2379.72,4833.12,2405.58,0.6373,0,0.0,0,0.0,0,0.0,2,3,1,0,0,1
TXN_00000075,49000.0,10.799595985047786,22,3,5,0,0,1,0,0,1,0,0,1,0,193.72,3,18000.0,0,2,97000.0,48500.0,48500.0,0.0,1.0103,0,0.0,2,97000.0,2,97000.0,1,1,1,0,0,0
TXN_00000298,150.0,5.017279836814924,23,3,5,0,0,0,1,1,0,0,0,0,1,53.81,2,733581.0,0,1,899.0,899.0,899.0,0.0,0.1669,0,0.0,0,0.0,0,0.0,1,1,0,0,0,0
TXN_00001824,1216.12,7.104242691248991,23,3,5,0,0,0,1,0,0,0,1,0,1,39.01,2,940571.0,0,1,161.99,161.99,161.99,0.0,7.5074,0,0.0,0,0.0,0,0.0,1,1,0,0,0,0
TXN_00001970,1223.5,7.110287876392222,0,4,6,0,1,1,0,1,0,0,0,1,0,257.76,5,71430.0,0,4,1950.45,487.61,1477.15,664.03,2.5092,0,0.0,1,262.99,1,262.99,1,2,2,0,0,1
TXN_00000352,78.97,4.381651564343798,1,4,6,0,1,0,1,0,0,1,0,0,1,49.78,5,757650.0,0,4,1909.03,477.26,801.44,318.72,0.1655,0,0.0,0,0.0,0,0.0,2,1,2,1,1,0
TXN_00001871,5184.64,8.553648546026153,2,4,6,0,1,1,0,1,0,0,0,1,0,90.09,3,258047.0,0,2,2286.59,1143.3,1740.35,844.36,4.5348,0,0.0,0,0.0,1,1740.35,1,1,1,0,0,1
TXN_00001921,236.39,5.469704358289212,2,4,6,0,1,0,1,0,0,1,0,0,1,333.7,3,2072157.0,0,2,4594.01,2297.01,3233.71,1324.7,0.1029,0,0.0,0,0.0,0,0.0,1,1,0,0,0,0
TXN_00001564,588.45,6.379189898738137,3,4,6,0,1,0,1,0,0,1,0,0,1,49.61,5,172041.0,0,4,4472.05,1118.01,3506.96,1594.98,0.5263,0,0.0,0,0.0,1,443.82,1,1,0,0,0,0
TXN_00000512,668.17,6.50603813846045,3,4,6,0,1,0,1,1,0,0,0,0,1,213.78,5,1119703.0,0,4,4336.37,1084.09,2768.47,1170.67,0.6163,0,0.0,0,0.0,0,0.0,2,1,0,0,1,0
TXN_00000904,567.8,6.343528878489031,3,4,6,0,1,0,1,0,0,0,1,0,1,350.73,5,837356.0,0,4,7679.66,1919.91,4191.75,1878.78,0.2957,0,0.0,0,0.0,0,0.0,1,3,3,0,0,0
TXN_00001715,1346.77,7.206206653769067,3,4,6,0,1,1,0,0,0,1,0,1,0,56.51,1,-1.0,1,0,0.0,0.0,0.0,0.0,1.0,0,0.0,0,0.0,0,0.0,0,0,0,1,1,1
TXN_00001639,301.17,5.710989772905553,3,4,6,0,1,1,0,0,0,1,0,1,0,291.0,2,263999.0,0,1,171.82,171.82,171.82,0.0,1.7528,0,0.0,0,0.0,1,171.82,1,1,0,1,0,1
TXN_00001161,191.99,5.2626383740910185,4,4,6,0,1,0,1,1,0,0,0,0,1,241.03,5,428770.0,0,4,8165.01,2041.25,3837.51,1569.89,0.0941,0,0.0,0,0.0,1,292.87,1,2,2,1,0,0
TXN_00000311,150.0,5.017279836814924,5,4,6,0,1,1,0,0,0,0,1,1,0,254.72,3,1745344.0,0,2,7400.0,3700.0,5000.0,1838.48,0.0405,0,0.0,0,0.0,0,0.0,1,1,1,0,0,0
TXN_00000276,899.0,6.802394763324311,7,4,6,0,0,0,1,1,0,0,0,0,1,81.2,3,1550838.0,0,2,1400.0,700.0,1250.0,777.82,1.2843,0,0.0,0,0.0,0,0.0,1,1,0,0,0,0
TXN_00000538,312.95,5.749233737560118,7,4,6,0,0,0,1,1,0,0,0,0,1,42.41,4,496769.0,0,3,3202.23,1067.41,2280.4,1058.23,0.2932,0,0.0,0,0.0,1,2280.4,1,1,0,0,0,0
TXN_00001267,93.75,4.5512418439625355,8,4,6,0,0,1,0,1,0,0,0,1,0,241.16,6,11409.0,0,5,8357.0,1671.4,3837.51,1591.34,0.0561,0,0.0,1,191.99,2,484.86,2,2,2,0,1,1
TXN_00001670,266.33,5.5884838502927385,8,4,6,0,0,0,1,1,0,0,0,0,1,204.42,7,274109.0,0,6,13328.4,2221.4,5842.31,1922.94,0.1199,0,0.0,0,0.0,3,4865.21,3,1,2,1,0,0
TXN_00000720,547.35,6.306913769206218,9,4,6,0,0,0,1,1,0,0,0,0,1,150.24,3,1383707.0,0,2,6810.48,3405.24,5282.86,2655.36,0.1607,0,0.0,0,0.0,0,0.0,2,1,1,1,0,0
TXN_00000295,5000.0,8.517393171418904,11,4,6,0,0,0,1,0,0,1,0,0,1,75.77,2,1572748.0,0,1,899.0,899.0,899.0,0.0,5.5617,0,0.0,0,0.0,0,0.0,1,1,0,0,0,0
TXN_00000507,1348.51,7.207496842582512,11,4,6,0,0,0,1,0,0,0,1,0,1,201.4,3,884823.0,0,2,962.38,481.19,627.06,206.29,2.8024,0,0.0,0,0.0,0,0.0,2,2,0,0,0,0
TXN_00000759,4029.22,8.301576244021437,13,4,6,0,0,1,0,0,0,1,0,1,0,64.29,3,358865.0,0,2,1323.57,661.78,833.56,242.93,6.0884,0,0.0,0,0.0,1,490.01,2,2,0,0,0,1
TXN_00000785,325.28,5.78775590843238,14,4,6,0,0,0,1,0,0,0,1,0,1,167.83,1,-1.0,1,0,0.0,0.0,0.0,0.0,1.0,0,0.0,0,0.0,0,0.0,0,0,0,1,1,0
TXN_00000567,274.82,5.619748479046192,17,4,6,0,0,0,1,0,0,1,0,0,1,56.4,4,1357248.0,0,3,4598.21,1532.74,2815.57,1315.08,0.1793,0,0.0,0,0.0,0,0.0,1,1,2,0,0,0
TXN_00000952,247.82,5.516729743486345,18,4,6,0,0,1,0,1,0,0,0,1,0,241.61,7,38888.0,0,6,8450.75,1408.46,3837.51,1562.28,0.176,0,0.0,2,285.74,3,578.61,2,3,3,0,1,1
TXN_00001844,1274.59,7.151164095657071,20,4,6,0,0,1,0,0,0,1,0,1,0,69.2,2,1837510.0,0,1,2063.22,2063.22,2063.22,0.0,0.6178,0,0.0,0,0.0,0,0.0,1,1,0,1,0,1
TXN_00000691,511.95,6.240178374533722,21,4,6,0,0,1,0,1,0,0,0,1,0,220.94,4,106909.0,0,3,901.62,300.54,383.16,96.53,1.7034,0,0.0,0,0.0,2,518.46,1,3,2,0,0,1
TXN_00000737,6621.21,8.798184430077935,22,4,6,0,0,1,0,0,0,1,0,1,0,235.91,4,697900.0,0,3,2224.88,741.63,1257.98,453.37,8.928,0,0.0,0,0.0,0,0.0,1,2,2,0,0,1
TXN_00001653,879.99,6.781046275133962,23,4,6,0,0,0,1,0,0,1,0,0,1,92.94,3,1085767.0,0,2,4935.28,2467.64,3416.58,1342.0,0.3566,0,0.0,0,0.0,0,0.0,1,1,1,0,0,0
TXN_00000645,2915.92,7.978283544054545,23,4,6,0,0,0,1,0,0,0,1,0,1,45.93,4,748370.0,0,3,1190.51,396.84,631.12,205.82,7.3479,0,0.0,0,0.0,0,0.0,1,1,1,0,0,0
TXN_00000561,627.53,6.443383759588031,2,5,7,1,1,0,1,1,0,0,0,0,1,100.53,2,362837.0,0,1,655.17,655.17,655.17,0.0,0.9578,0,0.0,0,0.0,1,655.17,1,1,1,1,0,0
TXN_00001815,2314.04,7.747182244988771,2,5,7,1,1,0,1,1,0,0,0,0,1,70.03,2,2195051.0,0,1,411.06,411.06,411.06,0.0,5.6294,0,0.0,0,0.0,0,0.0,1,1,1,0,0,0
TXN_00001366,339.88,5.831530509191657,2,5,7,1,1,1,0,1,0,0,0,1,0,195.58,3,1835896.0,0,2,7120.11,3560.06,5561.31,2830.2,0.0955,0,0.0,0,0.0,0,0.0,1,1,0,0,0,1
TXN_00001645,2317.48,7.748667077527326,4,5,7,1,1,0,1,0,0,1,0,0,1,98.13,3,385421.0,0,2,3069.43,1534.72,2163.03,888.57,1.51,0,0.0,0,0.0,1,2163.03,1,1,0,0,1,0
TXN_00001126,642.8,6.467388118864708,6,5,7,1,0,0,1,0,0,0,1,0,1,193.3,2,1926401.0,0,1,95.87,95.87,95.87,0.0,6.7049,0,0.0,0,0.0,0,0.0,1,1,0,0,0,0
TXN_00000261,5000.0,8.517393171418904,8,5,7,1,0,1,0,0,0,1,0,1,0,85.46,3,1340632.0,0,2,5900.0,2950.0,3500.0,777.82,1.6949,0,0.0,0,0.0,0,0.0,1,1,1,0,0,0
TXN_00001865,1904.32,7.552405252456533,8,5,7,1,0,0,1,0,0,1,0,0,1,200.86,2,141566.0,0,1,593.29,593.29,593.29,0.0,3.2098,0,0.0,0,0.0,1,593.29,1,1,0,1,0,0
TXN_00001352,1148.94,7.047465046083146,8,5,7,1,0,0,1,0,0,0,1,0,1,64.26,2,2320772.0,0,1,241.97,241.97,241.97,0.0,4.7483,0,0.0,0,0.0,0,0.0,1,1,0,0,1,0
TXN_00001869,2177.93,7.686589209600704,9,5,7,1,0,0,1,1,0,0,0,0,1,279.75,3,1640464.0,0,2,1554.91,777.46,1100.71,457.15,2.8014,0,0.0,0,0.0,0,0.0,1,1,2,0,0,0
TXN_00000911,448.97,6.109180913875377,10,5,7,1,0,0,1,0,0,1,0,0,1,92.86,2,2375171.0,0,1,1182.65,1182.65,1182.65,0.0,0.3796,0,0.0,0,0.0,0,0.0,1,1,0,1,0,0
TXN_00000361,1507.06,7.318579335574796,10,5,7,1,0,1,0,1,0,0,0,1,0,55.55,1,-1.0,1,0,0.0,0.0,0.0,0.0,1.0,0,0.0,0,0.0,0,0.0,0,0,0,1,1,1
TXN_00000660,1686.38,7.4309323091070585,10,5,7,1,0,0,1,0,0,0,1,0,1,43.99,2,1794333.0,0,1,1109.04,1109.04,1109.04,0.0,1.5206,0,0.0,0,0.0,0,0.0,1,1,1,0,0,0
TXN_00001826,591.25,6.383928843038895,11,5,7,1,0,0,1,1,0,0,0,0,1,308.87,3,1906049.0,0,2,1163.95,581.98,1079.75,703.96,1.0159,0,0.0,0,0.0,0,0.0,1,2,0,0,0,0
TXN_00001909,2510.25,7.828535916129145,12,5,7,1,0,0,1,0,0,0,1,0,1,65.99,3,1586778.0,0,2,1396.04,698.02,885.19,264.7,3.5962,0,0.0,0,0.0,0,0.0,2,1,1,0,0,0
TXN_00000753,692.74,6.542097250542342,12,5,7,1,0,0,1,1,0,0,0,0,1,190.46,2,2198216.0,0,1,1059.47,1059.47,1059.47,0.0,0.6539,0,0.0,0,0.0,0,0.0,1,1,0,0,1,0
TXN_00000615,1922.96,7.5621408409887465,12,5,7,1,0,0,1,0,0,1,0,0,1,83.04,3,1165809.0,0,2,3529.86,1764.93,2879.72,1576.55,1.0895,0,0.0,0,0.0,0,0.0,1,1,1,0,1,0
TXN_00000648,1767.93,7.478130122998112,13,5,7,1,0,0,1,1,0,0,0,0,1,141.43,5,637498.0,0,4,6805.45,1701.36,3269.87,1258.99,1.0391,0,0.0,0,0.0,0,0.0,1,1,1,1,0,0
TXN_00001726,775.75,6.6551185482731565,13,5,7,1,0,0,1,1,0,0,0,0,1,89.36,3,239291.0,0,2,911.35,455.68,770.48,445.2,1.7024,0,0.0,0,0.0,1,140.87,1,1,1,0,0,0
TXN_00001427,2959.52,7.993120207564617,13,5,7,1,0,1,0,0,0,1,0,1,0,157.66,2,654891.0,0,1,502.48,502.48,502.48,0.0,5.8898,0,0.0,0,0.0,0,0.0,1,1,1,0,0,1
TXN_00000886,912.57,6.81736000123475,15,5,7,1,0,0,1,0,0,1,0,0,1,196.11,4,45737.0,0,3,7459.99,2486.66,5561.31,2731.58,0.367,0,0.0,1,339.88,1,339.88,1,1,1,0,0,0
TXN_00000830,1095.92,7.000261531453727,15,5,7,1,0,0,1,0,0,1,0,0,1,40.68,3,143980.0,0,2,1378.11,689.05,1216.12,745.38,1.5905,0,0.0,0,0.0,1,1216.12,1,1,0,1,0,0
TXN_00001337,192.61,5.265845826401074,16,5,7,1,0,1,0,1,0,0,0,1,0,202.83,3,1411439.0,0,2,1725.35,862.67,897.19,48.81,0.2233,0,0.0,0,0.0,0,0.0,1,1,2,0,1,1
TXN_00001872,248.79,5.520620564864553,17,5,7,1,0,1,0,0,0,1,0,1,0,69.73,4,260744.0,0,3,1247.4,415.8,702.91,252.74,0.5983,0,0.0,0,0.0,2,544.49,3,2,1,0,1,1
TXN_00000819,463.7,6.141392036090933,17,5,7,1,0,0,1,1,0,0,0,0,1,236.7,5,68224.0,0,4,8846.09,2211.52,6621.21,2963.01,0.2097,0,0.0,1,6621.21,1,6621.21,1,2,3,0,0,0
TXN_00001054,1085.05,6.9903025399497025,17,5,7,1,0,0,1,1,0,0,0,0,1,97.97,4,763854.0,0,3,5138.49,1712.83,2541.81,825.37,0.6335,0,0.0,0,0.0,0,0.0,1,2,0,0,0,0
TXN_00001224,207.44,5.339651230041014,18,5,7,1,0,0,1,0,0,0,1,0,1,75.85,1,-1.0,1,0,0.0,0.0,0.0,0.0,1.0,0,0.0,0,0.0,0,0.0,0,0,0,1,1,0
TXN_00000746,1072.74,6.978903160100266,18,5,7,1,0,0,1,0,0,0,1,0,1,181.84,3,2121425.0,0,2,6036.27,3018.13,5925.74,4111.97,0.3554,0,0.0,0,0.0,0,0.0,1,1,1,0,0,0
TXN_00001705,251.35,5.5308170127862715,20,5,7,1,0,1,0,1,0,0,0,1,0,49.42,3,367308.0,0,2,2023.76,1011.88,1167.64,220.28,0.2484,0,0.0,0,0.0,1,1167.64,2,1,1,0,0,1
TXN_00001113,1186.87,7.079917066325525,2,6,8,1,1,0,1,1,0,0,0,0,1,93.53,1,-1.0,1,0,0.0,0.0,0.0,0.0,1.0,0,0.0,0,0.0,0,0.0,0,0,0,1,1,0
TXN_00001335,164.61,5.1096356266014,3,6,8,1,1,0,1,1,0,0,0,0,1,105.64,4,1115048.0,0,3,8312.63,2770.88,6442.35,3185.67,0.0594,0,0.0,0,0.0,0,0.0,1,2,0,0,0,0
TXN_00001123,199.5,5.300814246746624,7,6,8,1,0,0,1,1,0,0,0,0,1,352.91,6,188111.0,0,5,8247.46,1649.49,4191.75,1735.8,0.1209,0,0.0,0,0.0,1,567.8,1,3,3,0,0,0
TXN_00001678,1325.6,7.190374557091456,8,6,8,1,0,1,0,0,0,1,0,1,0,88.2,3,2737622.0,0,2,1362.63,681.31,1150.04,662.88,1.9456,0,0.0,0,0.0,0,0.0,1,1,1,0,0,1
TXN_00001991,2067.71,7.634680503591011,8,6,8,1,0,0,1,0,0,0,1,0,1,131.09,6,342833.0,0,5,7793.41,1558.68,3722.91,1581.06,1.3266,0,0.0,0,0.0,2,1256.97,3,1,0,0,1,0
TXN_00000686,350.31,5.861669024565474,8,6,8,1,0,1,0,0,0,0,1,1,0,171.07,3,2586307.0,0,2,1065.27,532.63,800.2,378.39,0.6577,0,0.0,0,0.0,0,0.0,1,1,1,0,0,1
TXN_00001580,2067.06,7.634366248747087,8,6,8,1,0,0,1,1,0,0,0,0,1,196.6,2,2568742.0,0,1,329.75,329.75,329.75,0.0,6.2686,0,0.0,0,0.0,0,0.0,1,1,1,0,0,0
TXN_00001598,2922.67,7.9805949554034745,9,6,8,1,0,1,0,1,0,0,0,1,0,214.42,5,529476.0,0,4,4900.03,1225.01,2901.9,1169.26,2.3858,0,0.0,0,0.0,1,916.85,3,1,4,0,0,1
TXN_00001690,894.79,6.797706010504818,9,6,8,1,0,1,0,1,0,0,0,1,0,212.16,5,233314.0,0,4,6001.15,1500.29,3758.5,1516.33,0.5964,0,0.0,0,0.0,2,1696.98,2,2,1,0,0,1
TXN_00001394,319.02,5.768383493840728,10,6,8,1,0,0,1,1,0,0,0,0,1,87.57,2,1480008.0,0,1,712.06,712.06,712.06,0.0,0.448,0,0.0,0,0.0,0,0.0,1,1,0,1,0,0
TXN_00000299,3500.0,8.160803920954665,10,6,8,1,0,0,1,0,0,0,1,0,1,56.26,3,212010.0,0,2,1049.0,524.5,899.0,529.62,6.673,0,0.0,0,0.0,1,150.0,1,1,0,0,0,0
TXN_00001616,1846.75,7.521723961664996,10,6,8,1,0,0,1,1,0,0,0,0,1,309.87,4,446438.0,0,3,6218.08,2072.69,4212.51,1965.95,0.891,0,0.0,0,0.0,2,4558.89,1,1,1,0,0,0
TXN_00001573,3053.69,8.024433393461873,10,6,8,1,0,0,1,0,0,1,0,0,1,260.18,6,209455.0,0,5,3173.95,634.79,1477.15,662.58,4.8106,0,0.0,0,0.0,2,1486.49,1,2,3,0,0,0
TXN_00000775,1039.1,6.9470721413590875,11,6,8,1,0,1,0,0,0,1,0,1,0,160.22,4,1627551.0,0,3,5033.91,1677.97,2651.57,1268.52,0.6193,0,0.0,0,0.0,0,0.0,1,1,0,0,0,1
TXN_00001374,460.62,6.134742041811604,11,6,8,1,0,0,1,1,0,0,0,0,1,63.69,4,3042057.0,0,3,2052.49,684.16,1053.95,498.81,0.6733,0,0.0,0,0.0,0,0.0,1,1,0,0,0,0
TXN_00001978,459.48,6.132269423699003,11,6,8,1,0,1,0,1,0,0,0,1,0,66.96,4,84520.0,0,3,3906.29,1302.1,2510.25,1062.9,0.3529,0,0.0,1,2510.25,1,2510.25,2,1,1,0,0,1
TXN_00001311,1061.76,6.968624576745324,12,6,8,1,0,0,1,1,0,0,0,0,1,311.66,3,844144.0,0,2,1385.82,692.91,954.55,370.01,1.5323,0,0.0,0,0.0,0,0.0,2,1,0,0,0,0
TXN_00001095,649.76,6.4781409106409695,14,6,8,1,0,1,0,1,0,0,0,1,0,109.07,4,1593720.0,0,3,4951.32,1650.44,3399.48,1519.65,0.3937,0,0.0,0,0.0,0,0.0,2,1,0,1,1,1
TXN_00001716,142.83,4.968632046615798,14,6,8,1,0,0,1,0,0,0,1,0,1,66.33,4,176099.0,0,3,5352.79,1784.26,4029.22,1951.76,0.08,0,0.0,0,0.0,2,4519.23,2,2,1,0,0,0
TXN_00001167,55.72,4.038126882223872,14,6,8,1,0,0,1,1,0,0,0,0,1,106.03,2,680808.0,0,1,1513.89,1513.89,1513.89,0.0,0.0368,0,0.0,0,0.0,0,0.0,1,1,1,0,1,0
TXN_00001955,268.67,5.5971989892534175,15,6,8,1,0,0,1,0,0,1,0,0,1,130.25,1,-1.0,1,0,0.0,0.0,0.0,0.0,1.0,0,0.0,0,0.0,0,0.0,0,0,0,1,1,0
TXN_00001987,519.14,6.254098006108604,16,6,8,1,0,1,0,0,0,1,0,1,0,199.81,2,2877406.0,0,1,1550.66,1550.66,1550.66,0.0,0.3348,0,0.0,0,0.0,0,0.0,1,1,1,0,0,1
TXN_00001894,1029.57,6.937867326213698,16,6,8,1,0,1,0,0,0,0,1,1,0,109.18,5,10068.0,0,4,5601.08,1400.27,3399.48,1337.87,0.7353,0,0.0,1,649.76,1,649.76,3,2,1,0,0,1
TXN_00000677,2835.33,7.950266241954526,17,6,8,1,0,0,1,0,0,1,0,0,1,85.9,7,488711.0,0,6,4800.78,800.13,1878.88,814.07,3.5436,0,0.0,0,0.0,2,1980.1,1,1,2,0,0,0
TXN_00001744,693.37,6.543004959647897,19,6,8,1,0,1,0,1,0,0,0,1,0,231.4,4,450014.0,0,3,3274.67,1091.56,1446.12,582.37,0.6352,0,0.0,0,0.0,1,1409.12,2,1,1,0,0,1
TXN_00001472,1126.41,7.027678245574431,19,6,8,1,0,0,1,1,0,0,0,0,1,61.68,1,-1.0,1,0,0.0,0.0,0.0,0.0,1.0,0,0.0,0,0.0,0,0.0,0,0,0,1,1,0
TXN_00001396,945.18,6.852432825793354,20,6,8,1,0,1,0,1,0,0,0,1,0,206.93,8,216277.0,0,7,13594.73,1942.1,5842.31,1904.59,0.4867,0,0.0,0,0.0,2,2804.61,4,1,2,0,0,1
TXN_00001181,540.54,6.294416932595607,21,6,8,1,0,0,1,0,0,1,0,0,1,59.23,2,235044.0,0,1,1346.77,1346.77,1346.77,0.0,0.4014,0,0.0,0,0.0,1,1346.77,1,1,1,0,0,0
TXN_00000355,144.27,4.978594079884792,21,6,8,1,0,0,1,0,0,1,0,0,1,111.33,3,1823063.0,0,2,1211.15,605.58,887.86,399.21,0.2382,0,0.0,0,0.0,0,0.0,2,1,1,0,0,0
TXN_00001519,1633.85,7.399306336003431,21,6,8,1,0,1,0,1,0,0,0,1,0,41.98,3,1356757.0,0,2,3939.33,1969.66,2778.08,1143.27,0.8295,0,0.0,0,0.0,0,0.0,1,2,0,0,0,1
TXN_00001806,1058.2,6.965269185182744,22,6,8,1,0,1,0,0,0,1,0,1,0,92.07,5,1461855.0,0,4,4369.57,1092.39,1928.11,859.17,0.9687,0,0.0,0,0.0,0,0.0,2,2,1,0,0,1
TXN_00001185,373.85,5.926525945949071,22,6,8,1,0,0,1,1,0,0,0,0,1,151.24,3,1666576.0,0,2,1726.05,863.02,1183.81,453.66,0.4332,0,0.0,0,0.0,0,0.0,1,2,0,0,0,0
TXN_00001342,1198.74,7.0898601456338115,23,6,8,1,0,0,1,1,0,0,0,0,1,276.24,3,2524064.0,0,2,2501.29,1250.64,1378.08,180.22,0.9585,0,0.0,0,0.0,0,0.0,1,1,0,1,0,0
TXN_00001363,64.08,4.175617282350837,0,0,9,0,1,0,1,1,0,0,0,0,1,231.06,2,2909630.0,0,1,53.91,53.91,53.91,0.0,1.1886,0,0.0,0,0.0,0,0.0,1,1,1,1,0,0
TXN_00000675,1118.06,7.020244326177411,1,0,9,0,1,0,1,1,0,0,0,0,1,141.63,3,395238.0,0,2,4151.44,2075.72,3533.78,2062.01,0.5386,0,0.0,0,0.0,1,617.66,1,1,1,0,0,0
TXN_00000803,930.01,6.836270018357943,2,0,9,0,1,0,1,1,0,0,0,0,1,42.42,5,1382693.0,0,4,2400.28,600.07,811.8,220.42,1.5498,0,0.0,0,0.0,0,0.0,1,2,0,0,1,0
TXN_00001770,2214.82,7.703377817131225,2,0,9,0,1,1,0,1,0,0,0,1,0,117.03,4,2401420.0,0,3,2212.61,737.54,1508.61,667.96,3.003,0,0.0,0,0.0,0,0.0,2,1,0,0,0,1
TXN_00001046,240.24,5.485792288582786,4,0,9,0,1,0,1,1,0,0,0,0,1,199.88,2,843924.0,0,1,1193.06,1193.06,1193.06,0.0,0.2014,0,0.0,0,0.0,0,0.0,1,1,0,0,1,0
TXN_00000673,879.93,6.780978167614865,4,0,9,0,1,0,1,0,0,0,1,0,1,52.61,4,1646449.0,0,3,2365.55,788.52,1097.74,491.04,1.1159,0,0.0,0,0.0,0,0.0,3,1,1,0,0,0
TXN_00001435,546.65,6.3056363967697555,4,0,9,0,1,0,1,1,0,0,0,0,1,217.33,4,1725255.0,0,3,5701.79,1900.6,2888.87,1438.98,0.2876,0,0.0,0,0.0,0,0.0,3,1,1,0,0,0
TXN_00000895,1378.95,7.229802545610802,4,0,9,0,1,1,0,1,0,0,0,1,0,66.93,5,51721.0,0,4,5495.62,1373.9,4029.22,1792.53,1.0037,0,0.0,1,142.83,3,4662.06,2,2,1,0,1,1
TXN_00000244,5000.0,8.517393171418904,6,0,9,0,0,0,1,1,0,0,0,0,1,47.01,3,356752.0,0,2,3650.0,1825.0,3500.0,2368.81,2.7397,0,0.0,0,0.0,1,150.0,1,1,0,0,0,0
TXN_00000528,1317.5,7.184250005793341,6,0,9,0,0,0,1,1,0,0,0,0,1,220.71,6,1049692.0,0,5,4692.57,938.51,1838.03,722.43,1.4038,0,0.0,0,0.0,0,0.0,2,1,2,0,0,0
TXN_00000252,450.0,6.111467339502679,8,0,9,0,0,0,1,0,0,0,1,0,1,107.37,3,1009681.0,0,2,1700.0,850.0,1250.0,565.69,0.5294,0,0.0,0,0.0,0,0.0,1,1,0,0,0,0
TXN_00000649,1176.43,7.071089376140456,8,0,9,0,0,1,0,0,0,0,1,1,0,58.98,4,415003.0,0,3,3629.79,1209.93,2646.53,1244.26,0.9723,0,0.0,0,0.0,1,473.98,2,2,0,0,0,1
TXN_00001775,117.61,4.775840800041184,9,0,9,0,0,0,1,0,0,1,0,0,1,145.27,4,390186.0,0,3,5595.87,1865.29,2357.89,454.41,0.0631,0,0.0,0,0.0,2,3820.36,2,1,1,0,0,0
TXN_00000574,1500.2,7.3140200672608655,9,0,9,0,0,0,1,0,0,0,1,0,1,124.22,3,1763816.0,0,2,2730.81,1365.4,2505.79,1612.75,1.0987,0,0.0,0,0.0,0,0.0,1,2,0,0,0,0
TXN_00000343,282.85,5.648445929616735,9,0,9,0,0,1,0,1,0,0,0,1,0,238.36,6,143059.0,0,5,9309.79,1861.96,6621.21,2682.45,0.1519,0,0.0,0,0.0,2,7084.91,1,2,3,0,0,1
TXN_00001511,1199.04,7.090110168553882,10,0,9,0,0,0,1,1,0,0,0,0,1,235.09,5,395275.0,0,4,6150.94,1537.73,3440.27,1409.2,0.7797,0,0.0,0,0.0,1,190.56,1,2,1,0,1,0
TXN_00001357,1217.31,7.105219931485585,10,0,9,0,0,1,0,1,0,0,0,1,0,118.91,5,485982.0,0,4,9243.12,2310.78,4174.72,1306.64,0.5268,0,0.0,0,0.0,2,3940.06,1,1,2,0,0,1
TXN_00001097,5911.93,8.684896757428415,10,0,9,0,0,1,0,0,0,0,1,1,0,310.84,4,170101.0,0,3,1755.2,585.07,1079.75,497.8,10.1047,0,0.0,0,0.0,1,591.25,1,2,0,1,0,1
TXN_00001039,832.78,6.725969578591492,11,0,9,0,0,1,0,0,0,0,1,1,0,89.56,2,2464201.0,0,1,2138.88,2138.88,2138.88,0.0,0.3894,0,0.0,0,0.0,0,0.0,1,1,1,0,0,1
TXN_00001219,2099.59,7.6499735366327375,11,0,9,0,0,0,1,0,0,1,0,0,1,110.68,4,1024549.0,0,3,2867.13,955.71,1720.54,664.08,2.1969,0,0.0,0,0.0,0,0.0,1,1,2,1,0,0
TXN_00000446,1785.03,7.487750558607801,12,0,9,0,0,0,1,0,0,1,0,0,1,59.48,1,-1.0,1,0,0.0,0.0,0.0,0.0,1.0,0,0.0,0,0.0,0,0.0,0,0,0,1,1,0
TXN_00001836,1177.04,7.07160731949243,12,0,9,0,0,1,0,0,0,0,1,1,0,223.01,3,1199224.0,0,2,2442.74,1221.37,1763.22,766.29,0.9637,0,0.0,0,0.0,0,0.0,1,2,1,0,0,1
TXN_00001310,2089.34,7.645082011153831,12,0,9,0,0,1,0,0,0,1,0,1,0,235.21,6,9619.0,0,5,7349.98,1470.0,3440.27,1229.77,1.4213,0,0.0,1,1199.04,2,1389.6,1,3,1,0,0,1
TXN_00001322,1048.39,6.955964321952395,13,0,9,0,0,0,1,1,0,0,0,0,1,52.96,5,30375.0,0,4,3245.48,811.37,1097.74,403.53,1.2921,0,0.0,1,879.93,1,879.93,3,1,1,0,0,0
TXN_00001346,225.43,5.42243584638443,13,0,9,0,0,0,1,1,0,0,0,0,1,44.82,3,1999890.0,0,2,1182.47,591.24,781.64,269.27,0.3813,0,0.0,0,0.0,0,0.0,1,1,0,0,0,0
TXN_00001683,510.92,6.238168362831205,14,0,9,0,0,0,1,1,0,0,0,0,1,68.1,5,98379.0,0,4,4365.77,1091.44,2510.25,964.71,0.4681,0,0.0,0,0.0,2,2969.73,2,1,2,0,0,0
TXN_00000391,204.28,5.324374900867326,16,0,9,0,0,0,1,1,0,0,0,0,1,72.63,3,224567.0,0,2,2725.1,1362.55,2314.04,1345.61,0.1499,0,0.0,0,0.0,1,2314.04,1,1,1,0,0,0
TXN_00000956,356.89,5.880225676616052,17,0,9,0,0,1,0,0,0,0,1,1,0,72.65,4,2139.0,0,3,2929.38,976.46,2314.04,1162.98,0.3655,1,204.28,1,204.28,2,2518.32,1,1,1,0,0,1
TXN_00001174,579.94,6.364647481295423,19,0,9,0,0,0,1,0,0,0,1,0,1,42.11,4,919928.0,0,3,2197.15,732.38,1066.76,324.2,0.7919,0,0.0,0,0.0,0,0.0,2,1,1,0,1,0
TXN_00001590,2292.3,7.737747107269926,21,0,9,0,0,1,0,1,0,0,0,1,0,159.98,3,200518.0,0,2,3462.0,1731.0,2959.52,1737.39,1.3243,0,0.0,0,0.0,1,2959.52,1,1,2,1,0,1
TXN_00001362,122.27,4.814377071563428,21,0,9,0,0,0,1,1,0,0,0,0,1,103.07,2,574387.0,0,1,776.56,776.56,776.56,0.0,0.1575,0,0.0,0,0.0,1,776.56,1,1,1,1,1,0
TXN_00000448,1246.99,7.129289536076757,23,0,9,0,0,1,0,0,0,0,1,1,0,247.4,5,605402.0,0,4,7784.12,1946.03,2561.15,513.13,0.6408,0,0.0,0,0.0,0,0.0,2,2,1,0,0,1
TXN_00000724,825.11,6.716727936567219,0,1,10,0,1,0,1,1,0,0,0,0,1,95.45,3,223665.0,0,2,1631.62,815.81,1182.65,518.79,1.0114,0,0.0,0,0.0,1,448.97,2,1,0,0,1,0
TXN_00000618,101.12,4.6261485923732835,0,1,10,0,1,0,1,1,0,0,0,0,1,232.27,3,2769622.0,0,2,3817.03,1908.51,2119.18,297.93,0.053,0,0.0,0,0.0,0,0.0,1,2,0,0,0,0
TXN_00001841,1138.41,7.038265863556843,0,1,10,0,1,0,1,0,0,1,0,0,1,104.62,2,412572.0,0,1,1495.29,1495.29,1495.29,0.0,0.7613,0,0.0,0,0.0,1,1495.29,1,1,1,1,0,0
TXN_00001002,739.33,6.60709603273982,0,1,10,0,1,1,0,1,0,0,0,1,0,67.07,3,1926494.0,0,2,1493.04,746.52,1003.35,363.21,0.9904,0,0.0,0,0.0,0,0.0,2,1,1,0,0,1
TXN_00000728,110.65,4.7153689782861665,1,1,10,0,1,1,0,0,0,1,0,1,0,256.31,2,2104614.0,0,1,1133.96,1133.96,1133.96,0.0,0.0976,0,0.0,0,0.0,0,0.0,1,1,0,0,0,1
TXN_00000444,204.21,5.324033845052673,1,1,10,0,1,0,1,0,0,0,1,0,1,180.45,3,397924.0,0,2,1430.77,715.38,1138.65,598.59,0.2855,0,0.0,0,0.0,1,1138.65,2,1,1,0,0,0
TXN_00000527,2235.72,7.712765786020782,2,1,10,0,1,0,1,0,0,0,1,0,1,203.58,3,235841.0,0,2,2497.61,1248.8,1904.32,927.04,1.7903,0,0.0,0,0.0,2,2497.61,2,1,0,1,0,0
TXN_00001057,1900.25,7.550266843573502,4,1,10,0,1,0,1,0,0,1,0,0,1,193.33,4,743748.0,0,3,4298.77,1432.92,2349.33,817.92,1.3261,0,0.0,0,0.0,0,0.0,3,2,1,0,1,0
TXN_00000550,1276.81,7.152902954088473,4,1,10,0,1,1,0,1,0,0,0,1,0,56.86,4,1956399.0,0,3,3539.03,1179.68,1875.38,603.11,1.0823,0,0.0,0,0.0,0,0.0,1,2,0,0,0,1
TXN_00001281,1707.61,7.443435453445328,6,1,10,0,0,1,0,0,0,1,0,1,0,95.69,4,20628.0,0,3,2456.73,818.91,1182.65,366.88,2.0852,0,0.0,1,825.11,2,1274.08,2,2,0,0,0,1
TXN_00000893,1600.58,7.378745920970499,6,1,10,0,0,0,1,0,0,1,0,0,1,57.33,2,537782.0,0,1,254.52,254.52,254.52,0.0,6.2886,0,0.0,0,0.0,1,254.52,1,1,0,0,0,0
TXN_00000846,481.27,6.178504123191311,8,1,10,0,0,0,1,0,0,0,1,0,1,61.84,1,-1.0,1,0,0.0,0.0,0.0,0.0,1.0,0,0.0,0,0.0,0,0.0,0,0,0,1,1,0
TXN_00001096,578.72,6.362545228354316,10,1,10,0,0,0,1,1,0,0,0,0,1,214.18,6,174374.0,0,5,6895.94,1379.19,3758.5,1340.8,0.4196,0,0.0,0,0.0,3,2591.77,2,2,2,0,0,0
TXN_00001761,125.55,4.840637486991133,11,1,10,0,0,0,1,0,0,0,1,0,1,177.87,4,1498640.0,0,3,5235.94,1745.31,3746.02,1834.3,0.0719,0,0.0,0,0.0,0,0.0,3,1,3,0,0,0
TXN_00001810,79.17,4.38414938005486,11,1,10,0,0,1,0,1,0,0,0,1,0,150.0,3,1363795.0,0,2,2549.9,1274.95,2106.19,1175.55,0.0621,0,0.0,0,0.0,0,0.0,2,1,1,0,0,1
TXN_00001747,4842.69,8.485432105928162,11,1,10,0,0,0,1,1,0,0,0,0,1,67.78,3,1663490.0,0,2,2329.96,1164.98,1723.06,789.24,4.1569,0,0.0,0,0.0,0,0.0,2,1,0,0,0,0
TXN_00001943,110.22,4.711510221759418,12,1,10,0,0,0,1,0,0,0,1,0,1,164.33,7,862359.0,0,6,5575.92,929.32,1691.92,494.48,0.1186,0,0.0,0,0.0,0,0.0,3,2,3,0,0,0
TXN_00001922,3279.21,8.09566272371896,12,1,10,0,0,0,1,0,0,0,1,0,1,77.49,2,2382339.0,0,1,4083.06,4083.06,4083.06,0.0,0.8031,0,0.0,0,0.0,0,0.0,1,1,0,0,0,0
TXN_00001162,329.99,5.802088163440325,14,1,10,0,0,0,1,0,0,1,0,0,1,356.07,4,692781.0,0,3,1823.28,607.76,1265.69,582.94,0.543,0,0.0,0,0.0,0,0.0,1,1,1,0,0,0
TXN_00000942,78.69,4.378144107409657,15,1,10,0,0,1,0,0,0,1,0,1,0,150.85,4,1331503.0,0,3,2084.85,694.95,1370.25,600.16,0.1132,0,0.0,0,0.0,0,0.0,2,1,1,0,0,1
TXN_00001829,340.69,5.833903893255487,15,1,10,0,0,1,0,0,0,1,0,1,0,55.74,4,504127.0,0,3,5893.31,1964.44,2999.71,1579.31,0.1734,0,0.0,0,0.0,1,2999.71,1,1,0,0,0,1
TXN_00001724,483.44,6.182993584652849,16,1,10,0,0,1,0,0,0,1,0,1,0,56.13,3,724454.0,0,2,4630.54,2315.27,3844.38,2162.49,0.2088,0,0.0,0,0.0,0,0.0,1,1,1,0,1,1
TXN_00001665,1056.48,6.963643998212038,16,1,10,0,0,0,1,0,0,1,0,0,1,70.23,3,2463894.0,0,2,3706.31,1853.15,3442.54,2247.73,0.5701,0,0.0,0,0.0,0,0.0,1,2,0,0,0,0
TXN_00001317,2334.2,7.755852819539905,17,1,10,0,0,0,1,0,0,1,0,0,1,184.8,4,255334.0,0,3,7109.01,2369.67,5925.74,3117.0,0.985,0,0.0,0,0.0,1,1072.74,1,1,1,1,0,0
TXN_00001382,157.94,5.068526772512033,17,1,10,0,0,0,1,0,0,0,1,0,1,98.48,4,731109.0,0,3,4784.41,1594.8,3260.73,1458.4,0.099,0,0.0,0,0.0,0,0.0,1,1,0,0,1,0
TXN_00001623,1123.99,7.0255294257101255,18,1,10,0,0,0,1,0,0,1,0,0,1,109.98,3,436974.0,0,2,5375.74,2687.87,2973.63,404.13,0.4182,0,0.0,0,0.0,1,2402.11,1,1,0,0,0,0
TXN_00001391,480.52,6.176947767239516,18,1,10,0,0,0,1,1,0,0,0,0,1,75.76,4,427212.0,0,3,4513.69,1504.56,1586.86,104.71,0.3194,0,0.0,0,0.0,1,1586.86,2,2,1,0,0,0
TXN_00001351,1499.78,7.313740251937152,19,1,10,0,0,0,1,1,0,0,0,0,1,64.2,4,2128162.0,0,3,2522.26,840.75,1232.76,584.05,1.7839,0,0.0,0,0.0,0,0.0,1,1,0,0,0,0
TXN_00000923,1298.35,7.169619418407946,19,1,10,0,0,0,1,0,0,0,1,0,1,47.37,3,291762.0,0,2,2795.42,1397.71,1686.38,408.24,0.9289,0,0.0,0,0.0,1,1686.38,1,1,1,1,0,0
TXN_00000523,791.66,6.675394378118318,20,1,10,0,0,1,0,0,0,1,0,1,0,216.87,6,211689.0,0,5,7822.7,1564.54,2922.67,1265.62,0.506,0,0.0,0,0.0,1,2922.67,3,1,5,0,0,1
TXN_00001407,251.92,5.533073233190413,20,1,10,0,0,1,0,1,0,0,0,1,0,96.8,4,333422.0,0,3,5815.27,1938.42,3416.58,1319.36,0.13,0,0.0,0,0.0,1,879.99,1,1,1,0,0,1
TXN_00001443,1900.71,7.550508760397368,20,1,10,0,0,1,0,1,0,0,0,1,0,84.97,5,1330193.0,0,4,8708.44,2177.11,4396.63,1535.7,0.873,0,0.0,0,0.0,0,0.0,1,2,0,1,0,1
TXN_00000674,2416.71,7.79057609015249,21,1,10,0,0,0,1,0,0,1,0,0,1,137.18,8,556308.0,0,7,6256.51,893.79,2010.36,723.56,2.7039,0,0.0,0,0.0,1,394.75,2,2,0,1,0,0
TXN_00000351,4312.32,8.369463188191895,21,1,10,0,0,0,1,1,0,0,0,0,1,280.23,2,1061583.0,0,1,237.98,237.98,237.98,0.0,18.1205,0,0.0,0,0.0,0,0.0,1,1,0,0,0,0
TXN_00001746,1436.45,7.270625989457881,22,1,10,0,0,0,1,0,0,0,1,0,1,348.55,6,1577324.0,0,5,8990.31,1798.06,3384.4,1222.43,0.7989,0,0.0,0,0.0,0,0.0,2,2,2,0,1,0
TXN_00000706,102.83,4.642754946315362,22,1,10,0,0,0,1,1,0,0,0,0,1,150.48,4,40866.0,0,3,2629.07,876.36,2106.19,1080.55,0.1173,0,0.0,1,79.17,1,79.17,2,1,2,0,0,0
TXN_00001353,763.74,6.639535906776836,0,2,11,0,1,0,1,1,0,0,0,0,1,57.78,3,1908926.0,0,2,1111.89,555.95,931.73,531.44,1.3738,0,0.0,0,0.0,0,0.0,2,2,0,0,1,0
TXN_00001669,2120.53,7.659892805480413,0,2,11,0,1,0,1,1,0,0,0,0,1,91.12,3,134034.0,0,2,2971.66,1485.83,2138.88,923.55,1.4272,0,0.0,0,0.0,1,832.78,1,1,2,0,0,0
TXN_00001015,2118.53,7.658949644974191,1,2,11,0,1,0,1,1,0,0,0,0,1,78.03,6,499963.0,0,5,5213.42,1042.68,2760.78,1004.35,2.0318,0,0.0,0,0.0,1,592.28,1,3,1,0,0,0
TXN_00000501,721.01,6.582038989212423,2,2,11,0,1,0,1,1,0,0,0,0,1,308.73,1,-1.0,1,0,0.0,0.0,0.0,0.0,1.0,0,0.0,0,0.0,0,0.0,0,0,0,1,1,0
TXN_00000757,1249.9,7.131618571220696,3,2,11,0,1,0,1,0,0,1,0,0,1,111.63,6,211541.0,0,5,6630.65,1326.13,3399.48,1170.43,0.9425,0,0.0,0,0.0,2,1679.33,3,2,2,0,0,0
TXN_00001952,733.38,6.599026605819985,4,2,11,0,1,1,0,1,0,0,0,1,0,172.4,2,394336.0,0,1,325.28,325.28,325.28,0.0,2.2546,0,0.0,0,0.0,1,325.28,1,1,0,0,0,1
TXN_00001693,892.67,6.795336579512404,5,2,11,0,1,0,1,0,0,0,1,0,1,282.38,4,1076008.0,0,3,2948.77,982.92,1711.64,713.85,0.9082,0,0.0,0,0.0,0,0.0,1,1,1,0,0,0
TXN_00001153,1170.82,7.0663133747240385,6,2,11,0,0,1,0,1,0,0,0,1,0,132.0,6,674708.0,0,5,5189.91,1037.98,2227.17,883.04,1.128,0,0.0,0,0.0,0,0.0,1,1,0,0,0,1
TXN_00001947,1763.9,7.47584931053852,6,2,11,0,0,0,1,1,0,0,0,0,1,66.5,2,2797732.0,0,1,429.58,429.58,429.58,0.0,4.1061,0,0.0,0,0.0,0,0.0,1,1,0,1,0,0
TXN_00001197,100.34,4.618481200047763,7,2,11,0,0,1,0,1,0,0,0,1,0,338.89,4,448844.0,0,3,4830.4,1610.13,3233.71,1514.2,0.0623,0,0.0,0,0.0,1,236.39,1,1,0,0,0,1
TXN_00001703,727.73,6.591303293034242,8,2,11,0,0,0,1,0,0,0,1,0,1,129.94,3,1773060.0,0,2,2238.7,1119.35,1932.91,1150.55,0.6501,0,0.0,0,0.0,0,0.0,2,2,0,0,0,0
TXN_00000445,1206.52,7.096323948536559,8,2,11,0,0,0,1,1,0,0,0,0,1,74.75,6,472106.0,0,5,11035.59,2207.12,4833.12,2118.74,0.5466,0,0.0,0,0.0,1,1516.71,2,3,2,0,0,0
TXN_00000364,111.42,4.722241857573929,9,2,11,0,0,0,1,0,0,1,0,0,1,247.11,4,1544601.0,0,3,5319.28,1773.09,2943.03,1503.01,0.0628,0,0.0,0,0.0,0,0.0,2,1,1,0,0,0
TXN_00000844,3262.1,8.090432942767915,9,2,11,0,0,0,1,0,0,0,1,0,1,309.03,2,25576.0,0,1,721.01,721.01,721.01,0.0,4.5243,0,0.0,1,721.01,1,721.01,1,1,0,1,1,0
TXN_00001119,2820.67,7.945084187233337,9,2,11,0,0,0,1,1,0,0,0,0,1,47.87,4,651904.0,0,3,1984.1,661.37,828.57,206.32,4.2649,0,0.0,0,0.0,0,0.0,2,1,2,0,1,0
TXN_00000871,161.47,5.090493369341659,9,2,11,0,0,1,0,0,0,1,0,1,0,156.83,4,1136664.0,0,3,1765.64,588.55,1350.65,660.53,0.2744,0,0.0,0,0.0,0,0.0,2,1,1,0,0,1
TXN_00001523,2471.53,7.812997196891407,9,2,11,0,0,0,1,0,0,0,1,0,1,139.59,4,1898572.0,0,3,4243.84,1414.61,2990.3,1375.35,1.7471,0,0.0,0,0.0,0,0.0,2,1,0,0,0,0
TXN_00001288,2082.88,7.641986819641478,10,2,11,0,0,0,1,1,0,0,0,0,1,51.97,5,1077273.0,0,4,3775.91,943.98,2138.65,870.32,2.2065,0,0.0,0,0.0,0,0.0,1,2,0,1,0,0
TXN_00000349,2616.79,7.870085729348794,12,2,11,0,0,0,1,0,0,1,0,0,1,194.66,5,115159.0,0,4,6199.02,1549.75,2349.33,707.52,1.6885,0,0.0,0,0.0,1,1900.25,3,3,1,0,0,0
TXN_00001454,2827.36,7.9474523173588345,12,2,11,0,0,1,0,0,0,0,1,1,0,99.26,5,67332.0,0,4,4942.35,1235.59,3260.73,1390.72,2.2883,0,0.0,1,157.94,1,157.94,1,2,0,0,0,1
TXN_00000470,939.17,6.846060709976297,13,2,11,0,0,0,1,0,0,0,1,0,1,189.53,2,751764.0,0,1,280.99,280.99,280.99,0.0,3.3424,0,0.0,0,0.0,0,0.0,1,1,0,1,1,0
TXN_00001625,694.76,6.5450047732815095,15,2,11,0,0,1,0,0,0,1,0,1,0,85.74,6,67028.0,0,5,10609.15,2121.83,4396.63,1335.69,0.3274,0,0.0,1,1900.71,1,1900.71,2,2,1,0,0,1
TXN_00000928,1203.8,7.094068857045629,16,2,11,0,0,0,1,0,0,1,0,0,1,52.22,6,21476.0,0,5,5858.79,1171.76,2138.65,909.68,1.0273,0,0.0,1,2082.88,1,2082.88,2,2,0,0,1,0
TXN_00001510,1223.77,7.11050835024859,17,2,11,0,0,0,1,1,0,0,0,0,1,48.18,5,26364.0,0,4,4804.77,1201.19,2820.67,1092.71,1.0188,0,0.0,1,2820.67,1,2820.67,2,2,2,0,0,0
TXN_00000304,450.0,6.111467339502679,19,2,11,0,0,1,0,0,0,0,1,1,0,313.43,4,1043224.0,0,3,3800.0,1266.67,2400.0,1125.09,0.3553,0,0.0,0,0.0,0,0.0,1,1,1,0,0,0
TXN_00001005,1109.8,7.012835755432644,19,2,11,0,0,0,1,0,0,0,1,0,1,57.28,4,99251.0,0,3,5113.98,1704.66,3844.38,1859.22,0.651,0,0.0,0,0.0,1,483.44,1,2,2,0,0,0
TXN_00000560,426.37,6.057650148563739,19,2,11,0,0,0,1,1,0,0,0,0,1,58.89,3,134817.0,0,2,1855.1,927.55,1600.58,951.81,0.4597,0,0.0,0,0.0,1,1600.58,1,1,0,0,0,0
TXN_00000293,1250.0,7.1316985104669115,21,2,11,0,0,0,1,1,0,0,0,0,1,81.19,3,468172.0,0,2,5899.0,2949.5,5000.0,2899.84,0.4238,0,0.0,0,0.0,1,5000.0,1,1,0,0,0,0
TXN_00000939,101.96,4.634340563287871,21,2,11,0,0,0,1,1,0,0,0,0,1,45.85,3,595298.0,0,2,632.82,316.41,397.89,115.23,0.3222,0,0.0,0,0.0,1,234.93,1,1,0,0,0,0
TXN_00000898,206.21,5.333732771768991,21,2,11,0,0,0,1,0,0,0,1,0,1,87.42,4,378497.0,0,3,5452.82,1817.61,2879.72,1118.52,0.1135,0,0.0,0,0.0,1,1922.96,1,2,1,0,0,0
TXN_00001133,4310.24,8.368980844735459,22,2,11,0,0,0,1,0,0,0,1,0,1,279.19,4,254710.0,0,3,3700.03,1233.34,1378.08,130.91,3.4948,0,0.0,0,0.0,1,1198.74,2,1,0,0,1,0
TXN_00000381,1254.04,7.134922723567927,22,2,11,0,0,1,0,0,0,0,1,1,0,160.7,2,2879454.0,0,1,771.31,771.31,771.31,0.0,1.6259,0,0.0,0,0.0,0,0.0,1,1,1,0,1,1
TXN_00001456,882.59,6.783993154143759,22,2,11,0,0,1,0,1,0,0,0,1,0,90.93,2,1206490.0,0,1,179.04,179.04,179.04,0.0,4.9296,0,0.0,0,0.0,0,0.0,1,1,1,0,0,1
TXN_00000388,224.46,5.418142759616385,22,2,11,0,0,0,1,1,0,0,0,0,1,190.31,1,-1.0,1,0,0.0,0.0,0.0,0.0,1.0,0,0.0,0,0.0,0,0.0,0,0,0,1,1,0
TXN_00000600,680.68,6.5245603395197005,23,2,11,0,0,1,0,1,0,0,0,1,0,176.76,2,2734999.0,0,1,2306.28,2306.28,2306.28,0.0,0.2951,0,0.0,0,0.0,0,0.0,1,1,0,0,0,1
TXN_00000683,882.37,6.783744138884628,0,3,12,0,1,0,1,1,0,0,0,0,1,114.45,4,269453.0,0,3,1355.42,451.81,887.86,388.1,1.953,0,0.0,0,0.0,1,144.27,2,1,1,1,0,0
TXN_00000176,99500.0,11.507922973347437,0,3,12,0,1,1,0,0,1,0,0,1,0,54.1,1,-1.0,1,0,0.0,0.0,0.0,0.0,1.0,0,0.0,0,0.0,0,0.0,0,0,0,1,1,1
TXN_00000669,4439.75,8.398578560079995,0,3,12,0,1,1,0,0,0,0,1,1,0,91.02,3,7760.0,0,2,1061.63,530.82,882.59,497.48,8.364,0,0.0,1,882.59,1,882.59,1,1,2,0,0,1
TXN_00000177,49500.0,10.809748150372926,0,3,12,0,1,1,0,0,1,0,0,1,0,54.1,2,21.0,0,1,99500.0,99500.0,99500.0,0.0,0.4975,1,99500.0,1,99500.0,1,99500.0,1,1,1,0,0,0
TXN_00000178,99500.0,11.507922973347437,0,3,12,0,1,1,0,0,1,0,0,1,0,54.1,3,19.0,0,2,149000.0,74500.0,99500.0,35355.34,1.3356,2,149000.0,2,149000.0,2,149000.0,1,1,1,0,0,0
TXN_00000179,49999.0,10.819778284410283,0,3,12,0,1,1,0,0,1,0,0,1,0,129.93,1,-1.0,1,0,0.0,0.0,0.0,0.0,1.0,0,0.0,0,0.0,0,0.0,0,0,0,1,1,1
TXN_00000180,49500.0,10.809748150372926,0,3,12,0,1,1,0,0,1,0,0,1,0,129.93,2,36.0,0,1,49999.0,49999.0,49999.0,0.0,0.99,1,49999.0,1,49999.0,1,49999.0,1,1,1,0,0,0
TXN_00000181,99500.0,11.507922973347437,0,3,12,0,1,1,0,0,1,0,0,1,0,129.93,3,13.0,0,2,99499.0,49749.5,49999.0,352.85,2.0,2,99499.0,2,99499.0,2,99499.0,1,1,1,0,0,0
TXN_00000182,99500.0,11.507922973347437,0,3,12,0,1,1,0,0,1,0,0,1,0,129.93,4,28.0,0,3,198999.0,66333.0,99500.0,28724.55,1.5,3,198999.0,3,198999.0,3,198999.0,1,1,1,0,0,0
TXN_00000183,49500.0,10.809748150372926,0,3,12,0,1,1,0,0,1,0,0,1,0,258.83,1,-1.0,1,0,0.0,0.0,0.0,0.0,1.0,0,0.0,0,0.0,0,0.0,0,0,0,1,1,1
TXN_00000184,49000.0,10.799595985047786,0,3,12,0,1,1,0,0,1,0,0,1,0,258.83,2,16.0,0,1,49500.0,49500.0,49500.0,0.0,0.9899,1,49500.0,1,49500.0,1,49500.0,1,1,1,0,0,0
TXN_00000185,99500.0,11.507922973347437,0,3,12,0,1,1,0,0,1,0,0,1,0,258.83,3,25.0,0,2,98500.0,49250.0,49500.0,353.55,2.0203,2,98500.0,2,98500.0,2,98500.0,1,1,1,0,0,0
TXN_00000186,49000.0,10.799595985047786,0,3,12,0,1,1,0,0,1,0,0,1,0,262.89,1,-1.0,1,0,0.0,0.0,0.0,0.0,1.0,0,0.0,0,0.0,0,0.0,0,0,0,1,1,1
TXN_00000187,49500.0,10.809748150372926,0,3,12,0,1,1,0,0,1,0,0,1,0,262.89,2,23.0,0,1,49000.0,49000.0,49000.0,0.0,1.0102,1,49000.0,1,49000.0,1,49000.0,1,1,1,0,0,0
TXN_00000188,99500.0,11.507922973347437,0,3,12,0,1,1,0,0,1,0,0,1,0,262.89,3,28.0,0,2,98500.0,49250.0,49500.0,353.55,2.0203,2,98500.0,2,98500.0,2,98500.0,1,1,1,0,0,0
TXN_00000189,49000.0,10.799595985047786,0,3,12,0,1,1,0,0,1,0,0,1,0,262.89,4,20.0,0,3,198000.0,66000.0,99500.0,29012.93,0.7424,3,198000.0,3,198000.0,3,198000.0,1,1,1,0,0,0
TXN_00000190,49500.0,10.809748150372926,0,3,12,0,1,1,0,0,1,0,0,1,0,52.42,1,-1.0,1,0,0.0,0.0,0.0,0.0,1.0,0,0.0,0,0.0,0,0.0,0,0,0,1,1,1
TXN_00000191,49000.0,10.799595985047786,0,3,12,0,1,1,0,0,1,0,0,1,0,52.42,2,34.0,0,1,49500.0,49500.0,49500.0,0.0,0.9899,1,49500.0,1,49500.0,1,49500.0,1,1,1,0,0,0
TXN_00000192,49999.0,10.819778284410283,0,3,12,0,1,1,0,0,1,0,0,1,0,52.42,3,22.0,0,2,98500.0,49250.0,49500.0,353.55,1.0152,2,98500.0,2,98500.0,2,98500.0,1,1,1,0,0,0
TXN_00000193,49999.0,10.819778284410283,0,3,12,0,1,1,0,0,1,0,0,1,0,52.42,4,27.0,0,3,148499.0,49499.67,49999.0,499.5,1.0101,3,148499.0,3,148499.0,3,148499.0,1,1,1,0,0,0
TXN_00000194,49999.0,10.819778284410283,0,3,12,0,1,1,0,0,1,0,0,1,0,67.01,1,-1.0,1,0,0.0,0.0,0.0,0.0,1.0,0,0.0,0,0.0,0,0.0,0,0,0,1,1,1
TXN_00000195,99500.0,11.507922973347437,0,3,12,0,1,1,0,0,1,0,0,1,0,67.01,2,26.0,0,1,49999.0,49999.0,49999.0,0.0,1.99,1,49999.0,1,49999.0,1,49999.0,1,1,1,0,0,0
TXN_00000196,49500.0,10.809748150372926,1,3,12,0,1,1,0,0,1,0,0,1,0,67.01,3,35.0,0,2,149499.0,74749.5,99500.0,35002.49,0.6622,2,149499.0,2,149499.0,2,149499.0,1,1,1,0,0,0
TXN_00000197,49000.0,10.799595985047786,1,3,12,0,1,1,0,0,1,0,0,1,0,67.01,4,24.0,0,3,198999.0,66333.0,99500.0,28724.55,0.7387,3,198999.0,3,198999.0,3,198999.0,1,1,1,0,0,0
TXN_00000198,49000.0,10.799595985047786,1,3,12,0,1,1,0,0,1,0,0,1,0,51.46,1,-1.0,1,0,0.0,0.0,0.0,0.0,1.0,0,0.0,0,0.0,0,0.0,0,0,0,1,1,1
TXN_00000199,49999.0,10.819778284410283,1,3,12,0,1,1,0,0,1,0,0,1,0,51.46,2,15.0,0,1,49000.0,49000.0,49000.0,0.0,1.0204,1,49000.0,1,49000.0,1,49000.0,1,1,1,0,0,0
TXN_00000200,49000.0,10.799595985047786,1,3,12,0,1,1,0,0,1,0,0,1,0,51.47,3,35.0,0,2,98999.0,49499.5,49999.0,706.4,0.9899,2,98999.0,2,98999.0,2,98999.0,1,1,1,0,0,0
TXN_00000201,49500.0,10.809748150372926,1,3,12,0,1,1,0,0,1,0,0,1,0,51.47,4,20.0,0,3,147999.0,49333.0,49999.0,576.77,1.0034,3,147999.0,3,147999.0,3,147999.0,1,1,1,0,0,0
TXN_00001805,6324.41,8.752330133629245,1,3,12,0,1,0,1,1,0,0,0,0,1,255.31,3,2038134.0,0,2,3018.42,1509.21,2224.96,1012.22,4.1905,0,0.0,0,0.0,0,0.0,1,2,1,0,1,0
TXN_00000502,1026.28,6.934669811523018,1,3,12,0,1,0,1,1,0,0,0,0,1,114.51,5,4957.0,0,4,2237.79,559.45,887.86,383.09,1.8345,0,0.0,1,882.37,2,1026.64,3,1,1,0,0,0
TXN_00001568,769.48,6.647013697252609,2,3,12,0,1,0,1,1,0,0,0,0,1,68.34,5,1249657.0,0,4,10250.59,2562.65,4231.56,1474.29,0.3003,0,0.0,0,0.0,0,0.0,2,2,0,0,0,0
TXN_00000603,752.33,6.624503378809671,4,3,12,0,1,0,1,1,0,0,0,0,1,180.24,3,2731116.0,0,2,2177.47,1088.74,1174.25,120.94,0.691,0,0.0,0,0.0,0,0.0,1,1,0,1,0,0
TXN_00001855,1111.35,7.014230173489143,4,3,12,0,1,0,1,0,0,0,1,0,1,208.9,4,1229878.0,0,3,8336.81,2778.94,4408.99,2007.13,0.3999,0,0.0,0,0.0,0,0.0,1,1,2,1,0,0
TXN_00000851,433.32,6.073781589597195,5,3,12,0,1,1,0,0,0,0,1,1,0,228.23,5,1583558.0,0,4,1481.05,370.26,717.22,255.03,1.1703,0,0.0,0,0.0,0,0.0,1,1,1,1,0,1
TXN_00001843,325.71,5.789072927260093,5,3,12,0,1,1,0,1,0,0,0,1,0,182.6,4,185652.0,0,3,1634.98,544.99,1138.65,516.0,0.5976,0,0.0,0,0.0,2,1342.86,2,1,1,0,0,1
TXN_00001474,682.06,6.526582703443005,6,3,12,0,0,0,1,0,0,1,0,0,1,371.03,4,684594.0,0,3,2233.86,744.62,889.1,215.76,0.916,0,0.0,0,0.0,0,0.0,1,1,1,0,0,0
TXN_00000770,1873.9,7.536310603648905,6,3,12,0,0,1,0,0,0,0,1,1,0,121.76,6,245860.0,0,5,10460.43,2092.09,4174.72,1232.73,0.8957,0,0.0,0,0.0,1,1217.31,1,1,3,1,0,1
TXN_00000745,1535.77,7.337438090181038,7,3,12,0,0,0,1,1,0,0,0,0,1,120.82,2,946699.0,0,1,3044.54,3044.54,3044.54,0.0,0.5044,0,0.0,0,0.0,0,0.0,1,1,0,1,0,0
TXN_00001108,760.37,6.635119442068922,10,3,12,0,0,0,1,1,0,0,0,0,1,93.43,1,-1.0,1,0,0.0,0.0,0.0,0.0,1.0,0,0.0,0,0.0,0,0.0,0,0,0,1,1,0
TXN_00000818,647.13,6.4740912935152695,11,3,12,0,0,0,1,0,0,0,1,0,1,98.42,5,139777.0,0,4,6067.19,1516.8,3416.58,1368.04,0.4266,0,0.0,0,0.0,2,1131.91,1,1,2,0,0,0
TXN_00000827,1297.06,7.168626121157174,11,3,12,0,0,0,1,1,0,0,0,0,1,50.44,3,1981033.0,0,2,943.93,471.97,669.01,278.66,2.7482,0,0.0,0,0.0,0,0.0,2,1,1,1,0,0
TXN_00000832,1357.32,7.214003921007756,11,3,12,0,0,1,0,0,0,0,1,1,0,60.59,2,435657.0,0,1,1507.06,1507.06,1507.06,0.0,0.9006,0,0.0,0,0.0,1,1507.06,1,1,1,0,0,1
TXN_00001142,335.64,5.819014110109291,11,3,12,0,0,0,1,0,0,0,1,0,1,101.25,3,1014324.0,0,2,1185.49,592.75,1084.75,695.8,0.5662,0,0.0,0,0.0,0,0.0,1,1,1,0,0,0
TXN_00000237,2400.0,7.783640596221253,12,3,12,0,0,0,1,0,0,1,0,0,1,65.94,4,698839.0,0,3,4549.0,1516.33,2400.0,785.14,1.5828,0,0.0,0,0.0,0,0.0,1,1,0,0,0,0
TXN_00001173,2587.38,7.858787476372236,12,3,12,0,0,0,1,0,0,1,0,0,1,69.39,2,868845.0,0,1,187.8,187.8,187.8,0.0,13.7773,0,0.0,0,0.0,0,0.0,1,1,0,0,1,0
TXN_00000614,3649.74,8.202685165753644,13,3,12,0,0,0,1,1,0,0,0,0,1,75.43,1,-1.0,1,0,0.0,0.0,0.0,0.0,1.0,0,0.0,0,0.0,0,0.0,0,0,0,1,1,0
TXN_00000739,4677.36,8.450702900147252,13,3,12,0,0,0,1,0,0,0,1,0,1,68.8,6,39648.0,0,5,11020.07,2204.01,4231.56,1507.73,2.1222,0,0.0,1,769.48,1,769.48,2,2,0,0,0,0
TXN_00000688,267.48,5.592776423278841,13,3,12,0,0,0,1,0,0,0,1,0,1,208.61,2,1931961.0,0,1,187.15,187.15,187.15,0.0,1.4292,0,0.0,0,0.0,0,0.0,1,1,0,0,0,0
TXN_00001208,4525.16,8.41762917687222,14,3,12,0,0,0,1,1,0,0,0,0,1,53.29,3,2108744.0,0,2,3060.7,1530.35,2378.55,1199.54,2.9569,0,0.0,0,0.0,0,0.0,1,1,2,1,0,0
TXN_00001497,172.07,5.153696136936908,16,3,12,0,0,0,1,0,0,0,1,0,1,96.62,4,1321624.0,0,3,1380.77,460.26,668.05,309.27,0.3739,0,0.0,0,0.0,0,0.0,1,1,0,0,0,0
TXN_00000459,608.72,6.412999835393641,16,3,12,0,0,1,0,0,0,1,0,1,0,129.32,4,3031546.0,0,3,1767.16,589.05,754.23,206.82,1.0334,0,0.0,0,0.0,0,0.0,2,1,0,0,0,1
TXN_00001183,1532.98,7.33562094403256,16,3,12,0,0,0,1,0,0,0,1,0,1,190.66,3,97775.0,0,2,1220.16,610.08,939.17,465.4,2.5128,0,0.0,0,0.0,1,939.17,2,2,0,0,0,0
TXN_00001783,670.41,6.5093799786858355,17,3,12,0,0,1,0,1,0,0,0,1,0,249.13,3,2512386.0,0,2,1146.48,573.24,643.63,99.55,1.1695,0,0.0,0,0.0,0,0.0,1,2,1,0,0,1
TXN_00001196,1682.53,7.428648058460174,17,3,12,0,0,0,1,1,0,0,0,0,1,222.75,5,616350.0,0,4,6831.31,1707.83,3842.7,1543.62,0.9852,0,0.0,0,0.0,0,0.0,2,1,1,0,0,0
TXN_00001401,65.38,4.195395806291828,18,3,12,0,0,0,1,1,0,0,0,0,1,120.69,5,315527.0,0,4,4427.43,1106.86,2214.82,918.17,0.0591,0,0.0,0,0.0,1,2214.82,2,1,1,0,1,0
TXN_00000726,1328.67,7.192686070128113,18,3,12,0,0,0,1,0,0,0,1,0,1,52.67,7,1107346.0,0,6,7065.78,1177.63,2493.72,910.73,1.1283,0,0.0,0,0.0,0,0.0,3,2,2,0,0,0
TXN_00000555,1504.21,7.316687702332611,18,3,12,0,0,0,1,0,0,0,1,0,1,358.23,5,186456.0,0,4,2153.27,538.32,1265.69,495.82,2.7943,0,0.0,0,0.0,1,329.99,1,1,1,0,0,0
TXN_00001521,1410.01,7.252061038999918,19,3,12,0,0,0,1,0,0,0,1,0,1,54.4,6,942898.0,0,5,10274.55,2054.91,4025.28,1529.17,0.6862,0,0.0,0,0.0,0,0.0,2,1,4,1,0,0
TXN_00001410,1166.63,7.062731332380611,19,3,12,0,0,1,0,0,0,1,0,1,0,76.28,4,1776626.0,0,3,2308.19,769.4,1248.12,416.72,1.5163,0,0.0,0,0.0,0,0.0,1,1,2,0,0,1
TXN_00001283,798.15,6.683548662814663,21,3,12,0,0,0,1,1,0,0,0,0,1,116.19,3,1631691.0,0,2,4254.3,2127.15,3258.05,1599.33,0.3752,0,0.0,0,0.0,0,0.0,1,1,0,0,1,0
TXN_00001130,2436.15,7.798584602818418,21,3,12,0,0,0,1,1,0,0,0,0,1,51.39,4,1731590.0,0,3,1416.02,472.01,726.78,319.96,5.1613,0,0.0,0,0.0,0,0.0,1,1,1,0,1,0
TXN_00001787,313.66,5.751492690812277,22,3,12,0,0,0,1,1,0,0,0,0,1,264.64,7,385294.0,0,6,6227.64,1037.94,3053.69,1151.69,0.3022,0,0.0,0,0.0,2,4277.19,1,2,3,1,0,0
TXN_00000848,2435.63,7.798371216082877,22,3,12,0,0,1,0,1,0,0,0,1,0,168.57,5,1459215.0,0,4,6607.13,1651.78,3133.01,1160.71,1.4745,0,0.0,0,0.0,0,0.0,1,2,2,0,0,1
TXN_00001127,619.85,6.431089506862851,22,3,12,0,0,0,1,0,0,1,0,0,1,157.45,4,709889.0,0,3,2274.14,758.05,992.57,243.65,0.8177,0,0.0,0,0.0,0,0.0,2,3,0,0,1,0
TXN_00000302,450.0,6.111467339502679,0,4,13,0,1,1,0,0,0,0,1,1,0,314.67,5,106619.0,0,4,4250.0,1062.5,2400.0,1005.3,0.4235,0,0.0,0,0.0,1,450.0,1,1,1,0,0,0
TXN_00000529,1364.21,7.219063541939801,1,4,13,0,1,0,1,0,0,1,0,0,1,45.38,5,282430.0,0,4,2777.09,694.27,1066.76,275.46,1.9649,0,0.0,0,0.0,1,579.94,2,2,1,0,0,0
TXN_00000783,1302.91,7.17312272169981,4,4,13,0,1,0,1,0,0,1,0,0,1,142.65,1,-1.0,1,0,0.0,0.0,0.0,0.0,1.0,0,0.0,0,0.0,0,0.0,0,0,0,1,1,0
TXN_00000639,292.78,5.682831187903269,5,4,13,0,1,0,1,1,0,0,0,0,1,54.78,4,463714.0,0,3,2275.11,758.37,1167.64,465.9,0.3861,0,0.0,0,0.0,1,251.35,2,1,2,0,1,0
TXN_00000873,716.24,6.575410512624163,5,4,13,0,1,0,1,1,0,0,0,0,1,253.72,2,1982607.0,0,1,845.46,845.46,845.46,0.0,0.8472,0,0.0,0,0.0,0,0.0,1,1,1,1,0,0
TXN_00001706,1920.64,7.560934267095747,7,4,13,0,0,0,1,1,0,0,0,0,1,189.49,5,920767.0,0,4,7455.5,1863.88,3222.91,1493.61,1.0305,0,0.0,0,0.0,0,0.0,1,2,1,0,0,0
TXN_00001925,5207.32,8.558012625933216,7,4,13,0,0,0,1,0,0,0,1,0,1,125.07,3,918877.0,0,2,3061.43,1530.71,2651.62,1585.2,3.4019,0,0.0,0,0.0,0,0.0,1,1,1,0,0,0
TXN_00000069,49000.0,10.799595985047786,8,4,13,0,0,1,0,0,1,0,0,1,0,51.21,1,-1.0,1,0,0.0,0.0,0.0,0.0,1.0,0,0.0,0,0.0,0,0.0,0,0,0,1,1,1
TXN_00000780,216.95,5.384265678684401,8,4,13,0,0,0,1,0,0,0,1,0,1,121.36,2,1054411.0,0,1,54.72,54.72,54.72,0.0,3.9647,0,0.0,0,0.0,0,0.0,1,1,0,0,1,0
TXN_00000608,95.67,4.571303116476514,8,4,13,0,0,0,1,1,0,0,0,0,1,115.81,6,112553.0,0,5,3264.07,652.81,1026.28,391.99,0.1466,0,0.0,0,0.0,3,2052.92,3,1,1,0,0,0
TXN_00001238,334.17,5.814637865795988,9,4,13,0,0,1,0,1,0,0,0,1,0,69.62,7,70873.0,0,6,15697.43,2616.24,4677.36,1684.69,0.1277,0,0.0,1,4677.36,2,5446.84,2,2,0,0,0,1
TXN_00001973,339.35,5.829974499893961,9,4,13,0,0,0,1,1,0,0,0,0,1,219.55,4,1114529.0,0,3,6682.78,2227.59,4981.93,2396.35,0.1523,0,0.0,0,0.0,0,0.0,1,2,2,0,1,0
TXN_00001380,596.31,6.392436241603806,9,4,13,0,0,1,0,1,0,0,0,1,0,63.42,1,-1.0,1,0,0.0,0.0,0.0,0.0,1.0,0,0.0,0,0.0,0,0.0,0,0,0,1,1,1
TXN_00001901,74.49,4.324000197151533,10,4,13,0,0,0,1,0,0,0,1,0,1,219.48,7,225021.0,0,6,8614.36,1435.73,2922.67,1175.16,0.0519,0,0.0,0,0.0,2,3714.33,3,1,6,0,0,0
TXN_00000486,144.61,4.980931814722814,10,4,13,0,0,1,0,1,0,0,0,1,0,106.97,3,840668.0,0,2,2953.26,1476.63,1833.32,504.44,0.0979,0,0.0,0,0.0,0,0.0,1,1,0,0,0,1
TXN_00000313,450.0,6.111467339502679,13,4,13,0,0,1,0,1,0,0,0,1,0,295.8,4,893584.0,0,3,4549.0,1516.33,2400.0,785.14,0.2968,0,0.0,0,0.0,0,0.0,1,1,1,0,0,0
TXN_00001282,1258.67,7.138605060880577,13,4,13,0,0,1,0,0,0,1,0,1,0,243.18,6,1730536.0,0,5,3946.42,789.28,1759.61,680.15,1.5947,0,0.0,0,0.0,0,0.0,1,1,2,0,1,1
TXN_00000491,876.05,6.776564003289789,13,4,13,0,0,1,0,0,0,1,0,1,0,59.57,5,780231.0,0,4,3848.16,962.04,1571.29,556.09,0.9106,0,0.0,0,0.0,0,0.0,2,3,1,0,0,1
TXN_00000693,1719.14,7.450160961843914,14,4,13,0,0,0,1,1,0,0,0,0,1,55.37,2,2340978.0,0,1,438.56,438.56,438.56,0.0,3.92,0,0.0,0,0.0,0,0.0,1,1,1,1,1,0
TXN_00000068,49000.0,10.799595985047786,14,4,13,0,0,1,0,0,1,0,0,1,0,51.46,2,21600.0,0,1,49000.0,49000.0,49000.0,0.0,1.0,0,0.0,1,49000.0,1,49000.0,1,1,1,0,0,0
TXN_00001240,523.79,6.262998182570284,14,4,13,0,0,1,0,0,0,1,0,1,0,169.24,6,57935.0,0,5,9042.76,1808.55,3133.01,1064.58,0.2896,0,0.0,1,2435.63,1,2435.63,1,2,3,0,0,1
TXN_00000254,1250.0,7.1316985104669115,14,4,13,0,0,0,1,1,0,0,0,0,1,111.65,4,369734.0,0,3,2150.0,716.67,1250.0,461.88,1.7442,0,0.0,0,0.0,1,450.0,1,1,0,0,0,0
TXN_00000947,1516.79,7.325010608464777,15,4,13,0,0,0,1,0,0,0,1,0,1,143.4,3,1611240.0,0,2,5486.78,2743.39,5246.05,3539.3,0.5529,0,0.0,0,0.0,0,0.0,1,2,0,0,0,0
TXN_00000548,1303.42,7.173513776517644,16,4,13,0,0,1,0,0,0,0,1,1,0,67.85,5,850630.0,0,4,3895.13,973.78,1531.96,605.0,1.3385,0,0.0,0,0.0,0,0.0,1,1,1,0,0,1
TXN_00000892,558.7,6.327400925897314,16,4,13,0,0,0,1,1,0,0,0,0,1,161.73,2,3458440.0,0,1,4576.38,4576.38,4576.38,0.0,0.1221,0,0.0,0,0.0,0,0.0,1,1,0,1,0,0
TXN_00001555,1211.11,7.100117921586811,17,4,13,0,0,0,1,0,0,1,0,0,1,199.68,3,2042853.0,0,2,5302.14,2651.07,5158.49,3546.03,0.4568,0,0.0,0,0.0,0,0.0,1,1,1,1,0,0
TXN_00001364,1224.12,7.1107940773648135,17,4,13,0,0,0,1,0,0,0,1,0,1,165.47,5,453970.0,0,4,6073.01,1518.25,2651.57,1083.89,0.8063,0,0.0,0,0.0,1,1039.1,1,1,1,0,0,0
TXN_00001215,1617.36,7.389168569779436,18,4,13,0,0,0,1,1,0,0,0,0,1,103.5,1,-1.0,1,0,0.0,0.0,0.0,0.0,1.0,0,0.0,0,0.0,0,0.0,0,0,0,1,1,0
TXN_00001013,204.38,5.3248619217701485,19,4,13,0,0,1,0,1,0,0,0,1,0,55.4,7,86714.0,0,6,11684.56,1947.43,4025.28,1392.84,0.1049,0,0.0,0,0.0,1,1410.01,3,1,4,0,0,0
TXN_00001880,148.29,5.005890723065499,21,4,13,0,0,0,1,1,0,0,0,0,1,214.33,3,2366167.0,0,2,3813.93,1906.97,2102.82,276.98,0.0778,0,0.0,0,0.0,0,0.0,2,1,0,1,0,0
TXN_00001847,726.47,6.589572761081972,22,4,13,0,0,1,0,1,0,0,0,1,0,196.03,3,2013955.0,0,2,989.87,494.94,785.72,411.23,1.4678,0,0.0,0,0.0,0,0.0,1,1,1,0,0,1
TXN_00001613,458.18,6.129442290049885,22,4,13,0,0,0,1,1,0,0,0,0,1,236.17,4,336742.0,0,3,3918.15,1306.05,2119.18,1064.55,0.3508,0,0.0,0,0.0,1,101.12,1,2,0,0,0,0
TXN_00001524,201.82,5.31231888618385,22,4,13,0,0,0,1,1,0,0,0,0,1,159.65,3,1210678.0,0,2,3136.12,1568.06,1773.41,290.41,0.1287,0,0.0,0,0.0,0,0.0,1,2,1,1,0,0
TXN_00001055,1011.0,6.919683849847411,1,5,14,1,1,0,1,1,0,0,0,0,1,77.78,4,1201290.0,0,3,2316.63,772.21,871.0,95.33,1.3092,0,0.0,0,0.0,0,0.0,1,1,1,0,0,0
TXN_00001247,257.37,5.554392666097221,1,5,14,1,1,0,1,0,0,1,0,0,1,202.31,3,492998.0,0,2,2396.81,1198.4,2067.06,1228.46,0.2148,0,0.0,0,0.0,1,2067.06,1,1,1,0,0,0
TXN_00001862,435.44,6.078650908786898,2,5,14,1,1,0,1,1,0,0,0,0,1,102.69,4,1935710.0,0,3,1956.42,652.14,994.88,368.93,0.6677,0,0.0,0,0.0,0,0.0,2,1,0,0,0,0
TXN_00000435,84.97,4.453998398186353,2,5,14,1,1,0,1,0,0,0,1,0,1,76.43,3,624821.0,0,2,3337.81,1668.9,2063.22,557.65,0.0509,0,0.0,0,0.0,0,0.0,2,1,1,1,0,0
TXN_00000967,2150.63,7.673980973413986,3,5,14,1,1,0,1,1,0,0,0,0,1,127.99,4,2830857.0,0,3,1767.79,589.26,779.42,234.98,3.6497,0,0.0,0,0.0,0,0.0,1,2,0,0,0,0
TXN_00001540,1085.67,6.990873253172602,4,5,14,1,1,0,1,1,0,0,0,0,1,140.9,6,770025.0,0,5,5525.92,1105.18,2465.41,967.11,0.9823,0,0.0,0,0.0,0,0.0,1,3,2,0,0,0
TXN_00001512,1821.54,7.507986411515762,5,5,14,1,1,1,0,0,0,1,0,1,0,120.78,4,885182.0,0,3,2679.44,893.15,1574.11,689.9,2.0395,0,0.0,0,0.0,0,0.0,1,2,1,1,1,1
TXN_00001214,344.97,5.846352066096299,5,5,14,1,1,0,1,0,0,0,1,0,1,59.9,6,1078399.0,0,5,17667.22,3533.44,5136.36,1631.62,0.0976,0,0.0,0,0.0,0,0.0,1,2,0,0,1,0
TXN_00001359,77.29,4.360419880919823,6,5,14,1,0,0,1,0,0,1,0,0,1,348.48,3,2481913.0,0,2,3373.97,1686.99,1832.52,205.82,0.0458,0,0.0,0,0.0,0,0.0,1,2,2,1,0,0
TXN_00001206,498.08,6.212766403542821,7,5,14,1,0,1,0,0,0,0,1,1,0,120.87,5,8197.0,0,4,4500.98,1125.24,1821.54,729.92,0.4426,0,0.0,1,1821.54,1,1821.54,2,3,2,0,0,1
TXN_00000070,24800.0,10.118639253920785,7,5,14,1,0,1,0,0,1,0,0,1,0,52.17,3,61200.0,0,2,98000.0,49000.0,49000.0,0.0,0.5061,0,0.0,2,98000.0,2,98000.0,1,1,1,0,0,0
TXN_00000071,49000.0,10.799595985047786,8,5,14,1,0,1,0,0,1,0,0,1,0,52.21,4,3600.0,0,3,122800.0,40933.33,49000.0,13971.88,1.1971,1,24800.0,3,122800.0,3,122800.0,1,1,1,0,0,0
TXN_00000909,420.72,6.044341586708749,9,5,14,1,0,0,1,1,0,0,0,0,1,293.41,4,2624908.0,0,3,2363.79,787.93,1460.21,649.7,0.534,0,0.0,0,0.0,0,0.0,1,1,1,1,1,0
TXN_00001571,1424.51,7.262284923410548,12,5,14,1,0,0,1,1,0,0,0,0,1,218.28,7,354496.0,0,6,7474.66,1245.78,3758.5,1242.98,1.1435,0,0.0,0,0.0,2,1473.51,2,2,2,0,0,0
TXN_00001773,90.66,4.518086079080978,13,5,14,1,0,1,0,1,0,0,0,1,0,170.21,7,83487.0,0,6,9566.55,1594.43,3133.01,1087.09,0.0569,0,0.0,1,523.79,2,2959.42,1,2,4,0,0,1
TXN_00001607,803.63,6.690382544428353,14,5,14,1,0,1,0,1,0,0,0,1,0,265.43,2,1713564.0,0,1,318.14,318.14,318.14,0.0,2.526,0,0.0,0,0.0,0,0.0,1,1,0,0,0,1
TXN_00000472,1828.71,7.511912763332423,14,5,14,1,0,1,0,0,0,0,1,1,0,56.18,5,120599.0,0,4,2567.89,641.97,1167.64,445.98,2.8486,0,0.0,0,0.0,2,544.13,2,2,2,0,1,1
TXN_00000801,749.63,6.6209128539278,15,5,14,1,0,1,0,0,0,1,0,1,0,89.63,3,1298865.0,0,2,3308.35,1654.17,2951.06,1834.07,0.4532,0,0.0,0,0.0,0,0.0,1,1,1,0,0,1
TXN_00000910,1396.51,7.242447360638716,15,5,14,1,0,1,0,1,0,0,0,1,0,64.99,3,497299.0,0,2,1887.31,943.65,1346.77,570.09,1.4799,0,0.0,0,0.0,1,540.54,1,1,1,0,0,1
TXN_00000236,3500.0,8.160803920954665,15,5,14,1,0,0,1,0,0,1,0,0,1,58.7,2,3451706.0,0,1,1250.0,1250.0,1250.0,0.0,2.8,0,0.0,0,0.0,0,0.0,1,1,0,0,0,0
TXN_00001254,425.81,6.056338949331185,15,5,14,1,0,0,1,1,0,0,0,0,1,70.87,8,108268.0,0,7,16031.6,2290.23,4677.36,1763.27,0.1859,0,0.0,0,0.0,3,5781.01,2,2,1,0,0,0
TXN_00000429,1640.14,7.4031464012841015,21,5,14,1,0,0,1,0,0,1,0,0,1,78.37,5,180281.0,0,4,3474.82,868.71,1248.12,393.98,1.888,0,0.0,0,0.0,1,1166.63,1,1,3,0,0,0
TXN_00000991,67.17,4.222004585374694,21,5,14,1,0,1,0,1,0,0,0,1,0,100.33,5,400364.0,0,4,4164.34,1041.09,1707.61,535.89,0.0645,0,0.0,0,0.0,2,2532.72,2,2,1,0,0,1
TXN_00000620,2384.04,7.776971174670272,22,5,14,1,0,0,1,0,0,0,1,0,1,218.69,8,35716.0,0,7,8899.17,1271.31,3758.5,1136.69,1.8753,0,0.0,1,1424.51,3,2898.02,2,2,2,0,0,0
TXN_00001331,1645.32,7.406297773034294,23,5,14,1,0,0,1,0,0,1,0,0,1,61.81,4,1519309.0,0,3,6056.9,2018.97,4084.74,1789.02,0.8149,0,0.0,0,0.0,0,0.0,1,2,1,0,0,0
TXN_00000347,216.9,5.384036241950574,23,5,14,1,0,0,1,1,0,0,0,0,1,250.96,3,2281158.0,0,2,3268.67,1634.34,2461.37,1169.6,0.1327,0,0.0,0,0.0,0,0.0,1,1,2,0,0,0
TXN_00000262,450.0,6.111467339502679,1,6,15,1,1,1,0,0,0,1,0,1,0,62.89,2,3024520.0,0,1,5000.0,5000.0,5000.0,0.0,0.09,0,0.0,0,0.0,0,0.0,1,1,1,0,0,0
TXN_00000054,24800.0,10.118639253920785,2,6,15,1,1,1,0,0,1,0,0,1,0,181.19,1,-1.0,1,0,0.0,0.0,0.0,0.0,1.0,0,0.0,0,0.0,0,0.0,0,0,0,1,1,1
TXN_00001116,1937.6,7.569721342058507,3,6,15,1,1,0,1,1,0,0,0,0,1,151.18,7,1038656.0,0,6,7409.72,1234.95,2266.24,948.46,1.569,0,0.0,0,0.0,0,0.0,2,1,2,0,0,0
TXN_00001766,1060.09,6.967051960652684,4,6,15,1,1,0,1,0,0,0,1,0,1,271.06,6,1541615.0,0,5,3993.93,798.79,1824.58,640.94,1.3271,0,0.0,0,0.0,0,0.0,2,1,3,0,0,0
TXN_00000690,371.79,5.921015258417331,4,6,15,1,1,1,0,0,0,0,1,1,0,63.7,5,1075811.0,0,4,7556.73,1889.18,2866.79,1139.98,0.1968,0,0.0,0,0.0,0,0.0,1,3,1,0,0,1
TXN_00001816,459.74,6.132833892570507,4,6,15,1,1,0,1,1,0,0,0,0,1,98.4,2,1764453.0,0,1,1039.64,1039.64,1039.64,0.0,0.4422,0,0.0,0,0.0,0,0.0,1,1,0,0,0,0
TXN_00000329,938.25,6.845081684454079,4,6,15,1,1,1,0,0,0,1,0,1,0,94.35,3,585989.0,0,2,1031.08,515.54,712.06,277.92,1.8199,0,0.0,0,0.0,1,319.02,2,1,0,0,0,1
TXN_00001314,4737.82,8.463543438549456,8,6,15,1,0,0,1,1,0,0,0,0,1,61.37,6,155091.0,0,5,4724.21,944.84,1571.29,483.12,5.0144,0,0.0,0,0.0,1,876.05,2,3,2,0,0,0
TXN_00000354,463.23,6.140380119067894,8,6,15,1,0,0,1,1,0,0,0,0,1,100.81,6,41948.0,0,5,4231.51,846.3,1707.61,636.46,0.5474,0,0.0,1,67.17,3,2599.89,2,2,2,0,0,0
TXN_00000821,166.17,5.119011258714539,9,6,15,1,0,0,1,0,0,0,1,0,1,50.24,5,1613448.0,0,4,6835.28,1708.82,2174.36,497.9,0.0972,0,0.0,0,0.0,0,0.0,2,2,1,0,0,0
TXN_00001051,831.09,6.7239406080478465,10,6,15,1,0,0,1,0,0,1,0,0,1,203.89,5,672162.0,0,4,8372.56,2093.14,5561.31,2365.12,0.3971,0,0.0,0,0.0,0,0.0,1,1,1,0,0,0
TXN_00001103,5006.54,8.518700055526041,10,6,15,1,0,0,1,0,0,0,1,0,1,72.29,3,250816.0,0,2,2775.18,1387.59,2587.38,1696.76,3.6081,0,0.0,0,0.0,1,2587.38,1,2,0,0,0,0
TXN_00001072,1967.23,7.584889940702141,10,6,15,1,0,0,1,0,0,1,0,0,1,145.16,4,152457.0,0,3,7003.57,2334.52,5246.05,2600.93,0.8427,0,0.0,0,0.0,1,1516.79,1,2,0,1,0,0
TXN_00000643,215.09,5.375694987569381,10,6,15,1,0,1,0,0,0,1,0,1,0,99.42,4,805934.0,0,3,7471.23,2490.41,5184.64,2408.45,0.0864,0,0.0,0,0.0,0,0.0,1,1,2,0,1,1
TXN_00000964,1364.89,7.219561509801872,11,6,15,1,0,0,1,0,0,1,0,0,1,49.41,4,307916.0,0,3,734.78,244.93,397.89,148.22,5.5726,0,0.0,0,0.0,1,101.96,1,1,0,1,0,0
TXN_00000633,1756.13,7.471437075205255,11,6,15,1,0,0,1,0,0,0,1,0,1,244.45,7,526798.0,0,6,9592.64,1598.77,6621.21,2484.36,1.0984,0,0.0,0,0.0,1,282.85,1,2,4,0,0,0
TXN_00000264,1250.0,7.1316985104669115,12,6,15,1,0,1,0,1,0,0,0,1,0,63.36,3,40365.0,0,2,5450.0,2725.0,5000.0,3217.34,0.4587,0,0.0,1,450.0,1,450.0,1,1,1,0,0,0
TXN_00001494,4690.45,8.453496982101107,14,6,15,1,0,0,1,1,0,0,0,0,1,197.72,4,146053.0,0,3,1716.34,572.11,785.72,320.04,8.1985,0,0.0,0,0.0,1,726.47,1,1,2,0,0,0
TXN_00000056,48500.0,10.789339695269716,14,6,15,1,0,1,0,0,1,0,0,1,0,181.69,2,43200.0,0,1,24800.0,24800.0,24800.0,0.0,1.9556,0,0.0,1,24800.0,1,24800.0,1,1,1,0,0,0
TXN_00000245,1250.0,7.1316985104669115,15,6,15,1,0,0,1,0,0,0,1,0,1,139.82,6,1053399.0,0,5,3297.0,659.4,899.0,344.8,1.8957,0,0.0,0,0.0,0,0.0,1,1,0,0,0,0
TXN_00001110,192.41,5.2648122879906385,16,6,15,1,0,1,0,1,0,0,0,1,0,112.7,4,3168421.0,0,3,5972.45,1990.82,4778.94,2450.85,0.0966,0,0.0,0,0.0,0,0.0,2,2,1,0,0,1
TXN_00001393,1617.63,7.389335391425858,16,6,15,1,0,0,1,0,0,1,0,0,1,107.94,6,1370221.0,0,5,4015.28,803.06,2554.66,1002.24,2.0143,0,0.0,0,0.0,0,0.0,3,2,1,0,1,0
TXN_00000488,389.14,5.966505649066787,16,6,15,1,0,0,1,1,0,0,0,0,1,96.7,2,282896.0,0,1,760.37,760.37,760.37,0.0,0.5118,0,0.0,0,0.0,1,760.37,1,1,0,0,0,0
TXN_00000055,24800.0,10.118639253920785,17,6,15,1,0,1,0,0,1,0,0,1,0,181.82,3,10800.0,0,2,73300.0,36650.0,48500.0,16758.43,0.6767,0,0.0,2,73300.0,2,73300.0,1,1,1,0,0,0
TXN_00000508,206.3,5.334167019441734,19,6,15,1,0,0,1,0,0,0,1,0,1,55.95,3,963735.0,0,2,3590.68,1795.34,3233.95,2034.5,0.1149,0,0.0,0,0.0,0,0.0,1,1,1,0,0,0
TXN_00001424,913.58,6.818464943501805,20,6,15,1,0,0,1,1,0,0,0,0,1,211.83,3,1043637.0,0,2,3742.52,1871.26,2618.82,1057.21,0.4882,0,0.0,0,0.0,0,0.0,1,2,1,1,0,0
TXN_00000924,2643.3,7.88016165898278,20,6,15,1,0,0,1,0,0,1,0,0,1,119.18,4,257966.0,0,3,5052.45,1684.15,3258.05,1366.63,1.5695,0,0.0,0,0.0,1,798.15,1,2,0,0,1,0
TXN_00001964,965.35,6.873526087431477,21,6,15,1,0,1,0,1,0,0,0,1,0,244.18,3,1681489.0,0,2,2355.41,1177.7,2184.41,1423.7,0.8197,0,0.0,0,0.0,0,0.0,1,1,0,0,0,1
TXN_00000407,740.07,6.6080950877709395,21,6,15,1,0,0,1,1,0,0,0,0,1,68.76,2,611726.0,0,1,1126.41,1126.41,1126.41,0.0,0.657,0,0.0,0,0.0,0,0.0,1,1,0,0,0,0
TXN_00000487,963.56,6.871672038809055,22,6,15,1,0,0,1,0,0,0,1,0,1,374.71,5,317556.0,0,4,2915.92,728.98,889.1,178.93,1.3218,0,0.0,0,0.0,1,682.06,1,1,1,0,0,0
TXN_00001434,162.69,5.097974395156263,23,6,15,1,0,1,0,0,0,1,0,1,0,115.16,4,447451.0,0,3,6499.73,2166.58,2973.63,947.05,0.0751,0,0.0,0,0.0,1,1123.99,1,1,0,0,0,1
TXN_00000813,1211.85,7.10072824095123,0,0,16,0,1,1,0,1,0,0,0,1,0,271.9,7,72619.0,0,6,5054.02,842.34,1824.58,583.12,1.4387,0,0.0,1,1060.09,1,1060.09,2,1,3,0,0,0
TXN_00000961,1362.49,7.217802868192009,2,0,16,0,1,1,0,1,0,0,0,1,0,245.51,5,1167674.0,0,4,3527.81,881.95,2571.71,1136.04,1.5449,0,0.0,0,0.0,0,0.0,3,1,1,0,0,1
TXN_00000057,49000.0,10.799595985047786,2,0,16,0,1,1,0,0,1,0,0,1,0,182.19,4,32400.0,0,3,98100.0,32700.0,48500.0,13683.2,1.4985,0,0.0,3,98100.0,3,98100.0,1,1,1,0,0,0
TXN_00001170,1334.56,7.197105958534464,2,0,16,0,1,0,1,1,0,0,0,0,1,107.32,3,2548230.0,0,2,1240.79,620.39,675.75,78.28,2.1511,0,0.0,0,0.0,0,0.0,1,1,1,0,0,0
TXN_00001216,5474.05,8.607956687063092,3,0,16,0,1,0,1,1,0,0,0,0,1,136.87,7,420408.0,0,6,6360.73,1060.12,2227.17,791.68,5.1636,0,0.0,0,0.0,1,1170.82,1,1,1,0,0,0
TXN_00000687,368.6,5.912421339767529,3,0,16,0,1,0,1,1,0,0,0,0,1,99.33,3,79963.0,0,2,1499.38,749.69,1039.64,410.05,0.4917,0,0.0,1,459.74,1,459.74,1,1,0,1,0,0
TXN_00000283,5000.0,8.517393171418904,6,0,16,0,0,0,1,0,0,1,0,0,1,212.54,3,2321722.0,0,2,3650.0,1825.0,3500.0,2368.81,2.7397,0,0.0,0,0.0,0,0.0,1,1,0,0,0,0
TXN_00000680,86.8,4.475061500641071,7,0,16,0,0,1,0,0,0,1,0,1,0,100.12,2,3198760.0,0,1,761.2,761.2,761.2,0.0,0.114,0,0.0,0,0.0,0,0.0,1,1,0,1,0,1
TXN_00000989,1324.43,7.18949221407429,7,0,16,0,0,1,0,1,0,0,0,1,0,307.8,5,1392660.0,0,4,2592.04,648.01,1417.89,533.46,2.0438,0,0.0,0,0.0,0,0.0,1,3,1,0,0,1
TXN_00000297,150.0,5.017279836814924,10,0,16,0,0,0,1,1,0,0,0,0,1,64.25,4,689725.0,0,3,4549.0,1516.33,3500.0,1758.25,0.0989,0,0.0,0,0.0,0,0.0,1,1,0,0,0,0
TXN_00000760,2010.17,7.606471921256951,11,0,16,0,0,0,1,1,0,0,0,0,1,312.07,3,1395795.0,0,2,2699.59,1349.8,2505.83,1634.88,1.4892,0,0.0,0,0.0,0,0.0,2,1,0,1,1,0
TXN_00001360,127.32,4.8545271441182045,12,0,16,0,0,1,0,0,0,0,1,1,0,160.38,4,875653.0,0,3,7357.83,2452.61,5282.86,2499.59,0.0519,0,0.0,0,0.0,0,0.0,3,1,1,0,0,1
TXN_00000853,832.92,6.726137474496426,13,0,16,0,0,0,1,0,0,1,0,0,1,102.51,6,353480.0,0,5,6714.32,1342.86,3416.58,1246.96,0.6203,0,0.0,0,0.0,2,899.05,1,1,2,0,0,0
TXN_00000290,1250.0,7.1316985104669115,13,0,16,0,0,0,1,1,0,0,0,0,1,294.36,4,1383452.0,0,3,3399.0,1133.0,1250.0,202.65,1.1033,0,0.0,0,0.0,0,0.0,1,1,0,0,0,0
TXN_00000370,2082.81,7.64195322789161,16,0,16,0,0,0,1,0,0,1,0,0,1,263.75,4,1269336.0,0,3,3417.71,1139.24,2059.96,812.12,1.8283,0,0.0,0,0.0,0,0.0,1,1,2,1,0,0
TXN_00001833,1994.36,7.598579764172437,19,0,16,0,0,0,1,1,0,0,0,0,1,268.52,8,334983.0,0,7,6541.3,934.47,3053.69,1086.4,2.1342,0,0.0,0,0.0,1,313.66,2,2,3,1,0,0
TXN_00001814,1551.67,7.347731308618012,19,0,16,0,0,0,1,1,0,0,0,0,1,49.53,4,1530360.0,0,3,5745.41,1915.14,2149.51,263.75,0.8102,0,0.0,0,0.0,0,0.0,3,1,0,0,0,0
TXN_00000842,158.97,5.0749862976535045,19,0,16,0,0,0,1,1,0,0,0,0,1,91.18,1,-1.0,1,0,0.0,0.0,0.0,0.0,1.0,0,0.0,0,0.0,0,0.0,0,0,0,1,1,0
TXN_00001989,59.68,4.105614154480332,19,0,16,0,0,0,1,0,0,1,0,0,1,66.49,5,871431.0,0,4,4873.03,1218.26,2815.57,1244.4,0.049,0,0.0,0,0.0,0,0.0,1,1,2,0,0,0
TXN_00001065,3264.34,8.091119171051517,19,0,16,0,0,0,1,1,0,0,0,0,1,74.1,4,546041.0,0,3,7172.65,2390.88,4842.69,2195.44,1.3653,0,0.0,0,0.0,1,4842.69,2,1,0,0,0,0
TXN_00001985,217.5,5.3867860145356445,20,0,16,0,0,0,1,1,0,0,0,0,1,217.48,5,1283136.0,0,4,3177.97,794.49,1476.77,544.21,0.2738,0,0.0,0,0.0,0,0.0,2,1,1,0,0,0
TXN_00001134,1011.95,6.920622144688961,21,0,16,0,0,1,0,1,0,0,0,1,0,251.7,8,872139.0,0,7,8698.57,1242.65,3837.51,1492.11,0.8143,0,0.0,0,0.0,0,0.0,2,4,4,0,0,1
TXN_00001771,263.89,5.579314645471096,23,0,16,0,0,1,0,1,0,0,0,1,0,60.69,6,942666.0,0,5,1988.0,397.6,801.44,328.5,0.6637,0,0.0,0,0.0,0,0.0,3,2,2,0,0,1
TXN_00001569,1352.45,7.210412167108619,0,1,17,0,1,0,1,0,0,1,0,0,1,68.25,2,3595528.0,0,1,1443.91,1443.91,1443.91,0.0,0.9367,0,0.0,0,0.0,0,0.0,1,1,0,0,1,0
TXN_00001421,59.37,4.100492292808335,1,1,17,0,1,0,1,1,0,0,0,0,1,79.94,2,389346.0,0,1,3649.74,3649.74,3649.74,0.0,0.0163,0,0.0,0,0.0,1,3649.74,1,1,0,1,0,0
TXN_00000834,134.85,4.911551335872357,2,1,17,0,1,0,1,1,0,0,0,0,1,203.05,4,291930.0,0,3,6513.25,2171.08,5158.49,2641.65,0.0621,0,0.0,0,0.0,1,1211.11,2,1,1,0,0,0
TXN_00001928,1090.15,6.994987464925009,2,1,17,0,1,1,0,1,0,0,0,1,0,106.67,3,1802922.0,0,2,4854.98,2427.49,4534.42,2979.65,0.4491,0,0.0,0,0.0,0,0.0,1,1,0,0,0,1
TXN_00001080,684.66,6.530381878040156,3,1,17,0,1,1,0,0,0,1,0,1,0,245.12,4,2203804.0,0,3,3974.17,1324.72,1865.92,656.39,0.5168,0,0.0,0,0.0,0,0.0,2,1,2,0,1,1
TXN_00000525,1340.3,7.201394571908045,6,1,17,0,0,0,1,0,0,1,0,0,1,184.66,5,586067.0,0,4,5361.49,1340.37,3746.02,1702.65,0.9999,0,0.0,0,0.0,1,125.55,3,1,3,0,1,0
TXN_00001158,1216.42,7.104489144378961,7,1,17,0,0,0,1,0,0,0,1,0,1,73.32,4,1689999.0,0,3,4584.33,1528.11,2705.69,1024.5,0.796,0,0.0,0,0.0,0,0.0,2,1,0,0,0,0
TXN_00001027,1697.99,7.437789235839425,11,1,17,0,0,0,1,0,0,0,1,0,1,239.22,3,2672395.0,0,2,3804.94,1902.47,3122.6,1725.52,0.8925,0,0.0,0,0.0,0,0.0,1,1,1,0,0,0
TXN_00000138,15000.0,9.61587214452889,12,1,17,0,0,1,0,0,1,0,0,1,0,72.01,1,-1.0,1,0,0.0,0.0,0.0,0.0,1.0,0,0.0,0,0.0,0,0.0,0,0,0,1,1,1
TXN_00000139,20000.0,9.90353755128617,12,1,17,0,0,1,0,0,1,0,0,1,0,72.01,2,60.0,0,1,15000.0,15000.0,15000.0,0.0,1.3333,1,15000.0,1,15000.0,1,15000.0,1,1,1,0,0,1
TXN_00000140,30000.0,10.308985993422082,12,1,17,0,0,1,0,0,1,0,0,1,0,72.01,3,180.0,0,2,35000.0,17500.0,20000.0,3535.53,1.7143,2,35000.0,2,35000.0,2,35000.0,1,1,2,0,0,1
TXN_00000141,15000.0,9.61587214452889,12,1,17,0,0,1,0,0,1,0,0,1,0,72.01,4,60.0,0,3,65000.0,21666.67,30000.0,7637.63,0.6923,3,65000.0,3,65000.0,3,65000.0,1,1,3,0,0,1
TXN_00000142,25000.0,10.12667110305036,12,1,17,0,0,1,0,0,1,0,0,1,0,139.25,1,-1.0,1,0,0.0,0.0,0.0,0.0,1.0,0,0.0,0,0.0,0,0.0,0,0,0,1,1,1
TXN_00000143,15000.0,9.61587214452889,12,1,17,0,0,1,0,0,1,0,0,1,0,139.25,2,120.0,0,1,25000.0,25000.0,25000.0,0.0,0.6,1,25000.0,1,25000.0,1,25000.0,1,1,1,0,0,1
TXN_00000144,20000.0,9.90353755128617,12,1,17,0,0,1,0,0,1,0,0,1,0,139.25,3,180.0,0,2,40000.0,20000.0,25000.0,7071.07,1.0,2,40000.0,2,40000.0,2,40000.0,1,1,2,0,0,1
TXN_00000145,25000.0,10.12667110305036,12,1,17,0,0,1,0,0,1,0,0,1,0,139.25,4,60.0,0,3,60000.0,20000.0,25000.0,5000.0,1.25,3,60000.0,3,60000.0,3,60000.0,1,1,3,0,0,1
TXN_00000146,25000.0,10.12667110305036,12,1,17,0,0,1,0,0,1,0,0,1,0,168.62,1,-1.0,1,0,0.0,0.0,0.0,0.0,1.0,0,0.0,0,0.0,0,0.0,0,0,0,1,1,1
TXN_00000147,15000.0,9.61587214452889,12,1,17,0,0,1,0,0,1,0,0,1,0,168.62,2,120.0,0,1,25000.0,25000.0,25000.0,0.0,0.6,1,25000.0,1,25000.0,1,25000.0,1,1,1,0,0,1
TXN_00000148,30000.0,10.308985993422082,13,1,17,0,0,1,0,0,1,0,0,1,0,168.62,3,60.0,0,2,40000.0,20000.0,25000.0,7071.07,1.5,2,40000.0,2,40000.0,2,40000.0,1,1,2,0,0,1
TXN_00000149,20000.0,9.90353755128617,13,1,17,0,0,1,0,0,1,0,0,1,0,168.62,4,120.0,0,3,70000.0,23333.33,30000.0,7637.63,0.8571,3,70000.0,3,70000.0,3,70000.0,1,1,3,0,0,1
TXN_00001583,1075.26,6.981247347220261,13,1,17,0,0,0,1,0,0,0,1,0,1,233.56,6,460979.0,0,5,1914.37,382.87,717.22,222.66,2.8084,0,0.0,0,0.0,1,433.32,2,1,2,0,0,0
TXN_00000317,3500.0,8.160803920954665,13,1,17,0,0,1,0,0,0,0,1,1,0,299.81,5,346497.0,0,4,4999.0,1249.75,2400.0,833.81,2.8006,0,0.0,0,0.0,1,450.0,1,1,1,0,0,0
TXN_00001136,538.72,6.291050486562587,15,1,17,0,0,0,1,1,0,0,0,0,1,72.86,5,791673.0,0,4,2513.11,628.28,1053.95,422.33,0.8575,0,0.0,0,0.0,0,0.0,1,1,0,0,0,0
TXN_00001225,674.57,6.515556778974358,15,1,17,0,0,0,1,1,0,0,0,0,1,297.88,4,1197072.0,0,3,2417.65,805.88,1459.49,577.49,0.8371,0,0.0,0,0.0,0,0.0,1,1,3,1,0,0
TXN_00001377,2080.88,7.641026610626237,15,1,17,0,0,1,0,1,0,0,0,1,0,74.95,5,73691.0,0,4,10436.99,2609.25,4842.69,1845.01,0.7975,0,0.0,1,3264.34,1,3264.34,2,1,0,0,0,1
TXN_00001007,2125.85,7.662397290851676,16,1,17,0,0,1,0,0,0,0,1,1,0,100.82,6,755821.0,0,5,5427.77,1085.55,1928.11,744.22,1.9583,0,0.0,0,0.0,0,0.0,2,2,2,1,0,1
TXN_00000281,899.0,6.802394763324311,16,1,17,0,0,0,1,0,0,1,0,0,1,55.44,4,2163986.0,0,3,5298.0,1766.0,3500.0,1501.69,0.5091,0,0.0,0,0.0,0,0.0,1,1,0,0,0,0
TXN_00001037,4521.42,8.41680252778187,17,1,17,0,0,0,1,0,0,0,1,0,1,200.68,3,882755.0,0,2,1752.21,876.11,1059.47,259.32,5.1608,0,0.0,0,0.0,0,0.0,1,2,0,0,0,0
TXN_00001907,72.65,4.299324142908639,18,1,17,0,0,1,0,1,0,0,0,1,0,70.34,4,2908381.0,0,3,3014.65,1004.88,2523.69,1316.23,0.0723,0,0.0,0,0.0,0,0.0,2,1,2,0,0,1
TXN_00000061,49000.0,10.799595985047786,18,1,17,0,0,1,0,0,1,0,0,1,0,154.4,1,-1.0,1,0,0.0,0.0,0.0,0.0,1.0,0,0.0,0,0.0,0,0.0,0,0,0,1,1,1
TXN_00000810,388.66,5.965274564017741,18,1,17,0,0,0,1,0,0,1,0,0,1,55.75,4,458794.0,0,3,2240.99,747.0,1297.06,515.51,0.5203,0,0.0,0,0.0,1,1297.06,3,1,1,1,0,0
TXN_00001851,650.39,6.47910854117379,19,1,17,0,0,0,1,1,0,0,0,0,1,50.84,4,877397.0,0,3,2474.03,824.68,1216.12,577.04,0.7887,0,0.0,0,0.0,0,0.0,2,1,0,0,1,0
TXN_00000598,1978.06,7.590377263485571,19,1,17,0,0,0,1,0,0,0,1,0,1,76.49,5,2205381.0,0,4,5952.04,1488.01,3659.16,1474.62,1.3293,0,0.0,0,0.0,0,0.0,2,2,2,1,1,0
TXN_00001577,595.63,6.391297155764441,23,1,17,0,0,0,1,0,0,0,1,0,1,224.11,5,394088.0,0,4,7022.13,1755.53,4981.93,2172.48,0.3393,0,0.0,0,0.0,1,339.35,1,3,2,0,1,0
TXN_00000552,1266.28,7.144628150380595,0,2,18,0,1,1,0,0,0,1,0,1,0,81.42,7,576141.0,0,6,12242.11,2040.35,4833.12,1938.59,0.6206,0,0.0,0,0.0,1,1206.52,2,3,2,0,0,1
TXN_00001107,1895.21,7.547612436175259,0,2,18,0,1,0,1,1,0,0,0,0,1,203.99,5,81053.0,0,4,6648.1,1662.02,5158.49,2385.11,1.1403,0,0.0,1,134.85,2,1345.96,2,1,1,1,0,0
TXN_00000392,2111.98,7.655854552355928,1,2,18,0,1,0,1,0,0,1,0,0,1,105.79,6,564254.0,0,5,7769.71,1553.94,3260.73,1399.04,1.3591,0,0.0,0,0.0,1,2827.36,1,2,1,0,0,0
TXN_00000062,49500.0,10.809748150372926,1,2,18,0,1,1,0,0,1,0,0,1,0,154.69,2,25200.0,0,1,49000.0,49000.0,49000.0,0.0,1.0102,0,0.0,1,49000.0,1,49000.0,1,1,1,0,0,0
TXN_00000973,3831.02,8.251147358283811,2,2,18,0,1,0,1,1,0,0,0,0,1,120.57,7,410730.0,0,6,3359.74,559.96,1026.28,417.92,6.8416,0,0.0,0,0.0,3,2004.32,3,1,1,0,0,0
TXN_00001422,1622.15,7.392123984685767,2,2,18,0,1,0,1,0,0,1,0,0,1,101.94,3,157489.0,0,2,848.0,424.0,761.2,476.87,3.8258,0,0.0,0,0.0,1,86.8,2,1,1,1,0,0
TXN_00001609,921.38,6.826957286152563,3,2,18,0,1,0,1,0,0,0,1,0,1,124.69,6,330167.0,0,5,4999.06,999.81,1821.54,691.56,0.9216,0,0.0,0,0.0,2,2319.62,2,3,3,0,0,0
TXN_00001390,562.66,6.334451232839416,4,2,18,0,1,1,0,1,0,0,0,1,0,59.25,3,2577685.0,0,2,3585.62,1792.81,3530.34,2457.24,0.3138,0,0.0,0,0.0,0,0.0,1,2,0,0,0,1
TXN_00000861,1763.33,7.475526293900354,5,2,18,0,1,0,1,0,0,1,0,0,1,154.13,5,765475.0,0,4,5713.48,1428.37,2357.89,949.35,1.2345,0,0.0,0,0.0,0,0.0,2,1,1,0,0,0
TXN_00001654,506.18,6.228865970168891,6,2,18,0,0,0,1,0,0,0,1,0,1,328.48,3,1389798.0,0,2,427.34,213.67,302.06,125.0,2.369,0,0.0,0,0.0,0,0.0,2,1,2,0,0,0
TXN_00000722,747.92,6.618632168733952,10,2,18,0,0,0,1,1,0,0,0,0,1,204.4,6,34982.0,0,5,8543.31,1708.66,5158.49,2068.2,0.4377,0,0.0,1,1895.21,3,3241.17,3,1,1,0,0,0
TXN_00001343,4028.53,8.301405022829295,11,2,18,0,0,0,1,0,0,0,1,0,1,53.34,5,1471010.0,0,4,3892.64,973.16,1594.42,491.22,4.1396,0,0.0,0,0.0,0,0.0,1,3,2,0,0,0
TXN_00001445,797.46,6.682684872474213,11,2,18,0,0,0,1,1,0,0,0,0,1,73.12,3,1487848.0,0,2,6767.29,3383.64,6463.43,4355.47,0.2357,0,0.0,0,0.0,0,0.0,1,1,1,1,0,0
TXN_00001643,876.91,6.777544082686288,11,2,18,0,0,0,1,1,0,0,0,0,1,108.98,2,4040379.0,0,1,1363.54,1363.54,1363.54,0.0,0.6431,0,0.0,0,0.0,0,0.0,1,1,0,0,1,0
TXN_00000410,690.07,6.5382411210971245,11,2,18,0,0,0,1,1,0,0,0,0,1,323.65,7,1353407.0,0,6,6182.63,1030.44,2001.62,694.01,0.6697,0,0.0,0,0.0,0,0.0,1,4,1,0,0,0
TXN_00001187,1188.02,7.0808847174071765,11,2,18,0,0,0,1,1,0,0,0,0,1,85.48,7,643593.0,0,6,7331.95,1221.99,2760.78,999.94,0.9722,0,0.0,0,0.0,0,0.0,1,3,1,0,0,0
TXN_00001233,444.25,6.0986359221697715,12,2,18,0,0,0,1,0,0,0,1,0,1,132.33,5,375314.0,0,4,3918.42,979.61,2150.63,803.91,0.4535,0,0.0,0,0.0,1,2150.63,1,2,0,0,0,0
TXN_00000063,24500.0,10.106469212026385,12,2,18,0,0,1,0,0,1,0,0,1,0,155.15,3,39600.0,0,2,98500.0,49250.0,49500.0,353.55,0.4975,0,0.0,2,98500.0,2,98500.0,1,1,1,0,0,0
TXN_00000286,2400.0,7.783640596221253,13,2,18,0,0,0,1,1,0,0,0,0,1,214.83,4,198167.0,0,3,8650.0,2883.33,5000.0,2483.11,0.8324,0,0.0,0,0.0,1,5000.0,1,1,0,0,0,0
TXN_00001737,76.36,4.348469851145039,13,2,18,0,0,0,1,0,0,1,0,0,1,109.51,4,983524.0,0,3,5386.91,1795.64,2317.48,773.96,0.0425,0,0.0,0,0.0,0,0.0,1,2,0,0,0,0
TXN_00000577,2036.41,7.619434672360275,13,2,18,0,0,0,1,0,0,1,0,0,1,68.55,2,783243.0,0,1,1785.03,1785.03,1785.03,0.0,1.1408,0,0.0,0,0.0,0,0.0,1,1,0,1,0,0
TXN_00001591,200.77,5.307128434826587,14,2,18,0,0,0,1,1,0,0,0,0,1,149.46,2,3883455.0,0,1,882.4,882.4,882.4,0.0,0.2275,0,0.0,0,0.0,0,0.0,1,1,0,1,0,0
TXN_00001429,178.11,5.1880001422371675,14,2,18,0,0,0,1,0,0,1,0,0,1,82.88,4,1186757.0,0,3,2935.89,978.63,1589.35,755.25,0.182,0,0.0,0,0.0,0,0.0,1,1,0,0,1,0
TXN_00000234,899.0,6.802394763324311,14,2,18,0,0,0,1,0,0,1,0,0,1,62.68,3,343277.0,0,2,4750.0,2375.0,3500.0,1590.99,0.3785,0,0.0,0,0.0,1,3500.0,1,1,0,0,0,0
TXN_00000752,157.97,5.06871550517278,15,2,18,0,0,1,0,0,0,1,0,1,0,60.2,6,347208.0,0,5,4396.6,879.32,1828.71,656.39,0.1797,0,0.0,0,0.0,2,2121.49,2,3,3,0,0,1
TXN_00001033,3112.78,8.043592701214843,15,2,18,0,0,0,1,1,0,0,0,0,1,82.6,2,1789858.0,0,1,236.61,236.61,236.61,0.0,13.1557,0,0.0,0,0.0,0,0.0,1,1,0,1,1,0
TXN_00000251,450.0,6.111467339502679,17,2,18,0,0,0,1,0,0,1,0,0,1,116.76,5,441375.0,0,4,3400.0,850.0,1250.0,461.88,0.5294,0,0.0,0,0.0,1,1250.0,1,1,0,0,0,0
TXN_00000652,391.09,5.9714914052750245,17,2,18,0,0,1,0,1,0,0,0,1,0,167.49,3,586699.0,0,2,2025.35,1012.67,1254.04,341.34,0.3862,0,0.0,0,0.0,1,1254.04,1,2,2,0,0,1
TXN_00001066,333.04,5.811260746285028,17,2,18,0,0,0,1,0,0,0,1,0,1,60.24,3,1678643.0,0,2,2117.43,1058.71,1693.55,897.79,0.3146,0,0.0,0,0.0,0,0.0,1,1,2,0,0,0
TXN_00001899,814.32,6.703580674215529,19,2,18,0,0,0,1,1,0,0,0,0,1,62.24,6,801557.0,0,5,4293.87,858.77,1097.74,365.19,0.9482,0,0.0,0,0.0,0,0.0,3,1,1,0,0,0
TXN_00001166,588.37,6.37905416978864,19,2,18,0,0,0,1,1,0,0,0,0,1,120.48,7,1983768.0,0,6,13262.01,2210.34,7651.4,3161.4,0.2662,0,0.0,0,0.0,0,0.0,2,1,2,0,0,0
TXN_00001304,587.31,6.377254019856149,20,2,18,0,0,0,1,1,0,0,0,0,1,84.92,5,1766801.0,0,4,5083.52,1270.88,2942.92,1210.81,0.4621,0,0.0,0,0.0,0,0.0,2,2,0,0,0,0
TXN_00000705,572.6,6.35193228928541,0,3,19,0,1,0,1,0,0,0,1,0,1,88.75,5,1154296.0,0,4,2161.52,540.38,1552.22,678.79,1.0596,0,0.0,0,0.0,0,0.0,2,2,2,0,1,0
TXN_00001038,6015.2,8.702211109757934,0,3,19,0,1,1,0,1,0,0,0,1,0,146.31,2,4090172.0,0,1,2461.06,2461.06,2461.06,0.0,2.4442,0,0.0,0,0.0,0,0.0,1,1,0,0,1,1
TXN_00001516,659.83,6.49349662069198,0,3,19,0,1,1,0,0,0,0,1,1,0,241.08,3,865810.0,0,2,117.99,58.99,64.08,7.19,11.1845,0,0.0,0,0.0,0,0.0,2,1,1,0,0,1
TXN_00001106,474.97,6.165354827035164,2,3,19,0,1,0,1,1,0,0,0,0,1,76.13,4,782687.0,0,3,2232.37,744.12,1003.35,256.86,0.6383,0,0.0,0,0.0,0,0.0,2,1,2,0,0,0
TXN_00000397,582.17,6.368478739042131,2,3,19,0,1,1,0,0,0,0,1,1,0,100.91,4,998241.0,0,3,1687.1,562.37,775.75,365.04,1.0352,0,0.0,0,0.0,0,0.0,1,1,1,1,0,1
TXN_00001373,528.33,6.271612055889925,3,3,19,0,1,0,1,0,0,0,1,0,1,82.06,5,813125.0,0,4,3286.27,821.57,2314.04,998.83,0.6431,0,0.0,0,0.0,0,0.0,1,1,2,0,0,0
TXN_00001694,53.94,4.006241680667128,3,3,19,0,1,0,1,0,0,1,0,0,1,104.58,2,954362.0,0,1,1186.87,1186.87,1186.87,0.0,0.0454,0,0.0,0,0.0,0,0.0,1,1,0,0,0,0
TXN_00001222,430.29,6.066780717667407,3,3,19,0,1,0,1,1,0,0,0,0,1,65.82,5,774523.0,0,4,4815.84,1203.96,1875.38,494.82,0.3574,0,0.0,0,0.0,0,0.0,1,2,1,0,1,0
TXN_00001525,467.61,6.149770866008183,4,3,19,0,1,0,1,0,0,1,0,0,1,111.42,7,300937.0,0,6,5632.91,938.82,2554.66,956.12,0.4981,0,0.0,0,0.0,1,1617.63,3,3,1,0,0,0
TXN_00000601,120.02,4.795955821194175,5,3,19,0,1,0,1,1,0,0,0,0,1,128.05,4,2327963.0,0,3,4250.74,1416.91,3558.0,1854.24,0.0847,0,0.0,0,0.0,0,0.0,2,2,0,0,0,0
TXN_00000382,3094.31,8.037643341653752,5,3,19,0,1,1,0,1,0,0,0,1,0,135.2,2,1467218.0,0,1,307.86,307.86,307.86,0.0,10.051,0,0.0,0,0.0,0,0.0,1,1,0,0,0,1
TXN_00001709,566.81,6.341786855718937,6,3,19,0,0,1,0,0,0,1,0,1,0,233.29,5,1067402.0,0,4,1413.57,353.39,511.95,131.85,1.6039,0,0.0,0,0.0,0,0.0,1,3,3,0,0,1
TXN_00000779,879.57,6.78056942506021,7,3,19,0,0,1,0,0,0,0,1,1,0,89.04,6,25191.0,0,5,2734.12,546.82,1552.22,588.03,1.6085,0,0.0,1,572.6,1,572.6,2,3,2,0,0,1
TXN_00001334,717.15,6.576678460877832,7,3,19,0,0,1,0,1,0,0,0,1,0,57.85,2,2350123.0,0,1,2157.69,2157.69,2157.69,0.0,0.3324,0,0.0,0,0.0,0,0.0,1,1,0,0,0,1
TXN_00001306,612.94,6.419897203502538,8,3,19,0,0,0,1,0,0,1,0,0,1,308.4,2,1577713.0,0,1,4150.37,4150.37,4150.37,0.0,0.1477,0,0.0,0,0.0,0,0.0,1,1,1,1,0,0
TXN_00001552,586.06,6.375127029255301,8,3,19,0,0,0,1,1,0,0,0,0,1,87.46,2,1003387.0,0,1,207.44,207.44,207.44,0.0,2.8252,0,0.0,0,0.0,0,0.0,1,1,0,0,1,0
TXN_00000825,806.87,6.694401154487627,9,3,19,0,0,1,0,0,0,0,1,1,0,108.95,4,196738.0,0,3,5945.13,1981.71,4534.42,2243.95,0.4072,0,0.0,0,0.0,1,1090.15,1,1,1,0,0,1
TXN_00001328,1086.84,6.991949357778149,10,3,19,0,0,1,0,1,0,0,0,1,0,149.19,5,347907.0,0,4,8970.8,2242.7,5246.05,2131.57,0.4846,0,0.0,0,0.0,2,3484.02,2,2,0,0,1,1
TXN_00000617,144.83,4.982441559725474,11,3,19,0,0,1,0,1,0,0,0,1,0,71.46,6,2590680.0,0,5,4295.86,859.17,2233.93,1002.44,0.1686,0,0.0,0,0.0,0,0.0,1,3,3,0,0,1
TXN_00001908,1521.57,7.328154975538636,11,3,19,0,0,0,1,1,0,0,0,0,1,191.12,1,-1.0,1,0,0.0,0.0,0.0,0.0,1.0,0,0.0,0,0.0,0,0.0,0,0,0,1,1,0
TXN_00001959,198.69,5.2967661640553,11,3,19,0,0,1,0,0,0,1,0,1,0,89.23,7,15866.0,0,6,3613.69,602.28,1552.22,543.21,0.3299,0,0.0,2,1452.17,2,1452.17,2,3,3,0,0,1
TXN_00001979,601.77,6.4015356977633875,11,3,19,0,0,0,1,1,0,0,0,0,1,92.76,6,1774583.0,0,5,2685.74,537.15,1257.55,441.72,1.1203,0,0.0,0,0.0,0,0.0,1,3,1,0,0,0
TXN_00000859,627.14,6.442763071559319,12,3,19,0,0,0,1,1,0,0,0,0,1,137.06,4,1536470.0,0,3,5406.75,1802.25,4475.54,2329.23,0.348,0,0.0,0,0.0,0,0.0,1,2,1,0,0,0
TXN_00000432,2810.43,7.941448529680883,13,3,19,0,0,1,0,0,0,1,0,1,0,98.69,4,374653.0,0,3,1969.33,656.44,938.25,313.34,4.2813,0,0.0,0,0.0,1,938.25,2,1,1,0,0,1
TXN_00000868,345.65,5.8483156253885,14,3,19,0,0,1,0,0,0,0,1,1,0,59.51,8,590880.0,0,7,8394.45,1199.21,2493.72,833.34,0.2882,0,0.0,0,0.0,1,1328.67,3,2,2,0,0,0
TXN_00000463,1035.76,6.94385574460686,17,3,19,0,0,1,0,0,0,1,0,1,0,128.22,3,639668.0,0,2,4580.31,2290.15,3044.54,1066.86,0.4523,0,0.0,0,0.0,0,0.0,2,1,0,0,0,1
TXN_00001232,1067.94,6.974422782228151,17,3,19,0,0,1,0,1,0,0,0,1,0,150.59,3,98242.0,0,2,1083.17,541.59,882.4,481.99,1.9719,0,0.0,0,0.0,1,200.77,2,1,0,0,0,1
TXN_00001444,2059.74,7.630820420579355,18,3,19,0,0,0,1,1,0,0,0,0,1,138.8,4,1390556.0,0,3,722.86,240.95,559.28,275.89,8.5483,0,0.0,0,0.0,0,0.0,1,1,1,1,0,0
TXN_00001249,218.25,5.390212631252292,18,3,19,0,0,1,0,1,0,0,0,1,0,159.3,5,762456.0,0,4,2731.9,682.98,2106.19,963.32,0.3196,0,0.0,0,0.0,0,0.0,2,1,2,1,1,0
TXN_00000736,565.25,6.339035676797244,19,3,19,0,0,0,1,1,0,0,0,0,1,73.82,5,1376504.0,0,4,3528.04,882.01,1496.62,471.59,0.6409,0,0.0,0,0.0,0,0.0,1,1,1,0,0,0
TXN_00000878,1054.31,6.961589841610542,19,3,19,0,0,0,1,1,0,0,0,0,1,193.67,5,1646265.0,0,4,2492.97,623.24,1074.99,398.29,1.6917,0,0.0,0,0.0,0,0.0,1,1,2,0,0,0
TXN_00000829,519.51,6.254809100166339,19,3,19,0,0,0,1,0,0,1,0,0,1,62.41,6,1215128.0,0,5,5126.21,1025.24,2235.61,942.64,0.5067,0,0.0,0,0.0,0,0.0,2,1,0,1,0,0
TXN_00001807,456.39,6.125536418647458,20,3,19,0,0,0,1,0,0,0,1,0,1,162.13,4,941285.0,0,3,2099.9,699.97,1183.81,427.4,0.652,0,0.0,0,0.0,0,0.0,1,2,0,0,1,0
TXN_00001237,634.88,6.455009866292671,20,3,19,0,0,0,1,0,0,0,1,0,1,147.65,2,2390657.0,0,1,490.99,490.99,490.99,0.0,1.2931,0,0.0,0,0.0,0,0.0,1,1,0,0,0,0
TXN_00000662,1987.59,7.595181123869948,20,3,19,0,0,0,1,1,0,0,0,0,1,71.84,7,32452.0,0,6,4440.69,740.11,2233.93,942.84,2.6855,0,0.0,1,144.83,1,144.83,1,3,4,0,0,0
TXN_00001470,213.55,5.368542811437534,20,3,19,0,0,0,1,1,0,0,0,0,1,137.42,5,31416.0,0,4,6033.89,1508.47,4475.54,1990.5,0.1416,0,0.0,1,627.14,1,627.14,1,2,1,0,0,0
TXN_00001879,544.12,6.301005953912656,21,3,19,0,0,0,1,1,0,0,0,0,1,52.57,3,2521285.0,0,2,2015.97,1007.99,1273.43,375.4,0.5398,0,0.0,0,0.0,0,0.0,1,1,1,1,0,0
TXN_00001520,202.22,5.314289136057735,22,3,19,0,0,0,1,1,0,0,0,0,1,364.52,7,1002939.0,0,6,8446.96,1407.83,4191.75,1661.57,0.1436,0,0.0,0,0.0,0,0.0,1,3,3,0,0,0
TXN_00001517,239.59,5.4830942399170555,23,3,19,0,0,0,1,1,0,0,0,0,1,52.71,5,274448.0,0,4,7297.08,1824.27,2149.51,281.78,0.1313,0,0.0,0,0.0,1,1551.67,3,1,0,0,0,0
TXN_00001408,1757.25,7.4720742751881275,1,4,20,0,1,0,1,1,0,0,0,0,1,255.81,5,751788.0,0,4,5430.7,1357.67,2943.03,1482.0,1.2943,0,0.0,0,0.0,0,0.0,2,1,1,0,0,0
TXN_00000823,1375.13,7.227030490774829,2,4,20,0,1,0,1,0,0,0,1,0,1,201.22,3,2718522.0,0,2,1268.57,634.28,998.29,514.78,2.168,0,0.0,0,0.0,0,0.0,1,1,1,0,0,0
TXN_00000096,49000.0,10.799595985047786,2,4,20,0,1,1,0,0,1,0,0,1,0,78.86,1,-1.0,1,0,0.0,0.0,0.0,0.0,1.0,0,0.0,0,0.0,0,0.0,0,0,0,1,1,1
TXN_00000374,1481.73,7.301640262177352,3,4,20,0,1,0,1,0,0,1,0,0,1,136.77,5,643339.0,0,4,2375.88,593.97,754.23,169.16,2.4946,0,0.0,0,0.0,0,0.0,2,1,1,0,0,0
TXN_00001137,652.44,6.482250715536246,3,4,20,0,1,1,0,1,0,0,0,1,0,198.49,2,706694.0,0,1,224.46,224.46,224.46,0.0,2.9067,0,0.0,0,0.0,0,0.0,1,1,0,0,0,1
TXN_00000094,48500.0,10.789339695269716,4,4,20,0,1,1,0,0,1,0,0,1,0,78.94,2,7200.0,0,1,49000.0,49000.0,49000.0,0.0,0.9898,0,0.0,1,49000.0,1,49000.0,1,1,1,0,0,0
TXN_00000933,271.88,5.609032138110391,4,4,20,0,1,1,0,0,0,1,0,1,0,103.4,4,352016.0,0,3,1867.98,622.66,1039.64,363.98,0.4366,0,0.0,0,0.0,2,828.34,2,1,0,0,0,1
TXN_00000337,807.52,6.695205415878797,5,4,20,0,1,0,1,0,0,0,1,0,1,60.76,3,1993789.0,0,2,2132.55,1066.27,2079.2,1432.49,0.7573,0,0.0,0,0.0,0,0.0,1,1,0,0,0,0
TXN_00000815,2490.18,7.820511772788034,5,4,20,0,1,0,1,1,0,0,0,0,1,97.4,8,993477.0,0,7,7636.11,1090.87,2835.33,1069.57,2.2827,0,0.0,0,0.0,0,0.0,1,1,2,0,0,0
TXN_00001528,1907.85,7.554256245468311,6,4,20,0,0,0,1,0,0,1,0,0,1,158.69,2,3802020.0,0,1,181.61,181.61,181.61,0.0,10.5052,0,0.0,0,0.0,0,0.0,1,1,0,0,0,0
TXN_00000421,4819.36,8.480603893052256,6,4,20,0,0,1,0,1,0,0,0,1,0,231.24,3,2967557.0,0,2,286.42,143.21,185.49,59.79,33.6524,0,0.0,0,0.0,0,0.0,1,1,1,0,1,1
TXN_00001437,666.35,6.5033146459201605,7,4,20,0,0,0,1,0,0,0,1,0,1,95.83,5,726487.0,0,4,5659.03,1414.76,2879.72,1217.87,0.471,0,0.0,0,0.0,0,0.0,1,2,1,1,0,0
TXN_00000097,49500.0,10.809748150372926,12,4,20,0,0,1,0,0,1,0,0,1,0,79.27,3,28800.0,0,2,97500.0,48750.0,49000.0,353.55,1.0154,0,0.0,2,97500.0,2,97500.0,1,1,1,0,0,0
TXN_00000422,1137.77,7.037704011537391,14,4,20,0,0,0,1,1,0,0,0,0,1,58.59,5,245355.0,0,4,2629.65,657.41,1297.06,457.46,1.7307,0,0.0,0,0.0,1,388.66,4,1,1,0,0,0
TXN_00000095,49000.0,10.799595985047786,15,4,20,0,0,1,0,0,1,0,0,1,0,79.4,4,10800.0,0,3,147000.0,49000.0,49500.0,500.0,1.0,0,0.0,3,147000.0,3,147000.0,1,1,1,0,0,0
TXN_00001030,540.77,6.2948415571323615,17,4,20,0,0,1,0,1,0,0,0,1,0,160.94,5,871696.0,0,4,2163.54,540.88,1370.25,578.86,0.9998,0,0.0,0,0.0,0,0.0,2,1,2,1,0,1
TXN_00000605,153.98,5.043296076335804,18,4,20,0,0,0,1,0,0,1,0,0,1,74.8,6,84790.0,0,5,4093.29,818.66,1496.62,432.28,0.1881,0,0.0,1,565.25,1,565.25,1,1,1,0,0,0
TXN_00000165,42000.0,10.645448706505872,18,4,20,0,0,1,0,0,1,0,0,1,0,69.93,2,4219919.0,0,1,500.0,500.0,500.0,0.0,84.0,0,0.0,0,0.0,0,0.0,1,1,0,1,0,1
TXN_00000163,42000.0,10.645448706505872,18,4,20,0,0,1,0,0,1,0,0,1,0,146.86,2,4220039.0,0,1,500.0,500.0,500.0,0.0,84.0,0,0.0,0,0.0,0,0.0,1,1,0,1,0,1
TXN_00000164,42000.0,10.645448706505872,18,4,20,0,0,1,0,0,1,0,0,1,0,55.36,2,4195379.0,0,1,500.0,500.0,500.0,0.0,84.0,0,0.0,0,0.0,0,0.0,1,1,0,1,0,1
TXN_00000594,669.09,6.507412031721975,19,4,20,0,0,1,0,0,0,1,0,1,0,78.12,6,273492.0,0,5,12517.87,2503.57,4842.69,1615.2,0.2673,0,0.0,0,0.0,2,5345.22,2,1,1,0,0,1
TXN_00001518,202.77,5.316991906812845,20,4,20,0,0,0,1,1,0,0,0,0,1,240.74,3,1547744.0,0,2,1876.11,938.05,1645.35,1000.27,0.2162,0,0.0,0,0.0,0,0.0,1,1,0,1,0,0
TXN_00001553,173.29,5.16072057853359,20,4,20,0,0,0,1,1,0,0,0,0,1,72.52,6,3193061.0,0,5,4912.14,982.43,1835.9,573.28,0.1764,0,0.0,0,0.0,0,0.0,2,2,1,1,0,0
TXN_00000814,1031.64,6.939873908863597,21,4,20,0,0,0,1,1,0,0,0,0,1,86.81,2,3416290.0,0,1,219.97,219.97,219.97,0.0,4.6899,0,0.0,0,0.0,0,0.0,1,1,0,1,0,0
TXN_00001514,2130.46,7.664562469902038,23,4,20,0,0,0,1,0,0,1,0,0,1,74.38,5,879987.0,0,4,4022.04,1005.51,1499.78,579.65,2.1188,0,0.0,0,0.0,0,0.0,1,1,0,1,0,0
TXN_00000284,2400.0,7.783640596221253,23,4,20,0,0,0,1,0,0,1,0,0,1,217.27,5,210762.0,0,4,11050.0,2762.5,5000.0,2041.8,0.8688,0,0.0,0,0.0,2,7400.0,1,1,0,0,0,0
TXN_00000953,565.75,6.339918289387638,23,4,20,0,0,0,1,1,0,0,0,0,1,144.31,2,2447048.0,0,1,1742.4,1742.4,1742.4,0.0,0.3247,0,0.0,0,0.0,0,0.0,1,1,0,0,1,0
TXN_00000458,925.5,6.831414045725414,0,5,21,1,1,0,1,0,0,0,1,0,1,67.86,5,522794.0,0,4,7702.22,1925.55,4084.74,1472.63,0.4806,0,0.0,0,0.0,1,1645.32,1,2,1,0,0,0
TXN_00000424,566.18,6.3406767136653475,1,5,21,1,1,0,1,0,0,1,0,0,1,109.2,3,3839586.0,0,2,3758.8,1879.4,2358.05,676.91,0.3013,0,0.0,0,0.0,0,0.0,2,2,1,0,1,0
TXN_00000912,1536.87,7.338153621135513,3,5,21,1,1,0,1,0,0,1,0,0,1,305.97,3,1292980.0,0,2,472.99,236.5,301.17,91.46,6.4985,0,0.0,0,0.0,0,0.0,2,1,1,1,0,0
TXN_00001250,2985.42,8.00183062460447,3,5,21,1,1,0,1,1,0,0,0,0,1,150.87,6,145188.0,0,5,10057.64,2011.53,5246.05,1917.01,1.4842,0,0.0,0,0.0,2,3054.07,2,3,1,0,0,0
TXN_00001278,938.39,6.845230728443623,3,5,21,1,1,1,0,1,0,0,0,1,0,61.28,4,460227.0,0,3,3796.98,1265.66,3233.95,1706.25,0.7414,0,0.0,0,0.0,1,206.3,1,1,1,0,0,1
TXN_00001430,528.67,6.272254171115009,3,5,21,1,1,1,0,1,0,0,0,1,0,84.88,5,613928.0,0,4,3327.63,831.91,1011.0,142.53,0.6355,0,0.0,0,0.0,0,0.0,1,1,1,0,0,1
TXN_00000291,150.0,5.017279836814924,4,5,21,1,1,0,1,1,0,0,0,0,1,298.98,5,399208.0,0,4,4649.0,1162.25,1250.0,175.5,0.1291,0,0.0,0,0.0,1,1250.0,1,1,0,0,0,0
TXN_00001588,8624.16,9.062438792452136,4,5,21,1,1,1,0,0,0,0,1,1,0,136.03,4,1020650.0,0,3,4231.01,1410.34,2505.79,1143.04,6.115,0,0.0,0,0.0,0,0.0,1,2,0,0,0,1
TXN_00001241,1899.61,7.549930166259743,5,5,21,1,1,0,1,0,0,0,1,0,1,75.38,6,650842.0,0,5,5198.55,1039.71,1531.96,544.29,1.8271,0,0.0,0,0.0,0,0.0,1,1,2,0,0,0
TXN_00001029,1211.05,7.100068419903744,5,5,21,1,1,0,1,0,0,1,0,0,1,216.38,4,1170919.0,0,3,1917.96,639.32,897.19,388.4,1.8943,0,0.0,0,0.0,0,0.0,1,2,3,0,0,0
TXN_00001402,105.75,4.670489652108734,6,5,21,1,0,0,1,1,0,0,0,0,1,167.8,2,2265205.0,0,1,1455.84,1455.84,1455.84,0.0,0.0726,0,0.0,0,0.0,0,0.0,1,1,1,1,0,0
TXN_00000837,98.84,4.603568904621118,8,5,21,1,0,0,1,0,0,0,1,0,1,215.46,3,1785773.0,0,2,3337.11,1668.56,1751.94,117.92,0.0592,0,0.0,0,0.0,0,0.0,2,1,1,0,1,0
TXN_00001397,526.81,6.26873637046041,9,5,21,1,0,0,1,1,0,0,0,0,1,268.46,5,406945.0,0,4,5500.52,1375.13,2082.81,813.8,0.3831,0,0.0,0,0.0,1,2082.81,2,1,2,0,0,0
TXN_00001176,515.16,6.246416794936844,10,5,21,1,0,1,0,0,0,0,1,1,0,87.35,3,47278.0,0,2,1251.61,625.81,1031.64,573.94,0.8232,0,0.0,1,1031.64,1,1031.64,2,1,0,1,0,1
TXN_00000997,4842.37,8.485366038411264,11,5,21,1,0,1,0,0,0,1,0,1,0,84.96,6,569888.0,0,5,5114.96,1022.99,1640.14,485.22,4.7335,0,0.0,0,0.0,1,1640.14,1,1,3,0,1,1
TXN_00000356,734.01,6.59988410456246,12,5,21,1,0,0,1,0,0,0,1,0,1,181.13,3,1426092.0,0,2,953.92,476.96,707.67,326.27,1.5389,0,0.0,0,0.0,0,0.0,1,1,1,0,0,0
TXN_00001839,360.01,5.888905658780245,14,5,21,1,0,0,1,0,0,0,1,0,1,103.41,5,215749.0,0,4,2269.27,567.32,775.75,298.22,0.6346,0,0.0,0,0.0,1,582.17,2,1,2,0,0,0
TXN_00001145,2583.98,7.857473049968692,15,5,21,1,0,1,0,1,0,0,0,1,0,122.85,5,1051393.0,0,4,4966.72,1241.68,2099.59,788.11,2.081,0,0.0,0,0.0,0,0.0,2,1,2,0,0,1
TXN_00000455,425.9,6.056549793763916,16,5,21,1,0,0,1,1,0,0,0,0,1,89.66,5,1375218.0,0,4,5012.36,1253.09,2887.76,1106.83,0.3399,0,0.0,0,0.0,0,0.0,3,2,2,0,0,0
TXN_00001152,798.87,6.684449214463371,17,5,21,1,0,0,1,1,0,0,0,0,1,128.83,2,3365896.0,0,1,1508.35,1508.35,1508.35,0.0,0.5296,0,0.0,0,0.0,0,0.0,1,1,1,0,0,0
TXN_00000946,490.53,6.197522975364378,18,5,21,1,0,1,0,1,0,0,0,1,0,65.5,7,415009.0,0,6,2251.89,375.31,801.44,298.85,1.307,0,0.0,0,0.0,1,263.89,3,2,3,0,0,1
TXN_00000975,5011.53,8.51969605663432,19,5,21,1,0,1,0,0,0,1,0,1,0,59.77,6,101446.0,0,5,3767.42,753.48,1297.06,450.67,6.6511,0,0.0,0,0.0,2,1526.43,4,1,1,0,0,1
TXN_00001089,2170.54,7.683191872251918,19,5,21,1,0,0,1,1,0,0,0,0,1,104.78,5,1632063.0,0,4,8739.15,2184.79,5445.86,2315.88,0.9935,0,0.0,0,0.0,0,0.0,1,1,1,0,1,0
TXN_00000322,4266.68,8.358825633040938,20,5,21,1,0,0,1,0,0,1,0,0,1,367.36,3,3125574.0,0,2,3233.92,1616.96,2930.03,1856.96,2.6387,0,0.0,0,0.0,0,0.0,1,1,0,0,0,0
TXN_00000334,229.57,5.440554503968522,21,5,21,1,0,0,1,1,0,0,0,0,1,118.49,3,3185141.0,0,2,1611.15,805.58,1153.13,491.52,0.285,0,0.0,0,0.0,0,0.0,1,2,1,0,0,0
TXN_00000689,3651.31,8.203115123106855,21,5,21,1,0,1,0,1,0,0,0,1,0,246.97,4,1566901.0,0,3,2267.06,755.69,1456.45,617.32,4.8318,0,0.0,0,0.0,0,0.0,1,1,1,1,1,1
TXN_00001229,54.33,4.013315256910018,22,5,21,1,0,0,1,1,0,0,0,0,1,58.53,4,2559626.0,0,3,1979.28,659.76,1359.5,617.34,0.0823,0,0.0,0,0.0,0,0.0,1,2,1,1,0,0
TXN_00001417,2150.01,7.673692778257388,22,5,21,1,0,0,1,1,0,0,0,0,1,180.66,4,1532450.0,0,3,4297.25,1432.42,1652.93,233.52,1.501,0,0.0,0,0.0,0,0.0,1,1,1,0,0,0
TXN_00001581,2038.2,7.620312853061906,22,5,21,1,0,1,0,1,0,0,0,1,0,54.98,5,357755.0,0,4,3124.42,781.11,1216.12,479.14,2.6094,0,0.0,0,0.0,1,650.39,2,2,0,0,0,1
TXN_00000684,1426.32,7.263553839008648,23,5,21,1,0,0,1,0,0,1,0,0,1,238.0,7,383744.0,0,6,2989.63,498.27,1075.26,345.77,2.8625,0,0.0,0,0.0,1,1075.26,2,1,2,0,0,0
TXN_00001845,756.87,6.630511866976103,0,6,22,1,1,0,1,1,0,0,0,0,1,172.09,4,1046432.0,0,3,5754.3,1918.1,2959.52,1270.54,0.3946,0,0.0,0,0.0,0,0.0,2,1,3,0,0,0
TXN_00001489,1435.1,7.269686385066573,0,6,22,1,1,0,1,0,0,1,0,0,1,72.02,2,742860.0,0,1,596.31,596.31,596.31,0.0,2.4066,0,0.0,0,0.0,0,0.0,1,1,1,1,0,0
TXN_00001858,208.86,5.346440641729765,0,6,22,1,1,1,0,1,0,0,0,1,0,206.22,3,3762070.0,0,2,8516.19,4258.1,8044.21,5354.38,0.0491,0,0.0,0,0.0,0,0.0,1,1,0,0,0,1
TXN_00001537,1658.66,7.414368041095148,1,6,22,1,1,0,1,1,0,0,0,0,1,190.11,4,852987.0,0,3,2929.8,976.6,1174.25,212.22,1.6984,0,0.0,0,0.0,0,0.0,2,1,0,1,0,0
TXN_00000348,104.14,4.655292795391302,2,6,22,1,1,1,0,0,0,1,0,1,0,108.04,7,478232.0,0,6,7547.24,1257.87,3416.58,1134.58,0.0828,0,0.0,0,0.0,1,832.92,1,1,2,0,0,1
TXN_00000220,49999.0,10.819778284410283,2,6,22,1,1,1,0,0,1,0,0,1,0,146.8,1,-1.0,1,0,0.0,0.0,0.0,0.0,1.0,0,0.0,0,0.0,0,0.0,0,0,0,1,1,1
TXN_00000221,99500.0,11.507922973347437,2,6,22,1,1,1,0,0,1,0,0,1,0,146.8,2,15.0,0,1,49999.0,49999.0,49999.0,0.0,1.99,1,49999.0,1,49999.0,1,49999.0,1,1,1,0,0,0
TXN_00000222,49500.0,10.809748150372926,2,6,22,1,1,1,0,0,1,0,0,1,0,183.98,1,-1.0,1,0,0.0,0.0,0.0,0.0,1.0,0,0.0,0,0.0,0,0.0,0,0,0,1,1,1
TXN_00000223,49999.0,10.819778284410283,2,6,22,1,1,1,0,0,1,0,0,1,0,183.98,2,22.0,0,1,49500.0,49500.0,49500.0,0.0,1.0101,1,49500.0,1,49500.0,1,49500.0,1,1,1,0,0,0
TXN_00000224,49999.0,10.819778284410283,2,6,22,1,1,1,0,0,1,0,0,1,0,183.98,3,31.0,0,2,99499.0,49749.5,49999.0,352.85,1.005,2,99499.0,2,99499.0,2,99499.0,1,1,1,0,0,0
TXN_00000225,99500.0,11.507922973347437,2,6,22,1,1,1,0,0,1,0,0,1,0,293.66,1,-1.0,1,0,0.0,0.0,0.0,0.0,1.0,0,0.0,0,0.0,0,0.0,0,0,0,1,1,1
TXN_00000226,49000.0,10.799595985047786,2,6,22,1,1,1,0,0,1,0,0,1,0,293.66,2,32.0,0,1,99500.0,99500.0,99500.0,0.0,0.4925,1,99500.0,1,99500.0,1,99500.0,1,1,1,0,0,0
TXN_00000227,49000.0,10.799595985047786,2,6,22,1,1,1,0,0,1,0,0,1,0,85.41,1,-1.0,1,0,0.0,0.0,0.0,0.0,1.0,0,0.0,0,0.0,0,0.0,0,0,0,1,1,1
TXN_00000228,49500.0,10.809748150372926,2,6,22,1,1,1,0,0,1,0,0,1,0,85.41,2,27.0,0,1,49000.0,49000.0,49000.0,0.0,1.0102,1,49000.0,1,49000.0,1,49000.0,1,1,1,0,0,0
TXN_00000229,49500.0,10.809748150372926,2,6,22,1,1,1,0,0,1,0,0,1,0,85.41,3,30.0,0,2,98500.0,49250.0,49500.0,353.55,1.0051,2,98500.0,2,98500.0,2,98500.0,1,1,1,0,0,0
TXN_00000230,49000.0,10.799595985047786,2,6,22,1,1,1,0,0,1,0,0,1,0,85.41,4,16.0,0,3,148000.0,49333.33,49500.0,288.68,0.9932,3,148000.0,3,148000.0,3,148000.0,1,1,1,0,0,0
TXN_00000231,49500.0,10.809748150372926,2,6,22,1,1,1,0,0,1,0,0,1,0,77.33,1,-1.0,1,0,0.0,0.0,0.0,0.0,1.0,0,0.0,0,0.0,0,0.0,0,0,0,1,1,1
TXN_00000232,49500.0,10.809748150372926,2,6,22,1,1,1,0,0,1,0,0,1,0,77.33,2,28.0,0,1,49500.0,49500.0,49500.0,0.0,1.0,1,49500.0,1,49500.0,1,49500.0,1,1,1,0,0,0
TXN_00000233,99500.0,11.507922973347437,2,6,22,1,1,1,0,0,1,0,0,1,0,77.33,3,19.0,0,2,99000.0,49500.0,49500.0,0.0,2.0101,2,99000.0,2,99000.0,2,99000.0,1,1,1,0,0,0
TXN_00001802,456.31,6.1253614979079725,3,6,22,1,1,0,1,1,0,0,0,0,1,77.1,3,3475345.0,0,2,1294.57,647.28,1213.5,800.75,0.705,0,0.0,0,0.0,0,0.0,1,1,0,1,0,0
TXN_00001718,574.31,6.354909025953534,4,6,22,1,1,1,0,0,0,0,1,1,0,293.34,5,946574.0,0,4,3841.44,960.36,1711.64,584.6,0.598,0,0.0,0,0.0,0,0.0,1,1,1,0,0,1
TXN_00001840,352.08,5.8666946601520324,6,6,22,1,0,0,1,0,0,1,0,0,1,163.74,3,1742007.0,0,2,3021.59,1510.8,1715.5,289.5,0.233,0,0.0,0,0.0,0,0.0,1,1,0,0,0,0
TXN_00001969,2677.19,7.892896472203401,6,6,22,1,0,1,0,1,0,0,0,1,0,217.4,5,88003.0,0,4,3129.01,782.25,1211.05,426.95,3.4224,0,0.0,0,0.0,1,1211.05,1,2,3,0,0,1
TXN_00000431,3464.21,8.150528515848137,8,6,22,1,0,1,0,1,0,0,0,1,0,258.73,4,830111.0,0,3,1816.89,605.63,670.41,90.01,5.72,0,0.0,0,0.0,0,0.0,1,2,2,0,0,1
TXN_00001819,436.18,6.0803450096018565,8,6,22,1,0,0,1,0,0,0,1,0,1,104.33,1,-1.0,1,0,0.0,0.0,0.0,0.0,1.0,0,0.0,0,0.0,0,0.0,0,0,0,1,1,0
TXN_00000889,1529.04,7.333049157835588,8,6,22,1,0,1,0,1,0,0,0,1,0,125.67,5,561525.0,0,4,7695.75,1923.94,3258.05,1214.54,0.7947,0,0.0,0,0.0,1,2643.3,1,3,0,0,1,1
TXN_00000926,2051.21,7.62667254023565,12,6,22,1,0,0,1,0,0,0,1,0,1,72.16,5,1138945.0,0,4,4806.22,1201.56,2646.53,1016.07,1.7071,0,0.0,0,0.0,0,0.0,2,2,1,0,0,0
TXN_00001854,3850.57,8.256236136364977,13,6,22,1,0,1,0,0,0,1,0,1,0,248.23,7,1125269.0,0,6,9439.32,1573.22,3440.27,1128.63,2.4476,0,0.0,0,0.0,0,0.0,1,3,2,0,0,1
TXN_00001259,452.79,6.117634535963674,14,6,22,1,0,0,1,1,0,0,0,0,1,61.11,3,282097.0,0,2,2874.84,1437.42,2157.69,1018.62,0.315,0,0.0,0,0.0,1,717.15,1,1,1,1,0,0
TXN_00001868,4996.53,8.516699069358038,14,6,22,1,0,1,0,0,0,1,0,1,0,77.22,5,2205797.0,0,4,5802.51,1450.63,2576.89,1060.25,3.4444,0,0.0,0,0.0,0,0.0,1,1,1,0,1,1
TXN_00000401,619.51,6.430541720550255,14,6,22,1,0,1,0,1,0,0,0,1,0,136.44,6,354639.0,0,5,4362.67,872.53,2150.63,736.23,0.71,0,0.0,0,0.0,1,444.25,1,2,0,0,0,1
TXN_00001312,1638.04,7.401865983571105,14,6,22,1,0,0,1,0,0,1,0,0,1,106.43,4,387884.0,0,3,2470.15,823.38,1622.15,769.56,1.9894,0,0.0,0,0.0,2,1708.95,3,1,1,0,1,0
TXN_00000268,2400.0,7.783640596221253,15,6,22,1,0,1,0,0,0,0,1,1,0,226.7,5,2051040.0,0,4,7599.0,1899.75,5000.0,2092.61,1.2633,0,0.0,0,0.0,0,0.0,1,1,1,0,0,0
TXN_00001608,753.63,6.62622756290216,16,6,22,1,0,0,1,1,0,0,0,0,1,62.98,5,2067436.0,0,4,7449.3,1862.32,3165.7,1108.37,0.4047,0,0.0,0,0.0,0,0.0,1,3,0,1,0,0
TXN_00000530,2229.3,7.709891384553912,16,6,22,1,0,0,1,1,0,0,0,0,1,86.66,3,350684.0,0,2,3349.39,1674.7,3112.78,2033.76,1.3312,0,0.0,0,0.0,1,3112.78,2,2,0,0,0,0
TXN_00001667,1003.16,6.911906650104613,17,6,22,1,0,0,1,1,0,0,0,0,1,89.71,3,1056197.0,0,2,7362.27,3681.14,4083.06,568.41,0.2725,0,0.0,0,0.0,0,0.0,1,1,0,0,1,0
TXN_00001228,493.69,6.203931303758076,17,6,22,1,0,0,1,0,0,1,0,0,1,60.07,2,1592916.0,0,1,777.07,777.07,777.07,0.0,0.6353,0,0.0,0,0.0,0,0.0,1,1,0,0,1,0
TXN_00001172,667.4,6.504886796721238,19,6,22,1,0,0,1,1,0,0,0,0,1,124.45,8,343019.0,0,7,13850.38,1978.63,7651.4,2950.34,0.3373,0,0.0,0,0.0,1,588.37,2,1,2,0,0,0
TXN_00001242,3302.8,8.10282860012104,20,6,22,1,0,0,1,0,0,1,0,0,1,160.19,1,-1.0,1,0,0.0,0.0,0.0,0.0,1.0,0,0.0,0,0.0,0,0.0,0,0,0,1,1,0
TXN_00000411,377.15,5.935290942302038,23,6,22,1,0,1,0,0,0,0,1,1,0,141.9,4,2567733.0,0,3,2147.19,715.73,1129.94,493.55,0.5269,0,0.0,0,0.0,0,0.0,1,2,0,0,1,1
TXN_00001640,162.25,5.09528276815654,2,0,23,0,1,1,0,0,0,1,0,1,0,225.97,3,1659784.0,0,2,2964.76,1482.38,1944.64,653.73,0.1095,0,0.0,0,0.0,0,0.0,2,1,0,0,1,1
TXN_00000339,1397.25,7.242976733701697,5,0,23,0,1,0,1,0,0,0,1,0,1,168.93,4,801126.0,0,3,3337.94,1112.65,1773.41,815.09,1.2558,0,0.0,0,0.0,0,0.0,2,2,1,0,0,0
TXN_00001053,100.85,4.623501142672815,5,0,23,0,1,0,1,1,0,0,0,0,1,194.09,6,2614912.0,0,5,9648.59,1929.72,4483.31,1617.68,0.0523,0,0.0,0,0.0,0,0.0,1,1,1,1,0,0
TXN_00000678,2526.34,7.8349226452311225,5,0,23,0,1,1,0,1,0,0,0,1,0,155.81,4,1225589.0,0,3,5269.5,1756.5,3533.78,1559.37,1.4383,0,0.0,0,0.0,0,0.0,1,1,1,0,0,1
TXN_00000979,148.44,5.006894974480533,5,0,23,0,1,0,1,1,0,0,0,0,1,64.85,8,816344.0,0,7,11888.94,1698.42,4025.28,1432.03,0.0874,0,0.0,0,0.0,0,0.0,3,1,4,0,0,0
TXN_00000628,1662.07,7.416420570910787,5,0,23,0,1,0,1,0,0,1,0,0,1,61.78,4,57452.0,0,3,3327.63,1109.21,2157.69,917.58,1.4984,0,0.0,1,452.79,2,1169.94,2,1,1,0,0,0
TXN_00001990,136.91,4.926601298486246,6,0,23,0,0,0,1,1,0,0,0,0,1,70.12,6,194828.0,0,5,8627.72,1725.54,4084.74,1351.48,0.0793,0,0.0,0,0.0,1,925.5,1,2,1,0,0,0
TXN_00001218,1194.34,7.086185942726257,7,0,23,0,0,1,0,1,0,0,0,1,0,124.5,6,142781.0,0,5,7550.7,1510.14,2583.98,908.95,0.7909,0,0.0,0,0.0,1,2583.98,2,1,3,1,0,1
TXN_00000986,780.12,6.6607287872045955,8,0,23,0,0,0,1,1,0,0,0,0,1,194.23,7,11862.0,0,6,9749.44,1624.91,4483.31,1628.18,0.4801,0,0.0,1,100.85,1,100.85,2,1,1,0,0,0
TXN_00001864,880.16,6.78123922125152,9,0,23,0,0,0,1,0,0,0,1,0,1,107.34,5,926085.0,0,4,1552.84,388.21,668.05,290.74,2.2672,0,0.0,0,0.0,0,0.0,1,1,0,0,0,0
TXN_00000428,518.65,6.253155508034431,9,0,23,0,0,1,0,1,0,0,0,1,0,169.92,3,183701.0,0,2,1561.59,780.79,1455.84,954.66,0.6643,0,0.0,0,0.0,1,105.75,2,1,1,0,0,1
TXN_00000713,1004.07,6.9128124698089,10,0,23,0,0,0,1,1,0,0,0,0,1,216.95,4,1154350.0,0,3,4733.33,1577.78,2235.72,868.54,0.6364,0,0.0,0,0.0,0,0.0,3,1,0,0,0,0
TXN_00001680,2306.9,7.744093299132999,10,0,23,0,0,1,0,0,0,0,1,1,0,351.04,5,1049474.0,0,4,4930.74,1232.68,3233.71,1448.59,1.8714,0,0.0,0,0.0,0,0.0,1,1,1,0,0,1
TXN_00000072,49500.0,10.809748150372926,11,0,23,0,0,1,0,0,1,0,0,1,0,122.94,1,-1.0,1,0,0.0,0.0,0.0,0.0,1.0,0,0.0,0,0.0,0,0.0,0,0,0,1,1,1
TXN_00001193,553.52,6.318102874670175,12,0,23,0,0,1,0,1,0,0,0,1,0,156.57,7,1532313.0,0,6,4773.33,795.55,1587.14,671.61,0.6958,0,0.0,0,0.0,0,0.0,2,1,3,0,0,1
TXN_00002000,637.13,6.458542024343669,12,0,23,0,0,1,0,0,0,0,1,1,0,129.85,2,3397781.0,0,1,977.27,977.27,977.27,0.0,0.6519,0,0.0,0,0.0,0,0.0,1,1,0,0,0,1
TXN_00000504,200.71,5.306831022313242,14,0,23,0,0,0,1,0,0,1,0,0,1,147.5,5,1565121.0,0,4,5142.92,1285.73,2692.94,985.87,0.1561,0,0.0,0,0.0,0,0.0,3,2,1,0,0,0
TXN_00001076,1588.0,7.370860166536716,15,0,23,0,0,0,1,1,0,0,0,0,1,142.67,5,334819.0,0,4,2782.6,695.65,2059.74,936.88,2.2828,0,0.0,0,0.0,1,2059.74,2,1,1,0,0,0
TXN_00001637,616.09,6.425014880366683,15,0,23,0,0,0,1,0,0,1,0,0,1,302.68,5,801102.0,0,4,2784.51,696.13,1460.21,561.36,0.885,0,0.0,0,0.0,0,0.0,2,2,1,1,0,0
TXN_00001685,1401.07,7.245704995021464,15,0,23,0,0,0,1,0,0,0,1,0,1,65.45,3,871008.0,0,2,2157.7,1078.85,1719.14,905.51,1.2987,0,0.0,0,0.0,0,0.0,2,2,1,0,0,0
TXN_00001165,72.29,4.294424173937759,16,0,23,0,0,0,1,0,0,0,1,0,1,147.0,3,232507.0,0,2,2308.15,1154.08,1742.4,832.02,0.0626,0,0.0,0,0.0,1,565.75,1,2,0,0,1,0
TXN_00000596,3013.79,8.011285454994198,18,0,23,0,0,0,1,0,0,0,1,0,1,169.18,5,1067067.0,0,4,1927.11,481.78,1350.65,580.05,6.2556,0,0.0,0,0.0,0,0.0,2,1,2,0,0,0
TXN_00000542,142.49,4.9662653463603155,18,0,23,0,0,1,0,1,0,0,0,1,0,87.25,7,197402.0,0,6,9957.33,1659.56,4842.37,1618.52,0.0859,0,0.0,0,0.0,1,4842.37,1,2,4,0,0,1
TXN_00001527,494.02,6.2045981657928735,20,0,23,0,0,1,0,1,0,0,0,1,0,369.3,6,956754.0,0,5,3657.48,731.5,1504.21,609.07,0.6754,0,0.0,0,0.0,0,0.0,1,1,1,0,0,1
TXN_00001942,4537.6,8.420373873435523,22,0,23,0,0,0,1,0,0,1,0,0,1,261.14,3,2265803.0,0,2,5873.93,2936.97,3602.57,941.31,1.545,0,0.0,0,0.0,0,0.0,1,1,1,1,0,0
TXN_00000327,2223.2,7.707152579384742,22,0,23,0,0,0,1,1,0,0,0,0,1,175.18,4,2765790.0,0,3,4776.55,1592.18,2385.41,788.41,1.3963,0,0.0,0,0.0,0,0.0,1,3,2,1,0,0
TXN_00000587,2173.1,7.684370064783345,22,0,23,0,0,0,1,0,0,1,0,0,1,76.62,2,3055629.0,0,1,1828.01,1828.01,1828.01,0.0,1.1888,0,0.0,0,0.0,0,0.0,1,1,0,0,0,0
TXN_00000882,998.33,6.907085054431833,23,0,23,0,0,0,1,0,0,1,0,0,1,332.18,3,3430794.0,0,2,4150.01,2075.01,3319.74,1760.32,0.4811,0,0.0,0,0.0,0,0.0,1,1,0,0,0,0
TXN_00000520,1926.93,7.564202167457432,0,1,24,0,1,1,0,0,0,0,1,1,0,249.11,5,184929.0,0,4,5918.37,1479.59,3651.31,1533.04,1.3023,0,0.0,0,0.0,1,3651.31,2,2,2,0,0,1
TXN_00001248,1280.08,7.155458751156731,2,1,24,0,1,0,1,1,0,0,0,0,1,63.03,5,1477446.0,0,4,4106.43,1026.61,2915.92,1270.7,1.2469,0,0.0,0,0.0,0,0.0,1,1,1,0,0,0
TXN_00001493,2467.1,7.811203902842994,2,1,24,0,1,0,1,1,0,0,0,0,1,101.04,3,1957843.0,0,2,1708.34,854.17,1330.73,673.96,2.8883,0,0.0,0,0.0,0,0.0,1,2,2,0,0,0
TXN_00000929,211.47,5.358800801927547,3,1,24,0,1,0,1,1,0,0,0,0,1,57.67,1,-1.0,1,0,0.0,0.0,0.0,0.0,1.0,0,0.0,0,0.0,0,0.0,0,0,0,1,1,0
TXN_00000263,2400.0,7.783640596221253,4,1,24,0,1,1,0,1,0,0,0,1,0,72.01,4,747994.0,0,3,6700.0,2233.33,5000.0,2429.16,1.0746,0,0.0,0,0.0,0,0.0,1,1,1,0,0,0
TXN_00001721,157.33,5.0646814625133425,5,1,24,0,1,1,0,0,0,0,1,1,0,66.0,4,47646.0,0,3,3558.77,1186.26,1719.14,666.77,0.1326,0,0.0,1,1401.07,1,1401.07,2,2,1,0,0,1
TXN_00000970,1047.24,6.95486784629633,5,1,24,0,1,0,1,0,0,0,1,0,1,125.82,2,3699057.0,0,1,471.78,471.78,471.78,0.0,2.2198,0,0.0,0,0.0,0,0.0,1,1,1,0,0,0
TXN_00001501,647.45,6.474584899781751,6,1,24,0,0,1,0,1,0,0,0,1,0,206.94,3,4342425.0,0,2,3250.56,1625.28,2934.45,1851.45,0.3984,0,0.0,0,0.0,0,0.0,1,1,0,0,0,1
TXN_00000073,49000.0,10.799595985047786,7,1,24,0,0,1,0,0,1,0,0,1,0,123.77,2,72000.0,0,1,49500.0,49500.0,49500.0,0.0,0.9899,0,0.0,1,49500.0,1,49500.0,1,1,1,0,0,0
TXN_00000941,269.2,5.5991624255260986,8,1,24,0,0,1,0,1,0,0,0,1,0,67.39,6,3025015.0,0,5,10495.16,2099.03,8411.66,3536.52,0.1282,0,0.0,0,0.0,0,0.0,2,1,2,0,0,1
TXN_00001584,82.1,4.420044701861403,8,1,24,0,0,0,1,0,0,0,1,0,1,201.73,2,2880680.0,0,1,1111.19,1111.19,1111.19,0.0,0.0739,0,0.0,0,0.0,0,0.0,1,1,1,1,0,0
TXN_00000484,2126.54,7.662721661680891,9,1,24,0,0,1,0,1,0,0,0,1,0,271.46,6,258590.0,0,5,6027.33,1205.47,2082.81,800.4,1.7641,0,0.0,0,0.0,1,526.81,2,1,2,0,0,1
TXN_00001156,403.36,6.0023055702858565,10,1,24,0,0,1,0,0,0,1,0,1,0,101.4,4,30423.0,0,3,4175.44,1391.81,2467.1,1046.08,0.2898,0,0.0,1,2467.1,1,2467.1,1,2,2,1,0,1
TXN_00001651,209.15,5.347821561451125,10,1,24,0,0,0,1,0,0,1,0,0,1,352.02,6,85316.0,0,5,7237.64,1447.53,3233.71,1343.35,0.1445,0,0.0,1,2306.9,1,2306.9,1,1,2,0,0,0
TXN_00001070,95.41,4.568609930676289,11,1,24,0,0,0,1,0,0,0,1,0,1,269.59,3,2861106.0,0,2,4253.18,2126.59,2990.49,1221.74,0.0449,0,0.0,0,0.0,0,0.0,1,1,2,0,0,0
TXN_00001260,1230.73,7.116174964231158,12,1,24,0,0,0,1,0,0,0,1,0,1,370.0,4,228402.0,0,3,7500.6,2500.2,4266.68,2016.06,0.4923,0,0.0,0,0.0,1,4266.68,1,1,0,0,0,0
TXN_00000331,182.32,5.211233259640923,14,1,24,0,0,0,1,0,0,0,1,0,1,218.91,2,4704076.0,0,1,1092.57,1092.57,1092.57,0.0,0.1669,0,0.0,0,0.0,0,0.0,1,1,0,0,1,0
TXN_00000521,2028.68,7.615633424142077,15,1,24,0,0,0,1,1,0,0,0,0,1,115.84,4,735883.0,0,3,2575.35,858.45,1334.56,416.02,2.3632,0,0.0,0,0.0,0,0.0,1,1,1,0,0,0
TXN_00000808,287.4,5.664348405410794,15,1,24,0,0,0,1,0,0,0,1,0,1,182.32,4,2237818.0,0,3,6141.24,2047.08,2180.2,117.78,0.1404,0,0.0,0,0.0,0,0.0,2,2,2,0,0,0
TXN_00001931,343.64,5.842500393968024,15,1,24,0,0,0,1,1,0,0,0,0,1,122.15,5,1425731.0,0,4,8477.24,2119.31,6442.35,2909.27,0.1621,0,0.0,0,0.0,0,0.0,1,2,0,0,0,0
TXN_00000485,1576.54,7.363621950670757,16,1,24,0,0,0,1,1,0,0,0,0,1,66.47,5,40340.0,0,4,3716.1,929.02,1719.14,749.04,1.697,0,0.0,1,157.33,2,1558.4,2,2,2,0,1,0
TXN_00000741,592.81,6.386559402874957,17,1,24,0,0,1,0,0,0,0,1,1,0,249.8,6,59703.0,0,5,7845.3,1569.06,3651.31,1342.64,0.3778,0,0.0,1,1926.93,2,5578.24,2,2,3,0,0,1
TXN_00001821,208.36,5.34405525822189,17,1,24,0,0,1,0,1,0,0,0,1,0,92.71,6,263489.0,0,5,5438.26,1087.65,2887.76,1027.45,0.1916,0,0.0,0,0.0,1,425.9,3,2,2,0,0,1
TXN_00000881,412.01,6.023471805742962,17,1,24,0,0,0,1,1,0,0,0,0,1,132.88,3,2800999.0,0,2,2038.55,1019.27,1773.57,1066.73,0.4042,0,0.0,0,0.0,0,0.0,1,2,2,0,0,0
TXN_00001073,855.61,6.752982739173367,18,1,24,0,0,0,1,0,0,1,0,0,1,63.25,5,1024914.0,0,4,3852.17,963.04,2436.15,1016.23,0.8884,0,0.0,0,0.0,0,0.0,1,2,1,0,0,0
TXN_00000344,1503.41,7.316156073742396,18,1,24,0,0,0,1,0,0,0,1,0,1,138.6,7,186845.0,0,6,4982.18,830.36,2150.63,666.55,1.8105,0,0.0,0,0.0,2,1063.76,1,2,1,0,0,0
TXN_00001701,1128.16,7.029229272443377,19,1,24,0,0,0,1,1,0,0,0,0,1,198.69,6,433544.0,0,5,3547.28,709.46,1074.99,395.14,1.5902,0,0.0,0,0.0,1,1054.31,1,1,2,0,1,0
TXN_00000480,402.23,5.999507118751167,19,1,24,0,0,1,0,1,0,0,0,1,0,71.67,7,134034.0,0,6,8764.63,1460.77,4084.74,1371.79,0.2754,0,0.0,0,0.0,2,1062.41,1,2,1,0,0,1
TXN_00001698,837.9,6.732091509852249,20,1,24,0,0,0,1,1,0,0,0,0,1,114.33,4,2922413.0,0,3,3355.98,1118.66,1578.17,593.24,0.749,0,0.0,0,0.0,0,0.0,3,1,1,0,0,0
TXN_00001740,973.48,6.881903995391704,22,1,24,0,0,0,1,0,0,0,1,0,1,262.81,4,2055984.0,0,3,3565.66,1188.55,1547.83,522.82,0.819,0,0.0,0,0.0,0,0.0,1,1,1,0,1,0
TXN_00001570,565.84,6.340077076956669,23,1,24,0,0,0,1,0,0,1,0,0,1,71.66,6,504374.0,0,5,5246.13,1049.23,1875.38,550.77,0.5393,0,0.0,0,0.0,1,430.29,1,3,1,0,0,0
TXN_00000335,321.03,5.774644708906431,0,2,25,0,1,0,1,1,0,0,0,0,1,370.46,7,100007.0,0,6,4151.5,691.92,1504.21,553.33,0.464,0,0.0,0,0.0,1,494.02,1,1,2,0,0,0
TXN_00001832,3629.02,8.196993436885592,0,2,25,0,1,1,0,1,0,0,0,1,0,209.22,4,259039.0,0,3,8725.05,2908.35,8044.21,4449.73,1.2478,0,0.0,0,0.0,1,208.86,1,1,1,0,0,1
TXN_00000718,165.41,5.114454622735253,1,2,25,0,1,0,1,0,0,1,0,0,1,197.51,6,3612533.0,0,5,9977.75,1995.55,4846.1,1793.16,0.0829,0,0.0,0,0.0,0,0.0,2,2,1,0,0,0
TXN_00001628,218.45,5.391124416134243,1,2,25,0,1,0,1,1,0,0,0,0,1,58.06,2,2402185.0,0,1,1290.74,1290.74,1290.74,0.0,0.1692,0,0.0,0,0.0,0,0.0,1,1,0,0,1,0
TXN_00000288,2400.0,7.783640596221253,1,2,25,0,1,0,1,0,0,1,0,0,1,302.88,6,337019.0,0,5,4799.0,959.8,1250.0,477.53,2.5005,0,0.0,0,0.0,1,150.0,1,1,0,0,0,0
TXN_00000756,340.66,5.833816090518912,6,2,25,0,0,0,1,0,0,1,0,0,1,193.32,5,277855.0,0,4,4588.46,1147.12,1658.66,382.52,0.297,0,0.0,0,0.0,1,1658.66,3,1,0,0,0,0
TXN_00001236,1434.58,7.269324227719178,6,2,25,0,0,0,1,0,0,1,0,0,1,62.34,2,4356958.0,0,1,245.59,245.59,245.59,0.0,5.8414,0,0.0,0,0.0,0,0.0,1,1,0,0,0,0
TXN_00001968,1582.73,7.367538103299889,7,2,25,0,0,0,1,0,0,1,0,0,1,158.38,8,156668.0,0,7,5326.85,760.98,1587.14,619.88,2.0799,0,0.0,0,0.0,1,553.52,2,1,4,0,1,0
TXN_00001297,217.9,5.388615004528817,7,2,25,0,0,0,1,0,0,0,1,0,1,229.07,9,896998.0,0,8,11283.21,1410.4,3758.5,1123.5,0.1545,0,0.0,0,0.0,0,0.0,2,2,2,0,0,0
TXN_00001522,704.02,6.5582261712042085,7,2,25,0,0,0,1,1,0,0,0,0,1,154.92,3,3951086.0,0,2,2018.19,1009.1,1178.25,239.22,0.6977,0,0.0,0,0.0,0,0.0,2,1,0,1,0,0
TXN_00001060,1297.0,7.168579897264035,7,2,25,0,0,0,1,1,0,0,0,0,1,90.3,5,1255994.0,0,4,4994.21,1248.55,1586.86,519.11,1.0388,0,0.0,0,0.0,0,0.0,2,2,1,0,1,0
TXN_00000447,2011.17,7.606969020692043,9,2,25,0,0,0,1,1,0,0,0,0,1,185.0,4,333804.0,0,3,1687.93,562.64,734.01,274.32,3.5745,0,0.0,0,0.0,1,734.01,1,1,1,0,0,0
TXN_00001619,1273.89,7.150615179360863,9,2,25,0,0,0,1,0,0,0,1,0,1,114.15,4,1114223.0,0,3,1521.13,507.04,1084.75,513.91,2.5124,0,0.0,0,0.0,0,0.0,1,1,1,0,0,0
TXN_00000353,73.39,4.30932152420325,9,2,25,0,0,1,0,0,0,1,0,1,0,136.15,4,3088376.0,0,3,7795.02,2598.34,3978.42,1424.02,0.0282,0,0.0,0,0.0,0,0.0,1,1,1,0,0,1
TXN_00001091,1460.23,7.287033825780721,10,2,25,0,0,1,0,0,0,0,1,1,0,94.63,3,2405302.0,0,2,409.91,204.95,226.72,30.78,7.1246,0,0.0,0,0.0,0,0.0,1,1,0,0,0,1
TXN_00001803,1776.11,7.4827437283209575,11,2,25,0,0,0,1,0,0,1,0,0,1,204.9,4,3257105.0,0,3,3284.37,1094.79,1986.44,881.73,1.6223,0,0.0,0,0.0,0,0.0,2,1,1,0,0,0
TXN_00001707,1478.15,7.299222877446448,12,2,25,0,0,0,1,1,0,0,0,0,1,203.49,4,1108648.0,0,3,2753.14,917.71,1532.98,626.27,1.6107,0,0.0,0,0.0,0,0.0,2,2,0,0,0,0
TXN_00001350,621.26,6.433358011829698,12,2,25,0,0,1,0,0,0,0,1,1,0,144.11,4,1224659.0,0,3,2966.43,988.81,1932.91,844.39,0.6283,0,0.0,0,0.0,0,0.0,2,2,0,0,0,1
TXN_00000336,253.31,5.5385539952884235,12,2,25,0,0,0,1,1,0,0,0,0,1,116.49,5,603136.0,0,4,5463.27,1365.82,2317.48,1066.92,0.1855,0,0.0,0,0.0,1,76.36,1,2,0,0,1,0
TXN_00001466,279.38,5.63614582594039,13,2,25,0,0,0,1,0,0,1,0,0,1,145.5,2,3606932.0,0,1,791.03,791.03,791.03,0.0,0.3532,0,0.0,0,0.0,0,0.0,1,1,0,0,0,0
TXN_00001536,2142.65,7.670265262595914,13,2,25,0,0,1,0,1,0,0,0,1,0,67.48,4,2059320.0,0,3,5888.24,1962.75,4157.24,1938.83,1.0917,0,0.0,0,0.0,0,0.0,1,1,2,0,0,1
TXN_00001983,140.79,4.954347089749467,14,2,25,0,0,1,0,1,0,0,0,1,0,62.05,6,1198776.0,0,5,6028.54,1205.71,2820.67,946.37,0.1168,0,0.0,0,0.0,0,0.0,2,2,2,1,1,1
TXN_00000545,363.81,5.899376670105168,14,2,25,0,0,1,0,0,0,0,1,1,0,269.73,5,1968613.0,0,4,3401.06,850.26,1058.8,326.5,0.4279,0,0.0,0,0.0,0,0.0,2,1,0,0,0,1
TXN_00001967,937.65,6.844442672770371,16,2,25,0,0,0,1,0,0,0,1,0,1,199.75,5,1291849.0,0,4,9443.21,2360.8,5925.74,2545.08,0.3972,0,0.0,0,0.0,0,0.0,2,1,1,0,1,0
TXN_00000579,1484.96,7.3038163070150075,16,2,25,0,0,0,1,1,0,0,0,0,1,134.19,4,515831.0,0,3,5616.07,1872.02,3044.54,1045.75,0.7932,0,0.0,0,0.0,1,1035.76,2,1,1,0,0,0
TXN_00000562,874.31,6.7745781093275355,16,2,25,0,0,0,1,1,0,0,0,0,1,211.93,1,-1.0,1,0,0.0,0.0,0.0,0.0,1.0,0,0.0,0,0.0,0,0.0,0,0,0,1,1,0
TXN_00001021,1052.55,6.959920692962816,16,2,25,0,0,0,1,0,0,0,1,0,1,271.94,3,1351017.0,0,2,1244.61,622.31,1133.96,723.59,1.6914,0,0.0,0,0.0,0,0.0,1,1,1,0,0,0
TXN_00000657,2202.98,7.698020095821469,17,2,25,0,0,1,0,0,0,1,0,1,0,219.23,5,197735.0,0,4,5737.4,1434.35,2235.72,764.98,1.5359,0,0.0,0,0.0,1,1004.07,3,1,0,0,0,1
TXN_00001303,268.01,5.594748553632066,17,2,25,0,0,0,1,1,0,0,0,0,1,58.41,4,504955.0,0,3,2560.09,853.36,1273.43,377.07,0.3141,0,0.0,0,0.0,1,544.12,2,1,1,1,0,0
TXN_00000171,48000.0,10.778977123006351,18,2,25,0,0,1,0,0,1,0,0,1,0,265.25,2,4637579.0,0,1,500.0,500.0,500.0,0.0,96.0,0,0.0,0,0.0,0,0.0,1,1,0,1,0,1
TXN_00000173,35000.0,10.463131911491967,18,2,25,0,0,1,0,0,1,0,0,1,0,111.68,2,4626779.0,0,1,500.0,500.0,500.0,0.0,70.0,0,0.0,0,0.0,0,0.0,1,1,0,1,0,1
TXN_00000172,48000.0,10.778977123006351,18,2,25,0,0,1,0,0,1,0,0,1,0,221.01,2,4634399.0,0,1,500.0,500.0,500.0,0.0,96.0,0,0.0,0,0.0,0,0.0,1,1,0,1,0,1
TXN_00000175,42000.0,10.645448706505872,19,2,25,0,0,1,0,0,1,0,0,1,0,115.98,2,4646219.0,0,1,500.0,500.0,500.0,0.0,84.0,0,0.0,0,0.0,0,0.0,1,1,0,1,0,1
TXN_00000174,35000.0,10.463131911491967,19,2,25,0,0,1,0,0,1,0,0,1,0,237.94,2,4635899.0,0,1,500.0,500.0,500.0,0.0,70.0,0,0.0,0,0.0,0,0.0,1,1,0,1,0,1
TXN_00001939,718.48,6.57852872885977,19,2,25,0,0,1,0,1,0,0,0,1,0,91.9,6,603008.0,0,5,5670.83,1134.17,2942.92,1092.24,0.6335,0,0.0,0,0.0,1,587.31,2,2,0,0,0,1
TXN_00001600,1893.15,7.546525468075751,19,2,25,0,0,0,1,0,0,1,0,0,1,356.29,1,-1.0,1,0,0.0,0.0,0.0,0.0,1.0,0,0.0,0,0.0,0,0.0,0,0,0,1,1,0
TXN_00000843,812.04,6.700780308829511,20,2,25,0,0,0,1,0,0,1,0,0,1,64.8,6,152925.0,0,5,5386.51,1077.3,2915.92,1106.28,0.7538,0,0.0,0,0.0,1,1280.08,1,1,1,0,0,0
TXN_00001159,960.01,6.867984814743416,21,2,25,0,0,1,0,0,0,1,0,1,0,184.59,5,339585.0,0,4,6447.26,1611.82,2150.01,406.31,0.5956,0,0.0,0,0.0,1,2150.01,1,1,1,0,0,1
TXN_00001711,847.84,6.743870711542849,21,2,25,0,0,0,1,1,0,0,0,0,1,88.36,4,3243443.0,0,3,5950.52,1983.51,4369.77,2070.17,0.4274,0,0.0,0,0.0,0,0.0,1,1,0,0,0,0
TXN_00000937,2974.47,7.998157288694977,22,2,25,0,0,0,1,0,0,0,1,0,1,85.47,4,1317140.0,0,3,4762.79,1587.6,3442.54,1654.6,1.8736,0,0.0,0,0.0,0,0.0,1,2,0,0,0,0
TXN_00000465,1494.64,7.31030948786433,22,2,25,0,0,0,1,0,0,0,1,0,1,105.1,5,553851.0,0,4,4779.76,1194.94,2810.43,1106.96,1.2508,0,0.0,0,0.0,1,2810.43,2,1,2,1,1,0
TXN_00001399,2984.82,8.00162969496935,23,2,25,0,0,1,0,1,0,0,0,1,0,80.14,7,411492.0,0,6,7098.16,1183.03,1899.61,600.2,2.523,0,0.0,0,0.0,1,1899.61,1,1,2,1,0,1
TXN_00001882,358.06,5.883489505442683,23,2,25,0,0,0,1,0,0,0,1,0,1,104.99,4,1206534.0,0,3,5501.38,1833.79,4439.75,2284.08,0.1953,0,0.0,0,0.0,0,0.0,1,1,3,1,0,0
TXN_00001980,1849.46,7.523189535813067,0,3,26,0,1,0,1,0,0,1,0,0,1,71.47,5,1226112.0,0,4,6223.78,1555.94,3844.38,1546.91,1.1886,0,0.0,0,0.0,0,0.0,1,2,2,0,0,0
TXN_00001476,81.04,4.40720693320418,1,3,26,0,1,0,1,1,0,0,0,0,1,65.95,9,556519.0,0,8,8740.1,1092.51,2493.72,828.44,0.0742,0,0.0,0,0.0,1,345.65,3,2,2,0,1,0
TXN_00000771,5134.74,8.543979221035448,1,3,26,0,1,1,0,1,0,0,0,1,0,184.77,6,15441.0,0,5,7407.27,1481.45,2150.01,456.93,3.466,0,0.0,1,960.01,2,3110.02,1,1,2,0,1,1
TXN_00000847,831.47,6.7243971851692494,3,3,26,0,1,0,1,1,0,0,0,0,1,155.59,2,1117691.0,0,1,1302.91,1302.91,1302.91,0.0,0.6382,0,0.0,0,0.0,0,0.0,1,1,0,0,0,0
TXN_00001548,627.14,6.442763071559319,3,3,26,0,1,0,1,1,0,0,0,0,1,109.97,5,305450.0,0,4,4108.19,1027.05,1638.04,748.82,0.6106,0,0.0,0,0.0,1,1638.04,3,2,1,0,0,0
TXN_00000360,90.72,4.518740457989703,3,3,26,0,1,0,1,0,0,1,0,0,1,94.14,7,122888.0,0,6,5646.62,941.1,2887.76,986.6,0.0964,0,0.0,0,0.0,2,634.26,3,2,3,1,0,0
TXN_00000363,1657.89,7.413903982989157,4,3,26,0,1,0,1,1,0,0,0,0,1,68.1,5,53759.0,0,4,8030.89,2007.72,4157.24,1585.6,0.8258,0,0.0,1,2142.65,1,2142.65,1,1,3,0,0,0
TXN_00000437,1703.73,7.44116201940644,6,3,26,0,0,0,1,1,0,0,0,0,1,69.7,7,644212.0,0,6,5108.19,851.37,1097.74,327.14,2.0012,0,0.0,0,0.0,0,0.0,3,1,1,0,0,0
TXN_00001083,704.89,6.559459417988575,7,3,26,0,0,0,1,1,0,0,0,0,1,189.0,4,1549600.0,0,3,1415.58,471.86,800.2,287.53,1.4939,0,0.0,0,0.0,0,0.0,1,1,2,0,0,0
TXN_00000403,355.62,5.8766707891059005,7,3,26,0,0,0,1,0,0,1,0,0,1,77.78,2,1376897.0,0,1,481.27,481.27,481.27,0.0,0.7389,0,0.0,0,0.0,0,0.0,1,1,0,1,0,0
TXN_00001414,1334.05,7.196724023316517,7,3,26,0,0,0,1,0,0,1,0,0,1,95.49,4,74921.0,0,3,1870.14,623.38,1460.23,725.06,2.14,0,0.0,1,1460.23,1,1460.23,1,1,1,0,0,0
TXN_00000772,213.54,5.368496201169283,8,3,26,0,0,0,1,0,0,1,0,0,1,278.08,9,826372.0,0,8,8535.66,1066.96,3053.69,1073.35,0.2001,0,0.0,0,0.0,0,0.0,3,2,3,0,0,0
TXN_00001291,798.31,6.683748855500791,10,3,26,0,0,0,1,1,0,0,0,0,1,262.18,6,550842.0,0,5,7187.95,1437.59,2943.03,1295.83,0.5553,0,0.0,0,0.0,1,1757.25,2,1,1,0,0,0
TXN_00000735,356.57,5.879331147162727,11,3,26,0,0,0,1,1,0,0,0,0,1,134.48,3,1133918.0,0,2,271.67,135.83,216.95,114.71,2.625,0,0.0,0,0.0,0,0.0,1,2,0,0,0,0
TXN_00001458,966.65,6.87487045164636,11,3,26,0,0,0,1,1,0,0,0,0,1,59.16,5,64303.0,0,4,2828.1,707.02,1273.43,424.79,1.3672,0,0.0,1,268.01,2,812.13,3,1,1,0,0,0
TXN_00001184,249.22,5.522340530889254,11,3,26,0,0,1,0,1,0,0,0,1,0,331.66,8,692036.0,0,7,6872.7,981.81,2001.62,646.47,0.2538,0,0.0,0,0.0,0,0.0,1,4,1,0,1,1
TXN_00001361,1233.14,7.118129650218127,13,3,26,0,0,0,1,1,0,0,0,0,1,171.07,5,1176025.0,0,4,2893.99,723.5,992.57,210.6,1.7044,0,0.0,0,0.0,0,0.0,2,4,0,1,0,0
TXN_00000637,75.71,4.3400320779712045,14,3,26,0,0,0,1,0,0,0,1,0,1,75.08,6,983875.0,0,5,7928.52,1585.7,2866.79,1197.98,0.0477,0,0.0,0,0.0,0,0.0,1,3,2,0,0,0
TXN_00000854,618.09,6.428250657915328,14,3,26,0,0,0,1,1,0,0,0,0,1,135.11,5,79073.0,0,4,7101.03,1775.26,3044.54,875.51,0.3482,0,0.0,1,1484.96,2,2520.72,2,1,1,1,0,0
TXN_00001001,52.2,3.9740583963475986,16,3,26,0,0,0,1,0,0,1,0,0,1,256.18,3,2716094.0,0,2,4935.39,2467.7,2502.63,49.41,0.0212,0,0.0,0,0.0,0,0.0,1,1,0,0,1,0
TXN_00001729,345.37,5.847507567857012,18,3,26,0,0,0,1,1,0,0,0,0,1,176.84,5,410042.0,0,4,6511.17,1627.79,2959.52,1188.82,0.2122,0,0.0,0,0.0,1,756.87,2,1,3,0,0,0
TXN_00000436,378.08,5.937747264601994,18,3,26,0,0,0,1,0,0,0,1,0,1,78.4,7,508132.0,0,6,5085.43,847.57,1835.9,609.95,0.4461,0,0.0,0,0.0,1,173.29,3,2,1,0,0,0
TXN_00001234,236.87,5.471724305952417,18,3,26,0,0,1,0,0,0,0,1,1,0,92.69,2,3351064.0,0,1,3529.81,3529.81,3529.81,0.0,0.0671,0,0.0,0,0.0,0,0.0,1,1,0,0,1,1
TXN_00000156,42000.0,10.645448706505872,18,3,26,0,0,1,0,0,1,0,0,1,0,317.33,2,4364699.0,0,1,500.0,500.0,500.0,0.0,84.0,0,0.0,0,0.0,0,0.0,1,1,0,1,0,1
TXN_00000157,48000.0,10.778977123006351,18,3,26,0,0,1,0,0,1,0,0,1,0,100.69,2,4382879.0,0,1,500.0,500.0,500.0,0.0,96.0,0,0.0,0,0.0,0,0.0,1,1,0,1,0,1
TXN_00000159,48000.0,10.778977123006351,19,3,26,0,0,1,0,0,1,0,0,1,0,122.35,2,4368959.0,0,1,500.0,500.0,500.0,0.0,96.0,0,0.0,0,0.0,0,0.0,1,1,0,1,0,1
TXN_00000155,48000.0,10.778977123006351,19,3,26,0,0,1,0,0,1,0,0,1,0,101.37,2,4405079.0,0,1,500.0,500.0,500.0,0.0,96.0,0,0.0,0,0.0,0,0.0,1,1,0,1,0,1
TXN_00000158,42000.0,10.645448706505872,19,3,26,0,0,1,0,0,1,0,0,1,0,100.57,2,4390979.0,0,1,500.0,500.0,500.0,0.0,84.0,0,0.0,0,0.0,0,0.0,1,1,0,1,0,1
TXN_00001140,2245.63,7.717186594630285,19,3,26,0,0,1,0,1,0,0,0,1,0,67.36,7,1307660.0,0,6,7062.59,1177.1,2138.65,813.75,1.9078,0,0.0,0,0.0,0,0.0,2,3,0,0,0,1
TXN_00001837,664.89,6.501124491733956,19,3,26,0,0,0,1,0,0,1,0,0,1,212.85,3,1689311.0,0,2,738.67,369.33,642.8,386.74,1.8002,0,0.0,0,0.0,0,0.0,1,1,0,0,0,0
TXN_00000296,450.0,6.111467339502679,20,3,26,0,0,0,1,0,0,0,1,0,1,96.16,4,1293270.0,0,3,7149.0,2383.0,5000.0,2273.17,0.1888,0,0.0,0,0.0,0,0.0,1,1,0,0,0,0
TXN_00000712,4252.72,8.3555491731896,20,3,26,0,0,0,1,1,0,0,0,0,1,145.9,6,278735.0,0,5,4370.6,874.12,2059.74,904.19,4.8651,0,0.0,0,0.0,1,1588.0,2,1,1,0,0,0
TXN_00000796,580.99,6.366453265453239,20,3,26,0,0,0,1,1,0,0,0,0,1,364.5,7,1378055.0,0,6,10426.76,1737.79,3384.4,1103.3,0.3343,0,0.0,0,0.0,0,0.0,2,3,2,0,0,0
TXN_00001892,2606.83,7.866273736872891,20,3,26,0,0,1,0,0,0,0,1,1,0,68.66,6,188968.0,0,5,5292.64,1058.53,1719.14,710.39,2.4627,0,0.0,0,0.0,3,3134.94,2,3,2,0,0,1
TXN_00000710,116.67,4.7678840964758376,22,3,26,0,0,0,1,0,0,1,0,0,1,168.42,4,403688.0,0,3,3373.67,1124.56,1715.5,699.6,0.1037,0,0.0,0,0.0,1,352.08,1,1,0,0,1,0
TXN_00001115,2140.86,7.6694298893945465,22,3,26,0,0,0,1,1,0,0,0,0,1,183.27,3,3119656.0,0,2,2018.38,1009.19,1863.94,1208.8,2.1214,0,0.0,0,0.0,0,0.0,1,1,0,0,0,0
TXN_00000475,1741.65,7.463162222143505,22,3,26,0,0,0,1,1,0,0,0,0,1,77.42,3,2954213.0,0,2,2767.6,1383.8,2649.96,1790.62,1.2586,0,0.0,0,0.0,0,0.0,1,1,0,1,0,0
TXN_00001659,700.4,6.5530783377060775,23,3,26,0,0,0,1,0,0,0,1,0,1,177.18,3,2238255.0,0,2,725.17,362.58,645.91,400.68,1.9317,0,0.0,0,0.0,0,0.0,1,1,1,0,0,0
TXN_00000474,3815.23,8.247018303288549,0,4,27,0,1,0,1,1,0,0,0,0,1,163.05,8,1025518.0,0,7,9347.32,1335.33,2266.24,905.63,2.8571,0,0.0,0,0.0,0,0.0,2,1,2,0,0,0
TXN_00001177,79.2,4.384523514872469,4,4,27,0,1,0,1,1,0,0,0,0,1,218.16,6,2430142.0,0,5,13927.19,2785.44,5805.65,2144.72,0.0284,0,0.0,0,0.0,0,0.0,1,2,2,0,0,0
TXN_00001768,585.07,6.373439236367876,6,4,27,0,0,0,1,1,0,0,0,0,1,322.83,4,930122.0,0,3,4709.76,1569.92,2505.83,1217.28,0.3727,0,0.0,0,0.0,0,0.0,3,2,0,0,0,0
TXN_00000241,1250.0,7.1316985104669115,6,4,27,0,0,0,1,0,0,0,1,0,1,65.05,4,1558281.0,0,3,8650.0,2883.33,5000.0,2483.11,0.4335,0,0.0,0,0.0,0,0.0,1,1,0,0,0,0
TXN_00001867,218.68,5.392171942019661,8,4,27,0,0,1,0,0,0,1,0,1,0,77.35,3,460763.0,0,2,2031.41,1015.7,1435.1,593.11,0.2153,0,0.0,0,0.0,1,1435.1,2,1,1,0,0,1
TXN_00001582,2121.34,7.660274532540778,8,4,27,0,0,0,1,1,0,0,0,0,1,135.34,4,74527.0,0,3,628.24,209.41,356.57,151.07,10.1299,0,0.0,1,356.57,1,356.57,1,2,0,0,0,0
TXN_00001958,1113.22,7.01590988752434,9,4,27,0,0,0,1,0,0,1,0,0,1,202.2,2,4970953.0,0,1,3656.8,3656.8,3656.8,0.0,0.3044,0,0.0,0,0.0,0,0.0,1,1,0,0,0,0
TXN_00001532,552.4,6.316081067352825,10,4,27,0,0,1,0,1,0,0,0,1,0,205.78,3,629602.0,0,2,876.9,438.45,652.44,302.63,1.2599,0,0.0,0,0.0,0,0.0,1,1,1,0,0,1
TXN_00000476,4390.25,8.387369203580036,10,4,27,0,0,0,1,1,0,0,0,0,1,208.7,2,2759447.0,0,1,430.36,430.36,430.36,0.0,10.2013,0,0.0,0,0.0,0,0.0,1,1,0,0,0,0
TXN_00001723,843.96,6.739289288958623,11,4,27,0,0,0,1,0,0,0,1,0,1,111.3,6,114980.0,0,5,4735.33,947.07,1638.04,672.71,0.8911,0,0.0,0,0.0,2,2265.18,3,2,1,0,0,0
TXN_00001674,958.46,6.866370626199406,12,4,27,0,0,0,1,1,0,0,0,0,1,79.15,8,64608.0,0,7,5463.51,780.5,1835.9,584.4,1.228,0,0.0,1,378.08,2,551.37,3,2,1,0,1,0
TXN_00000877,886.72,6.788656377954529,13,4,27,0,0,0,1,0,0,0,1,0,1,77.91,4,1117014.0,0,3,3283.82,1094.61,1396.51,480.48,0.8101,0,0.0,0,0.0,0,0.0,1,1,2,0,0,0
TXN_00000585,3468.19,8.15167641629721,14,4,27,0,0,0,1,1,0,0,0,0,1,316.67,3,714446.0,0,2,4763.31,2381.65,4150.37,2501.34,1.4562,0,0.0,0,0.0,0,0.0,2,1,1,0,0,0
TXN_00001211,1763.24,7.475475281733942,16,4,27,0,0,0,1,0,0,1,0,0,1,80.52,3,1016214.0,0,2,1866.48,933.24,1126.41,273.18,1.8894,0,0.0,0,0.0,0,0.0,1,1,0,0,0,0
TXN_00000903,78.97,4.381651564343798,18,4,27,0,0,0,1,0,0,0,1,0,1,66.29,1,-1.0,1,0,0.0,0.0,0.0,0.0,1.0,0,0.0,0,0.0,0,0.0,0,0,0,1,1,0
TXN_00001375,4919.96,8.501258912403761,19,4,27,0,0,0,1,0,0,0,1,0,1,223.76,4,1031004.0,0,3,4656.1,1552.03,2618.82,929.82,3.17,0,0.0,0,0.0,0,0.0,2,2,1,0,0,0
TXN_00001941,2886.35,7.968094405428754,19,4,27,0,0,0,1,0,0,1,0,0,1,84.68,4,1070846.0,0,3,7781.72,2593.91,5006.54,2409.38,1.1127,0,0.0,0,0.0,0,0.0,1,2,0,0,0,0
TXN_00001213,4707.9,8.457209614086873,20,4,27,0,0,0,1,1,0,0,0,0,1,160.41,5,397418.0,0,4,7795.84,1948.96,3533.78,1330.13,2.4156,0,0.0,0,0.0,1,2526.34,1,1,2,0,1,0
TXN_00000273,3500.0,8.160803920954665,21,4,27,0,0,0,1,0,0,1,0,0,1,237.01,3,3318986.0,0,2,1049.0,524.5,899.0,529.62,6.673,0,0.0,0,0.0,0,0.0,1,1,0,0,0,0
TXN_00001388,4250.33,8.354987154139057,22,4,27,0,0,0,1,0,0,1,0,0,1,95.37,4,1995898.0,0,3,5017.63,1672.54,2320.2,908.18,2.5412,0,0.0,0,0.0,0,0.0,1,3,0,1,0,0
TXN_00001720,1342.1,7.202735653915029,23,4,27,0,0,1,0,1,0,0,0,1,0,228.6,6,960802.0,0,5,3395.47,679.09,1476.77,537.31,1.9763,0,0.0,0,0.0,0,0.0,2,1,1,0,0,1
TXN_00000983,55.99,4.0428758138469085,23,4,27,0,0,1,0,1,0,0,0,1,0,68.68,4,1329351.0,0,3,7585.86,2528.62,4525.16,1925.9,0.0221,0,0.0,0,0.0,0,0.0,2,1,2,0,1,1
TXN_00001626,2662.3,7.887321234369334,23,4,27,0,0,1,0,0,0,0,1,1,0,136.12,4,280121.0,0,3,2450.56,816.85,1773.57,831.8,3.2592,0,0.0,0,0.0,1,412.01,1,2,2,0,0,1
TXN_00001220,298.12,5.700844830668858,23,4,27,0,0,1,0,1,0,0,0,1,0,103.0,4,1155242.0,0,3,4057.98,1352.66,2951.06,1398.09,0.2204,0,0.0,0,0.0,0,0.0,1,1,2,0,0,1
TXN_00001044,278.51,5.633038070130444,1,5,28,1,1,0,1,0,0,0,1,0,1,74.91,8,280046.0,0,7,9166.86,1309.55,4084.74,1314.63,0.2127,0,0.0,0,0.0,2,539.14,1,2,2,1,0,0
TXN_00001792,890.44,6.792838132738798,1,5,28,1,1,0,1,1,0,0,0,0,1,317.13,4,39628.0,0,3,8231.5,2743.83,4150.37,1876.67,0.3245,0,0.0,1,3468.19,1,3468.19,2,1,1,0,0,0
TXN_00001014,252.31,5.534614035107159,1,5,28,1,1,1,0,0,0,0,1,1,0,100.3,2,4654422.0,0,1,969.46,969.46,969.46,0.0,0.2603,0,0.0,0,0.0,0,0.0,1,1,1,1,1,1
TXN_00000609,312.36,5.747352689357576,2,5,28,1,1,1,0,0,0,0,1,1,0,84.1,5,931481.0,0,4,5800.75,1450.19,2705.69,850.9,0.2154,0,0.0,0,0.0,0,0.0,2,1,0,0,0,1
TXN_00001332,1762.75,7.475197503167024,3,5,28,1,1,1,0,1,0,0,0,1,0,63.0,6,1102183.0,0,5,7001.45,1400.29,2174.36,813.56,1.2588,0,0.0,0,0.0,0,0.0,2,2,1,0,1,1
TXN_00001490,1186.9,7.079942321295494,3,5,28,1,1,0,1,0,0,0,1,0,1,156.33,5,1445873.0,0,4,6715.37,1678.84,2990.3,1241.1,0.707,0,0.0,0,0.0,0,0.0,2,1,0,0,0,0
TXN_00000787,552.24,6.315791903756507,5,5,28,1,1,0,1,0,0,0,1,0,1,62.72,2,2618776.0,0,1,167.29,167.29,167.29,0.0,3.3011,0,0.0,0,0.0,0,0.0,1,1,0,0,0,0
TXN_00001383,349.17,5.858418750848172,5,5,28,1,1,0,1,0,0,1,0,0,1,319.74,6,1031828.0,0,5,3916.47,783.29,1417.89,552.21,0.4458,0,0.0,0,0.0,0,0.0,1,3,2,1,1,0
TXN_00001340,989.02,6.897725144944779,7,5,28,1,0,0,1,0,0,1,0,0,1,128.78,7,1481967.0,0,6,7880.55,1313.42,3399.48,1047.33,0.753,0,0.0,0,0.0,0,0.0,3,2,2,0,0,0
TXN_00001533,798.44,6.683911482553534,8,5,28,1,0,0,1,0,0,1,0,0,1,61.36,6,551481.0,0,5,5162.62,1032.52,2038.2,698.74,0.7733,0,0.0,0,0.0,1,2038.2,2,2,1,0,0,0
TXN_00000776,2726.61,7.9111810468664965,8,5,28,1,0,0,1,0,0,1,0,0,1,239.78,7,1647569.0,0,6,6010.07,1001.68,1838.03,664.43,2.722,0,0.0,0,0.0,0,0.0,2,1,2,0,0,0
TXN_00000510,6206.88,8.733574731779322,10,5,28,1,0,0,1,1,0,0,0,0,1,274.69,4,237075.0,0,3,2297.16,765.72,1133.96,568.77,8.1059,0,0.0,0,0.0,1,1052.55,1,1,1,0,0,0
TXN_00001965,2677.78,7.893116745978459,12,5,28,1,0,1,0,1,0,0,0,1,0,91.8,3,1978335.0,0,2,2261.56,1130.78,1243.11,158.86,2.3681,0,0.0,0,0.0,0,0.0,1,2,0,0,0,1
TXN_00001725,1624.37,7.393490761153571,12,5,28,1,0,0,1,1,0,0,0,0,1,71.56,7,359620.0,0,6,10764.36,1794.06,8411.66,3250.18,0.9054,0,0.0,0,0.0,1,269.2,2,1,3,0,0,0
TXN_00000496,681.63,6.525952985111305,12,5,28,1,0,1,0,0,0,1,0,1,0,112.52,5,1132121.0,0,4,7686.32,1921.58,5184.64,2271.86,0.3547,0,0.0,0,0.0,0,0.0,1,2,3,0,0,1
TXN_00000534,2671.7,7.890844476394708,13,5,28,1,0,0,1,0,0,1,0,0,1,158.15,4,278637.0,0,3,2722.21,907.4,1178.25,244.21,2.9443,0,0.0,0,0.0,1,704.02,3,1,0,0,0,0
TXN_00000358,2489.46,7.820222711352437,16,5,28,1,0,0,1,1,0,0,0,0,1,81.46,3,2378929.0,0,2,2204.17,1102.09,2055.16,1347.85,2.2589,0,0.0,0,0.0,0,0.0,1,1,1,1,0,0
TXN_00001059,1877.84,7.538409844111432,16,5,28,1,0,0,1,0,0,1,0,0,1,206.05,3,372625.0,0,2,1193.29,596.64,1111.19,727.68,3.1473,0,0.0,0,0.0,1,82.1,2,1,1,1,0,0
TXN_00000835,1860.18,7.528965974157331,17,5,28,1,0,0,1,1,0,0,0,0,1,66.04,3,515863.0,0,2,1270.76,635.38,777.07,200.38,2.9277,0,0.0,0,0.0,1,493.69,1,2,0,0,1,0
TXN_00000379,3026.3,8.015426412138593,18,5,28,1,0,0,1,0,0,1,0,0,1,209.3,3,2118795.0,0,2,3039.61,1519.8,1526.52,9.5,1.9912,0,0.0,0,0.0,0,0.0,2,1,0,0,0,0
TXN_00000514,262.96,5.575797576515221,18,5,28,1,0,0,1,0,0,1,0,0,1,132.09,6,554268.0,0,5,9224.79,1844.96,3258.05,1066.55,0.1425,0,0.0,0,0.0,1,1529.04,1,4,1,1,0,0
TXN_00001950,256.16,5.549698459273486,19,5,28,1,0,0,1,1,0,0,0,0,1,117.55,5,293881.0,0,4,2795.02,698.75,1273.89,568.4,0.3666,0,0.0,0,0.0,1,1273.89,1,1,1,0,0,0
TXN_00001062,607.84,6.4115555074114665,19,5,28,1,0,1,0,1,0,0,0,1,0,107.1,2,3248904.0,0,1,293.45,293.45,293.45,0.0,2.0714,0,0.0,0,0.0,0,0.0,1,1,0,0,0,1
TXN_00000383,938.97,6.845847959861142,20,5,28,1,0,1,0,1,0,0,0,1,0,81.53,3,424099.0,0,2,4001.11,2000.55,2173.1,244.02,0.4694,0,0.0,0,0.0,1,2173.1,1,1,0,0,0,1
TXN_00001286,2822.53,7.945743154167124,20,5,28,1,0,1,0,1,0,0,0,1,0,222.96,4,647826.0,0,3,3435.95,1145.32,1751.94,910.1,2.4644,0,0.0,0,0.0,0,0.0,2,2,1,1,0,1
TXN_00001820,127.84,4.858571324462998,21,5,28,1,0,0,1,1,0,0,0,0,1,63.77,6,900892.0,0,5,7921.17,1584.23,4028.53,1431.09,0.0807,0,0.0,0,0.0,0,0.0,1,3,2,0,0,0
TXN_00000867,1486.43,7.304805077488954,21,5,28,1,0,0,1,1,0,0,0,0,1,238.92,6,1396604.0,0,5,8513.84,1702.77,3842.7,1336.86,0.8729,0,0.0,0,0.0,0,0.0,2,1,1,0,0,0
TXN_00000894,250.51,5.527482750180741,21,5,28,1,0,0,1,1,0,0,0,0,1,112.12,5,752793.0,0,4,2139.86,534.97,1039.64,345.08,0.4683,0,0.0,0,0.0,0,0.0,2,1,1,1,0,0
TXN_00001714,653.34,6.483627094043459,22,5,28,1,0,0,1,1,0,0,0,0,1,220.04,3,1747146.0,0,2,2069.8,1034.9,1550.66,729.39,0.6313,0,0.0,0,0.0,0,0.0,1,1,2,0,0,0
TXN_00001323,467.91,6.150410852376984,22,5,28,1,0,0,1,0,0,1,0,0,1,138.08,7,2324195.0,0,6,5415.23,902.54,1591.13,464.85,0.5184,0,0.0,0,0.0,0,0.0,3,2,3,1,0,0
TXN_00000319,292.9,5.6832395734248715,23,5,28,1,0,0,1,1,0,0,0,0,1,121.24,8,848227.0,0,7,6100.52,871.5,2554.66,890.8,0.3361,0,0.0,0,0.0,0,0.0,3,3,1,0,0,0
TXN_00000798,1194.08,7.085968407731548,23,5,28,1,0,0,1,1,0,0,0,0,1,229.63,7,88834.0,0,6,4737.57,789.59,1476.77,551.57,1.5123,0,0.0,0,0.0,1,1342.1,2,1,2,0,0,0
TXN_00001261,1141.94,7.041359168978662,0,6,1,1,1,0,1,1,0,0,0,0,1,85.0,6,78332.0,0,5,6113.11,1222.62,2705.69,895.52,0.934,0,0.0,1,312.36,1,312.36,2,1,1,0,0,0
TXN_00000839,914.93,6.819939942540059,1,6,1,1,1,0,1,0,0,1,0,0,1,142.88,8,369904.0,0,7,6485.59,926.51,2150.63,659.51,0.9875,0,0.0,0,0.0,2,2122.92,1,2,1,0,0,0
TXN_00001827,2099.56,7.6499592548289455,2,6,1,1,1,0,1,1,0,0,0,0,1,79.09,3,910423.0,0,2,3821.44,1910.72,2036.41,177.75,1.0988,0,0.0,0,0.0,0,0.0,2,1,0,0,0,0
TXN_00000619,2284.04,7.734138808645546,2,6,1,1,1,0,1,1,0,0,0,0,1,174.83,5,510228.0,0,4,4735.19,1183.8,1773.41,680.56,1.9294,0,0.0,0,0.0,1,1397.25,2,2,1,0,0,0
TXN_00001074,284.35,5.653716496982717,3,6,1,1,1,0,1,1,0,0,0,0,1,101.43,2,3584691.0,0,1,235.98,235.98,235.98,0.0,1.205,0,0.0,0,0.0,0,0.0,1,1,0,0,0,0
TXN_00000840,543.19,6.299298450583105,4,6,1,1,1,0,1,0,0,1,0,0,1,71.13,4,4225564.0,0,3,2531.09,843.7,1185.71,537.04,0.6438,0,0.0,0,0.0,0,0.0,2,1,1,0,0,0
TXN_00000879,995.72,6.904469887990608,5,6,1,1,1,1,0,1,0,0,0,1,0,225.93,5,1471316.0,0,4,9448.16,2362.04,4408.99,1838.73,0.4216,0,0.0,0,0.0,0,0.0,2,1,2,0,0,1
TXN_00000378,938.72,6.845581958550847,9,6,1,1,0,1,0,1,0,0,0,1,0,97.36,8,278602.0,0,7,5737.34,819.62,2887.76,956.28,1.1453,0,0.0,0,0.0,2,299.08,4,2,3,0,1,1
TXN_00000440,933.74,6.8402684157523925,9,6,1,1,0,0,1,1,0,0,0,0,1,298.73,3,1598255.0,0,2,4550.3,2275.15,4312.32,2880.99,0.4104,0,0.0,0,0.0,0,0.0,1,1,0,1,0,0
TXN_00000522,751.4,6.623268097426875,10,6,1,1,0,0,1,1,0,0,0,0,1,80.12,4,2774025.0,0,3,1539.13,513.04,1208.76,612.59,1.4646,0,0.0,0,0.0,0,0.0,1,2,0,0,0,0
TXN_00000670,138.35,4.936988753927957,10,6,1,1,0,0,1,1,0,0,0,0,1,187.37,2,2391172.0,0,1,811.83,811.83,811.83,0.0,0.1704,0,0.0,0,0.0,0,0.0,1,1,0,1,0,0
TXN_00000277,450.0,6.111467339502679,10,6,1,1,0,0,1,0,0,0,1,0,1,67.2,5,1016466.0,0,4,6197.0,1549.25,3500.0,1300.5,0.2905,0,0.0,0,0.0,0,0.0,1,1,0,0,0,0
TXN_00000765,1683.5,7.4292240628466075,12,6,1,1,0,0,1,0,0,0,1,0,1,79.19,6,1097283.0,0,5,4932.71,986.54,2815.57,1195.77,1.7065,0,0.0,0,0.0,0,0.0,1,1,2,0,0,0
TXN_00001058,1107.09,7.010393091445282,12,6,1,1,0,0,1,0,0,0,1,0,1,265.48,4,1254068.0,0,3,3485.57,1161.86,2461.37,1163.48,0.9529,0,0.0,0,0.0,0,0.0,1,1,2,0,0,0
TXN_00001277,731.72,6.596763637094732,12,6,1,1,0,0,1,1,0,0,0,0,1,120.72,5,422202.0,0,4,4604.03,1151.01,2028.68,676.57,0.6357,0,0.0,0,0.0,1,2028.68,1,1,1,0,1,0
TXN_00000671,709.0,6.565264970035361,13,6,1,1,0,0,1,1,0,0,0,0,1,66.61,3,368475.0,0,2,1680.17,840.08,1434.58,840.74,0.844,0,0.0,0,0.0,1,1434.58,1,1,0,0,0,0
TXN_00001067,5122.18,8.541530618984657,13,6,1,1,0,0,1,1,0,0,0,0,1,71.53,5,34198.0,0,4,3074.28,768.57,1185.71,463.52,6.6646,0,0.0,1,543.19,1,543.19,2,1,1,0,0,0
TXN_00001629,2971.59,7.997188905650736,14,6,1,1,0,0,1,1,0,0,0,0,1,215.62,4,239248.0,0,3,1403.56,467.85,664.89,322.34,6.3515,0,0.0,0,0.0,1,664.89,1,1,0,0,0,0
TXN_00000371,804.15,6.691028595464005,14,6,1,1,0,1,0,0,0,0,1,1,0,86.91,7,760074.0,0,6,13186.96,2197.83,4842.69,1627.26,0.3659,0,0.0,0,0.0,0,0.0,2,1,2,0,0,1
TXN_00001741,1184.93,7.07828255589338,15,6,1,1,0,0,1,1,0,0,0,0,1,92.12,5,325056.0,0,4,6798.36,1699.59,4369.77,1783.11,0.6972,0,0.0,0,0.0,1,847.84,1,1,0,0,1,0
TXN_00000635,273.14,5.613638924803235,16,6,1,1,0,0,1,1,0,0,0,0,1,230.33,8,60373.0,0,7,5931.65,847.38,1476.77,526.21,0.3223,0,0.0,1,1194.08,2,2536.18,2,1,2,0,1,0
TXN_00000960,522.95,6.261396259920951,16,6,1,1,0,1,0,1,0,0,0,1,0,130.34,6,2805182.0,0,5,2139.98,428.0,621.08,174.77,1.2219,0,0.0,0,0.0,0,0.0,2,3,2,0,0,1
TXN_00000517,173.99,5.164728829433656,16,6,1,1,0,0,1,1,0,0,0,0,1,163.58,6,1913704.0,0,5,8573.38,1714.68,3269.87,1090.73,0.1015,0,0.0,0,0.0,0,0.0,2,1,1,0,0,0
TXN_00001204,3207.67,8.073611800047512,17,6,1,1,0,0,1,0,0,1,0,0,1,176.84,4,3010632.0,0,3,2187.71,729.24,1471.24,675.98,4.3987,0,0.0,0,0.0,0,0.0,2,2,1,0,0,0
TXN_00000651,2500.42,7.82461384960535,17,6,1,1,0,1,0,0,0,1,0,1,0,71.23,4,949679.0,0,3,2450.47,816.82,1693.55,760.62,3.0612,0,0.0,0,0.0,0,0.0,1,1,2,0,0,1
TXN_00000858,602.38,6.402547180666852,17,6,1,1,0,1,0,1,0,0,0,1,0,98.91,5,295248.0,0,4,3204.19,801.05,1460.23,690.46,0.752,0,0.0,0,0.0,2,2794.28,1,1,1,0,0,1
TXN_00001795,1755.43,7.471038618933404,17,6,1,1,0,0,1,0,0,0,1,0,1,63.74,5,2502636.0,0,4,6307.19,1576.8,3234.07,1241.19,1.1133,0,0.0,0,0.0,0,0.0,1,2,1,0,0,0
TXN_00001866,2763.81,7.924727195501344,17,6,1,1,0,0,1,0,0,1,0,0,1,91.74,6,2545458.0,0,5,5724.37,1144.87,2114.31,613.72,2.4141,0,0.0,0,0.0,0,0.0,1,2,1,0,0,0
