transaction_id,account_id,timestamp,scenario_type,ground_truth_label,is_ring
TXN_00000646,ACC_000054,2025-12-31T19:10:18+00:00,LEGITIMATE,legitimate,0
TXN_00000679,ACC_000175,2025-12-31T19:12:23+00:00,LEGITIMATE,legitimate,0
TXN_00001702,ACC_000295,2025-12-31T19:22:51+00:00,LEGITIMATE,legitimate,0
TXN_00001898,ACC_000253,2025-12-31T20:28:13+00:00,LEGITIMATE,legitimate,0
TXN_00001515,ACC_000288,2025-12-31T20:33:07+00:00,LEGITIMATE,legitimate,0
TXN_00000438,ACC_000444,2025-12-31T22:17:36+00:00,LEGITIMATE,legitimate,0
TXN_00001673,ACC_000297,2025-12-31T22:29:20+00:00,LEGITIMATE,legitimate,0
TXN_00001531,ACC_000009,2025-12-31T23:46:07+00:00,LEGITIMATE,legitimate,0
TXN_00001975,ACC_000357,2026-01-01T00:39:30+00:00,LEGITIMATE,legitimate,0
TXN_00001565,ACC_000345,2026-01-01T03:24:39+00:00,LEGITIMATE,legitimate,0
TXN_00000784,ACC_000187,2026-01-01T03:55:53+00:00,LEGITIMATE,legitimate,0
TXN_00000328,ACC_000353,2026-01-01T04:09:44+00:00,LEGITIMATE,legitimate,0
TXN_00000981,ACC_000204,2026-01-01T04:16:23+00:00,LEGITIMATE,legitimate,0
TXN_00001432,ACC_000246,2026-01-01T06:11:05+00:00,LEGITIMATE,legitimate,0
TXN_00000380,ACC_000301,2026-01-01T06:51:09+00:00,LEGITIMATE,legitimate,0
TXN_00001003,ACC_000337,2026-01-01T11:13:50+00:00,LEGITIMATE,legitimate,0
TXN_00000595,ACC_000220,2026-01-01T11:15:19+00:00,LEGITIMATE,legitimate,0
TXN_00000483,ACC_000198,2026-01-01T12:54:06+00:00,LEGITIMATE,legitimate,0
TXN_00001031,ACC_000175,2026-01-01T13:18:43+00:00,LEGITIMATE,legitimate,0
TXN_00000359,ACC_000041,2026-01-01T16:23:21+00:00,LEGITIMATE,legitimate,0
TXN_00001235,ACC_000271,2026-01-01T18:45:19+00:00,LEGITIMATE,legitimate,0
TXN_00000260,ACC_000412,2026-01-01T19:40:35+00:00,LEGITIMATE_LOOKALIKE,legitimate,0
TXN_00000413,ACC_000025,2026-01-01T20:31:17+00:00,LEGITIMATE,legitimate,0
TXN_00000453,ACC_000398,2026-01-01T20:46:41+00:00,LEGITIMATE,legitimate,0
TXN_00001809,ACC_000410,2026-01-01T22:00:22+00:00,LEGITIMATE,legitimate,0
TXN_00000408,ACC_000335,2026-01-01T22:30:48+00:00,LEGITIMATE,legitimate,0
TXN_00001194,ACC_000260,2026-01-01T22:42:05+00:00,LEGITIMATE,legitimate,0
TXN_00001914,ACC_000142,2026-01-01T22:52:35+00:00,LEGITIMATE,legitimate,0
TXN_00000249,ACC_000473,2026-01-02T00:54:42+00:00,LEGITIMATE_LOOKALIKE,legitimate,0
TXN_00001604,ACC_000095,2026-01-02T01:23:55+00:00,LEGITIMATE,legitimate,0
TXN_00001779,ACC_000431,2026-01-02T02:29:19+00:00,LEGITIMATE,legitimate,0
TXN_00001767,ACC_000270,2026-01-02T03:17:53+00:00,LEGITIMATE,legitimate,0
TXN_00000439,ACC_000119,2026-01-02T03:32:13+00:00,LEGITIMATE,legitimate,0
TXN_00000449,ACC_000009,2026-01-02T04:57:35+00:00,LEGITIMATE,legitimate,0
TXN_00000573,ACC_000396,2026-01-02T05:00:21+00:00,LEGITIMATE,legitimate,0
TXN_00000367,ACC_000220,2026-01-02T05:57:43+00:00,LEGITIMATE,legitimate,0
TXN_00001624,ACC_000364,2026-01-02T06:15:44+00:00,LEGITIMATE,legitimate,0
TXN_00001276,ACC_000163,2026-01-02T06:18:19+00:00,LEGITIMATE,legitimate,0
TXN_00001550,ACC_000492,2026-01-02T07:20:18+00:00,LEGITIMATE,legitimate,0
TXN_00001648,ACC_000459,2026-01-02T09:30:31+00:00,LEGITIMATE,legitimate,0
TXN_00001451,ACC_000441,2026-01-02T09:33:10+00:00,LEGITIMATE,legitimate,0
TXN_00000481,ACC_000447,2026-01-02T10:34:27+00:00,LEGITIMATE,legitimate,0
TXN_00001221,ACC_000259,2026-01-02T11:13:46+00:00,LEGITIMATE,legitimate,0
TXN_00000914,ACC_000001,2026-01-02T12:05:51+00:00,LEGITIMATE,legitimate,0
TXN_00000731,ACC_000104,2026-01-02T12:49:28+00:00,LEGITIMATE,legitimate,0
TXN_00000751,ACC_000274,2026-01-02T12:59:26+00:00,LEGITIMATE,legitimate,0
TXN_00000575,ACC_000369,2026-01-02T13:08:37+00:00,LEGITIMATE,legitimate,0
TXN_00001997,ACC_000036,2026-01-02T13:10:24+00:00,LEGITIMATE,legitimate,0
TXN_00000443,ACC_000435,2026-01-02T16:12:05+00:00,LEGITIMATE,legitimate,0
TXN_00001873,ACC_000117,2026-01-02T16:27:50+00:00,LEGITIMATE,legitimate,0
TXN_00001753,ACC_000458,2026-01-02T17:06:50+00:00,LEGITIMATE,legitimate,0
TXN_00000957,ACC_000205,2026-01-02T17:52:40+00:00,LEGITIMATE,legitimate,0
TXN_00000390,ACC_000382,2026-01-02T18:37:20+00:00,LEGITIMATE,legitimate,0
TXN_00001884,ACC_000403,2026-01-02T19:39:47+00:00,LEGITIMATE,legitimate,0
TXN_00000243,ACC_000127,2026-01-02T20:15:31+00:00,LEGITIMATE_LOOKALIKE,legitimate,0
TXN_00000160,ACC_000326,2026-01-02T22:30:00+00:00,HISTORICAL_CONNECTION_RING,ring,1
TXN_00000162,ACC_000074,2026-01-02T22:30:00+00:00,HISTORICAL_CONNECTION_RING,ring,1
TXN_00001333,ACC_000492,2026-01-02T22:43:20+00:00,LEGITIMATE,legitimate,0
TXN_00001465,ACC_000093,2026-01-02T23:51:30+00:00,LEGITIMATE,legitimate,0
TXN_00001442,ACC_000090,2026-01-02T23:57:32+00:00,LEGITIMATE,legitimate,0
TXN_00001749,ACC_000116,2026-01-03T00:24:31+00:00,LEGITIMATE,legitimate,0
TXN_00000170,ACC_000234,2026-01-03T00:30:00+00:00,HISTORICAL_CONNECTION_RING,ring,1
TXN_00001086,ACC_000110,2026-01-03T01:00:17+00:00,LEGITIMATE,legitimate,0
TXN_00000791,ACC_000141,2026-01-03T01:58:29+00:00,LEGITIMATE,legitimate,0
TXN_00001195,ACC_000168,2026-01-03T02:05:06+00:00,LEGITIMATE,legitimate,0
TXN_00001696,ACC_000284,2026-01-03T02:10:08+00:00,LEGITIMATE,legitimate,0
TXN_00000166,ACC_000281,2026-01-03T02:30:00+00:00,HISTORICAL_CONNECTION_RING,ring,1
TXN_00000167,ACC_000493,2026-01-03T03:30:00+00:00,HISTORICAL_CONNECTION_RING,ring,1
TXN_00000169,ACC_000102,2026-01-03T03:30:00+00:00,HISTORICAL_CONNECTION_RING,ring,1
TXN_00000995,ACC_000081,2026-01-03T03:37:37+00:00,LEGITIMATE,legitimate,0
TXN_00001150,ACC_000105,2026-01-03T04:29:57+00:00,LEGITIMATE,legitimate,0
TXN_00000161,ACC_000160,2026-01-03T05:30:00+00:00,HISTORICAL_CONNECTION_RING,ring,1
TXN_00000168,ACC_000354,2026-01-03T05:30:00+00:00,HISTORICAL_CONNECTION_RING,ring,1
TXN_00001325,ACC_000040,2026-01-03T06:42:39+00:00,LEGITIMATE,legitimate,0
TXN_00001657,ACC_000413,2026-01-03T08:02:29+00:00,LEGITIMATE,legitimate,0
TXN_00001344,ACC_000195,2026-01-03T09:17:45+00:00,LEGITIMATE,legitimate,0
TXN_00001992,ACC_000439,2026-01-03T10:28:57+00:00,LEGITIMATE,legitimate,0
TXN_00001327,ACC_000308,2026-01-03T10:48:32+00:00,LEGITIMATE,legitimate,0
TXN_00001271,ACC_000101,2026-01-03T13:06:02+00:00,LEGITIMATE,legitimate,0
TXN_00001175,ACC_000284,2026-01-03T13:51:49+00:00,LEGITIMATE,legitimate,0
TXN_00000681,ACC_000186,2026-01-03T14:37:42+00:00,LEGITIMATE,legitimate,0
TXN_00000468,ACC_000478,2026-01-03T16:05:51+00:00,LEGITIMATE,legitimate,0
TXN_00000289,ACC_000318,2026-01-03T17:03:13+00:00,LEGITIMATE_LOOKALIKE,legitimate,0
TXN_00001169,ACC_000490,2026-01-03T17:21:31+00:00,LEGITIMATE,legitimate,0
TXN_00000301,ACC_000476,2026-01-03T17:40:50+00:00,LEGITIMATE_LOOKALIKE,legitimate,0
TXN_00001358,ACC_000043,2026-01-03T17:59:31+00:00,LEGITIMATE,legitimate,0
TXN_00001574,ACC_000445,2026-01-03T18:44:46+00:00,LEGITIMATE,legitimate,0
TXN_00000506,ACC_000025,2026-01-03T21:29:39+00:00,LEGITIMATE,legitimate,0
TXN_00000490,ACC_000212,2026-01-03T21:45:52+00:00,LEGITIMATE,legitimate,0
TXN_00001028,ACC_000398,2026-01-03T22:01:49+00:00,LEGITIMATE,legitimate,0
TXN_00000653,ACC_000357,2026-01-03T22:25:29+00:00,LEGITIMATE,legitimate,0
TXN_00000668,ACC_000295,2026-01-04T00:58:58+00:00,LEGITIMATE,legitimate,0
TXN_00001538,ACC_000323,2026-01-04T02:02:15+00:00,LEGITIMATE,legitimate,0
TXN_00001124,ACC_000443,2026-01-04T02:53:13+00:00,LEGITIMATE,legitimate,0
TXN_00001329,ACC_000310,2026-01-04T03:51:31+00:00,LEGITIMATE,legitimate,0
TXN_00001905,ACC_000350,2026-01-04T05:43:25+00:00,LEGITIMATE,legitimate,0
TXN_00000599,ACC_000299,2026-01-04T05:53:24+00:00,LEGITIMATE,legitimate,0
TXN_00001996,ACC_000030,2026-01-04T06:15:23+00:00,LEGITIMATE,legitimate,0
TXN_00001903,ACC_000009,2026-01-04T06:17:41+00:00,LEGITIMATE,legitimate,0
TXN_00001662,ACC_000020,2026-01-04T07:05:56+00:00,LEGITIMATE,legitimate,0
TXN_00001138,ACC_000429,2026-01-04T07:18:02+00:00,LEGITIMATE,legitimate,0
TXN_00001923,ACC_000167,2026-01-04T09:08:27+00:00,LEGITIMATE,legitimate,0
TXN_00000414,ACC_000323,2026-01-04T09:13:29+00:00,LEGITIMATE,legitimate,0
TXN_00001018,ACC_000373,2026-01-04T09:38:58+00:00,LEGITIMATE,legitimate,0
TXN_00000719,ACC_000243,2026-01-04T10:59:40+00:00,LEGITIMATE,legitimate,0
TXN_00001355,ACC_000416,2026-01-04T11:50:28+00:00,LEGITIMATE,legitimate,0
TXN_00001376,ACC_000358,2026-01-04T12:11:11+00:00,LEGITIMATE,legitimate,0
TXN_00000850,ACC_000151,2026-01-04T12:36:10+00:00,LEGITIMATE,legitimate,0
TXN_00000238,ACC_000249,2026-01-04T13:35:25+00:00,LEGITIMATE_LOOKALIKE,legitimate,0
TXN_00001020,ACC_000463,2026-01-04T13:48:25+00:00,LEGITIMATE,legitimate,0
TXN_00000774,ACC_000316,2026-01-04T14:04:16+00:00,LEGITIMATE,legitimate,0
TXN_00000800,ACC_000346,2026-01-04T15:04:57+00:00,LEGITIMATE,legitimate,0
TXN_00000394,ACC_000122,2026-01-04T15:20:22+00:00,LEGITIMATE,legitimate,0
TXN_00000467,ACC_000115,2026-01-04T16:06:44+00:00,LEGITIMATE,legitimate,0
TXN_00000831,ACC_000112,2026-01-04T16:20:46+00:00,LEGITIMATE,legitimate,0
TXN_00001860,ACC_000111,2026-01-04T18:19:38+00:00,LEGITIMATE,legitimate,0
TXN_00001739,ACC_000141,2026-01-04T18:20:07+00:00,LEGITIMATE,legitimate,0
TXN_00000282,ACC_000385,2026-01-04T18:52:40+00:00,LEGITIMATE_LOOKALIKE,legitimate,0
TXN_00001223,ACC_000261,2026-01-04T19:07:14+00:00,LEGITIMATE,legitimate,0
TXN_00001272,ACC_000232,2026-01-04T20:55:57+00:00,LEGITIMATE,legitimate,0
TXN_00001356,ACC_000219,2026-01-04T21:09:53+00:00,LEGITIMATE,legitimate,0
TXN_00001379,ACC_000021,2026-01-04T21:27:15+00:00,LEGITIMATE,legitimate,0
TXN_00001200,ACC_000357,2026-01-04T22:25:49+00:00,LEGITIMATE,legitimate,0
TXN_00001077,ACC_000131,2026-01-04T23:47:23+00:00,LEGITIMATE,legitimate,0
TXN_00001485,ACC_000243,2026-01-05T00:23:47+00:00,LEGITIMATE,legitimate,0
TXN_00001492,ACC_000309,2026-01-05T01:36:39+00:00,LEGITIMATE,legitimate,0
TXN_00001788,ACC_000425,2026-01-05T01:54:36+00:00,LEGITIMATE,legitimate,0
TXN_00001799,ACC_000141,2026-01-05T03:53:53+00:00,LEGITIMATE,legitimate,0
TXN_00001818,ACC_000235,2026-01-05T03:59:28+00:00,LEGITIMATE,legitimate,0
TXN_00001050,ACC_000071,2026-01-05T04:54:58+00:00,LEGITIMATE,legitimate,0
TXN_00000536,ACC_000357,2026-01-05T05:32:33+00:00,LEGITIMATE,legitimate,0
TXN_00001890,ACC_000450,2026-01-05T05:48:26+00:00,LEGITIMATE,legitimate,0
TXN_00001090,ACC_000453,2026-01-05T05:57:07+00:00,LEGITIMATE,legitimate,0
TXN_00001120,ACC_000064,2026-01-05T06:30:22+00:00,LEGITIMATE,legitimate,0
TXN_00000256,ACC_000055,2026-01-05T06:44:28+00:00,LEGITIMATE_LOOKALIKE,legitimate,0
TXN_00000531,ACC_000336,2026-01-05T07:23:50+00:00,LEGITIMATE,legitimate,0
TXN_00001464,ACC_000283,2026-01-05T08:01:51+00:00,LEGITIMATE,legitimate,0
TXN_00001594,ACC_000013,2026-01-05T08:22:44+00:00,LEGITIMATE,legitimate,0
TXN_00000987,ACC_000471,2026-01-05T08:27:40+00:00,LEGITIMATE,legitimate,0
TXN_00001436,ACC_000156,2026-01-05T08:54:04+00:00,LEGITIMATE,legitimate,0
TXN_00000519,ACC_000436,2026-01-05T09:11:43+00:00,LEGITIMATE,legitimate,0
TXN_00001682,ACC_000446,2026-01-05T11:13:10+00:00,LEGITIMATE,legitimate,0
TXN_00001190,ACC_000282,2026-01-05T12:01:52+00:00,LEGITIMATE,legitimate,0
TXN_00001085,ACC_000419,2026-01-05T12:41:19+00:00,LEGITIMATE,legitimate,0
TXN_00001320,ACC_000328,2026-01-05T14:35:34+00:00,LEGITIMATE,legitimate,0
TXN_00001920,ACC_000317,2026-01-05T15:30:08+00:00,LEGITIMATE,legitimate,0
TXN_00001576,ACC_000216,2026-01-05T15:33:35+00:00,LEGITIMATE,legitimate,0
TXN_00000323,ACC_000375,2026-01-05T15:50:29+00:00,LEGITIMATE,legitimate,0
TXN_00000326,ACC_000277,2026-01-05T16:33:02+00:00,LEGITIMATE,legitimate,0
TXN_00000235,ACC_000365,2026-01-05T16:35:05+00:00,LEGITIMATE_LOOKALIKE,legitimate,0
TXN_00001998,ACC_000443,2026-01-05T17:23:06+00:00,LEGITIMATE,legitimate,0
TXN_00001610,ACC_000098,2026-01-05T20:24:37+00:00,LEGITIMATE,legitimate,0
TXN_00000469,ACC_000299,2026-01-05T20:32:21+00:00,LEGITIMATE,legitimate,0
TXN_00001483,ACC_000029,2026-01-05T20:43:03+00:00,LEGITIMATE,legitimate,0
TXN_00001793,ACC_000186,2026-01-05T21:05:36+00:00,LEGITIMATE,legitimate,0
TXN_00000386,ACC_000389,2026-01-05T23:01:07+00:00,LEGITIMATE,legitimate,0
TXN_00001275,ACC_000136,2026-01-06T00:29:35+00:00,LEGITIMATE,legitimate,0
TXN_00000457,ACC_000182,2026-01-06T01:04:10+00:00,LEGITIMATE,legitimate,0
TXN_00000607,ACC_000148,2026-01-06T01:26:07+00:00,LEGITIMATE,legitimate,0
TXN_00000993,ACC_000396,2026-01-06T02:07:35+00:00,LEGITIMATE,legitimate,0
TXN_00001710,ACC_000175,2026-01-06T02:30:58+00:00,LEGITIMATE,legitimate,0
TXN_00000732,ACC_000198,2026-01-06T03:17:34+00:00,LEGITIMATE,legitimate,0
TXN_00000982,ACC_000468,2026-01-06T03:37:49+00:00,LEGITIMATE,legitimate,0
TXN_00000711,ACC_000155,2026-01-06T03:43:35+00:00,LEGITIMATE,legitimate,0
TXN_00001861,ACC_000096,2026-01-06T04:08:03+00:00,LEGITIMATE,legitimate,0
TXN_00000592,ACC_000161,2026-01-06T04:26:12+00:00,LEGITIMATE,legitimate,0
TXN_00001652,ACC_000169,2026-01-06T08:14:31+00:00,LEGITIMATE,legitimate,0
TXN_00000692,ACC_000465,2026-01-06T09:24:38+00:00,LEGITIMATE,legitimate,0
TXN_00001848,ACC_000364,2026-01-06T09:41:20+00:00,LEGITIMATE,legitimate,0
TXN_00000655,ACC_000011,2026-01-06T10:13:17+00:00,LEGITIMATE,legitimate,0
TXN_00001117,ACC_000428,2026-01-06T11:01:29+00:00,LEGITIMATE,legitimate,0
TXN_00001919,ACC_000268,2026-01-06T11:49:15+00:00,LEGITIMATE,legitimate,0
TXN_00000897,ACC_000489,2026-01-06T12:18:50+00:00,LEGITIMATE,legitimate,0
TXN_00000700,ACC_000341,2026-01-06T12:22:06+00:00,LEGITIMATE,legitimate,0
TXN_00001071,ACC_000370,2026-01-06T12:44:50+00:00,LEGITIMATE,legitimate,0
TXN_00000805,ACC_000191,2026-01-06T12:52:10+00:00,LEGITIMATE,legitimate,0
TXN_00001040,ACC_000252,2026-01-06T13:09:14+00:00,LEGITIMATE,legitimate,0
TXN_00000593,ACC_000075,2026-01-06T13:46:22+00:00,LEGITIMATE,legitimate,0
TXN_00001279,ACC_000371,2026-01-06T16:03:06+00:00,LEGITIMATE,legitimate,0
TXN_00001504,ACC_000379,2026-01-06T16:06:14+00:00,LEGITIMATE,legitimate,0
TXN_00001010,ACC_000193,2026-01-06T16:28:10+00:00,LEGITIMATE,legitimate,0
TXN_00001084,ACC_000452,2026-01-06T18:29:01+00:00,LEGITIMATE,legitimate,0
TXN_00001849,ACC_000260,2026-01-06T19:03:17+00:00,LEGITIMATE,legitimate,0
TXN_00000150,ACC_000046,2026-01-06T19:30:00+00:00,HISTORICAL_CONNECTION_RING,ring,1
TXN_00000549,ACC_000262,2026-01-06T21:09:58+00:00,LEGITIMATE,legitimate,0
TXN_00001298,ACC_000030,2026-01-06T22:35:05+00:00,LEGITIMATE,legitimate,0
TXN_00000153,ACC_000423,2026-01-06T23:30:00+00:00,HISTORICAL_CONNECTION_RING,ring,1
TXN_00001736,ACC_000050,2026-01-06T23:51:05+00:00,LEGITIMATE,legitimate,0
TXN_00000152,ACC_000424,2026-01-07T01:30:00+00:00,HISTORICAL_CONNECTION_RING,ring,1
TXN_00000747,ACC_000161,2026-01-07T01:40:31+00:00,LEGITIMATE,legitimate,0
TXN_00001902,ACC_000072,2026-01-07T02:13:26+00:00,LEGITIMATE,legitimate,0
TXN_00001387,ACC_000328,2026-01-07T02:54:09+00:00,LEGITIMATE,legitimate,0
TXN_00000647,ACC_000178,2026-01-07T03:23:23+00:00,LEGITIMATE,legitimate,0
TXN_00001717,ACC_000064,2026-01-07T03:27:18+00:00,LEGITIMATE,legitimate,0
TXN_00000824,ACC_000133,2026-01-07T04:03:46+00:00,LEGITIMATE,legitimate,0
TXN_00001300,ACC_000451,2026-01-07T04:17:28+00:00,LEGITIMATE,legitimate,0
TXN_00000610,ACC_000418,2026-01-07T04:33:48+00:00,LEGITIMATE,legitimate,0
TXN_00001009,ACC_000323,2026-01-07T05:14:08+00:00,LEGITIMATE,legitimate,0
TXN_00001745,ACC_000079,2026-01-07T05:28:20+00:00,LEGITIMATE,legitimate,0
TXN_00000154,ACC_000063,2026-01-07T05:30:00+00:00,HISTORICAL_CONNECTION_RING,ring,1
TXN_00001452,ACC_000396,2026-01-07T05:50:55+00:00,LEGITIMATE,legitimate,0
TXN_00000976,ACC_000401,2026-01-07T05:54:16+00:00,LEGITIMATE,legitimate,0
TXN_00001294,ACC_000279,2026-01-07T06:26:47+00:00,LEGITIMATE,legitimate,0
TXN_00000151,ACC_000449,2026-01-07T06:30:00+00:00,HISTORICAL_CONNECTION_RING,ring,1
TXN_00000836,ACC_000052,2026-01-07T07:28:54+00:00,LEGITIMATE,legitimate,0
TXN_00001953,ACC_000110,2026-01-07T08:10:32+00:00,LEGITIMATE,legitimate,0
TXN_00000880,ACC_000313,2026-01-07T08:23:06+00:00,LEGITIMATE,legitimate,0
TXN_00000578,ACC_000338,2026-01-07T09:34:04+00:00,LEGITIMATE,legitimate,0
TXN_00000085,ACC_000320,2026-01-07T09:44:33+00:00,COMMON_BENEFICIARY_RING,ring,1
TXN_00001491,ACC_000422,2026-01-07T11:30:51+00:00,LEGITIMATE,legitimate,0
TXN_00001885,ACC_000059,2026-01-07T11:50:38+00:00,LEGITIMATE,legitimate,0
TXN_00000330,ACC_000210,2026-01-07T12:16:57+00:00,LEGITIMATE,legitimate,0
TXN_00001460,ACC_000492,2026-01-07T12:24:22+00:00,LEGITIMATE,legitimate,0
TXN_00000416,ACC_000404,2026-01-07T12:45:22+00:00,LEGITIMATE,legitimate,0
TXN_00000950,ACC_000382,2026-01-07T13:37:55+00:00,LEGITIMATE,legitimate,0
TXN_00000623,ACC_000283,2026-01-07T13:39:16+00:00,LEGITIMATE,legitimate,0
TXN_00001986,ACC_000460,2026-01-07T14:19:12+00:00,LEGITIMATE,legitimate,0
TXN_00001274,ACC_000337,2026-01-07T14:32:05+00:00,LEGITIMATE,legitimate,0
TXN_00001785,ACC_000182,2026-01-07T15:04:05+00:00,LEGITIMATE,legitimate,0
TXN_00001789,ACC_000142,2026-01-07T15:59:58+00:00,LEGITIMATE,legitimate,0
TXN_00001993,ACC_000442,2026-01-07T16:45:37+00:00,LEGITIMATE,legitimate,0
TXN_00000086,ACC_000320,2026-01-07T17:44:33+00:00,COMMON_BENEFICIARY_RING,ring,1
TXN_00000788,ACC_000477,2026-01-07T18:10:55+00:00,LEGITIMATE,legitimate,0
TXN_00001406,ACC_000394,2026-01-07T19:06:27+00:00,LEGITIMATE,legitimate,0
TXN_00000744,ACC_000356,2026-01-07T19:14:56+00:00,LEGITIMATE,legitimate,0
TXN_00001205,ACC_000143,2026-01-07T19:59:32+00:00,LEGITIMATE,legitimate,0
TXN_00000099,ACC_000118,2026-01-07T20:35:07+00:00,COMMON_BENEFICIARY_RING,ring,1
TXN_00000100,ACC_000118,2026-01-07T20:35:07+00:00,COMMON_BENEFICIARY_RING,ring,1
TXN_00000098,ACC_000118,2026-01-07T21:35:07+00:00,COMMON_BENEFICIARY_RING,ring,1
TXN_00000812,ACC_000210,2026-01-07T21:48:39+00:00,LEGITIMATE,legitimate,0
TXN_00001500,ACC_000251,2026-01-07T22:03:32+00:00,LEGITIMATE,legitimate,0
TXN_00000101,ACC_000118,2026-01-08T02:35:07+00:00,COMMON_BENEFICIARY_RING,ring,1
TXN_00001786,ACC_000321,2026-01-08T02:45:28+00:00,LEGITIMATE,legitimate,0
TXN_00000366,ACC_000441,2026-01-08T04:43:21+00:00,LEGITIMATE,legitimate,0
TXN_00000963,ACC_000351,2026-01-08T04:55:23+00:00,LEGITIMATE,legitimate,0
TXN_00000539,ACC_000478,2026-01-08T06:19:40+00:00,LEGITIMATE,legitimate,0
TXN_00001850,ACC_000346,2026-01-08T06:20:20+00:00,LEGITIMATE,legitimate,0
TXN_00000513,ACC_000044,2026-01-08T08:20:23+00:00,LEGITIMATE,legitimate,0
TXN_00001315,ACC_000305,2026-01-08T08:25:28+00:00,LEGITIMATE,legitimate,0
TXN_00000767,ACC_000079,2026-01-08T08:56:31+00:00,LEGITIMATE,legitimate,0
TXN_00000826,ACC_000105,2026-01-08T10:27:16+00:00,LEGITIMATE,legitimate,0
TXN_00001655,ACC_000287,2026-01-08T10:32:08+00:00,LEGITIMATE,legitimate,0
TXN_00001763,ACC_000232,2026-01-08T13:55:36+00:00,LEGITIMATE,legitimate,0
TXN_00001262,ACC_000064,2026-01-08T14:14:53+00:00,LEGITIMATE,legitimate,0
TXN_00000781,ACC_000121,2026-01-08T14:36:35+00:00,LEGITIMATE,legitimate,0
TXN_00001897,ACC_000377,2026-01-08T16:14:41+00:00,LEGITIMATE,legitimate,0
TXN_00001056,ACC_000131,2026-01-08T16:40:05+00:00,LEGITIMATE,legitimate,0
TXN_00001757,ACC_000057,2026-01-08T17:06:45+00:00,LEGITIMATE,legitimate,0
TXN_00000978,ACC_000494,2026-01-08T18:12:00+00:00,LEGITIMATE,legitimate,0
TXN_00000308,ACC_000482,2026-01-08T21:11:30+00:00,LEGITIMATE_LOOKALIKE,legitimate,0
TXN_00000454,ACC_000109,2026-01-08T21:13:18+00:00,LEGITIMATE,legitimate,0
TXN_00000622,ACC_000066,2026-01-08T21:42:56+00:00,LEGITIMATE,legitimate,0
TXN_00001416,ACC_000328,2026-01-08T22:29:42+00:00,LEGITIMATE,legitimate,0
TXN_00000492,ACC_000191,2026-01-08T23:12:02+00:00,LEGITIMATE,legitimate,0
TXN_00001635,ACC_000204,2026-01-08T23:35:37+00:00,LEGITIMATE,legitimate,0
TXN_00001426,ACC_000414,2026-01-08T23:52:07+00:00,LEGITIMATE,legitimate,0
TXN_00000533,ACC_000056,2026-01-09T00:30:20+00:00,LEGITIMATE,legitimate,0
TXN_00001776,ACC_000171,2026-01-09T02:30:00+00:00,LEGITIMATE,legitimate,0
TXN_00000307,ACC_000482,2026-01-09T02:33:26+00:00,LEGITIMATE_LOOKALIKE,legitimate,0
TXN_00000340,ACC_000400,2026-01-09T02:39:35+00:00,LEGITIMATE,legitimate,0
TXN_00001944,ACC_000403,2026-01-09T02:54:27+00:00,LEGITIMATE,legitimate,0
TXN_00001257,ACC_000427,2026-01-09T03:16:27+00:00,LEGITIMATE,legitimate,0
TXN_00000727,ACC_000453,2026-01-09T03:18:28+00:00,LEGITIMATE,legitimate,0
TXN_00000945,ACC_000456,2026-01-09T03:29:34+00:00,LEGITIMATE,legitimate,0
TXN_00001289,ACC_000251,2026-01-09T07:46:20+00:00,LEGITIMATE,legitimate,0
TXN_00000606,ACC_000323,2026-01-09T07:49:30+00:00,LEGITIMATE,legitimate,0
TXN_00001499,ACC_000267,2026-01-09T08:19:52+00:00,LEGITIMATE,legitimate,0
TXN_00000588,ACC_000496,2026-01-09T08:25:09+00:00,LEGITIMATE,legitimate,0
TXN_00001751,ACC_000120,2026-01-09T09:13:26+00:00,LEGITIMATE,legitimate,0
TXN_00000896,ACC_000277,2026-01-09T09:45:05+00:00,LEGITIMATE,legitimate,0
TXN_00001699,ACC_000428,2026-01-09T10:13:18+00:00,LEGITIMATE,legitimate,0
TXN_00001381,ACC_000379,2026-01-09T11:21:29+00:00,LEGITIMATE,legitimate,0
TXN_00001586,ACC_000017,2026-01-09T11:42:46+00:00,LEGITIMATE,legitimate,0
TXN_00001189,ACC_000043,2026-01-09T12:33:13+00:00,LEGITIMATE,legitimate,0
TXN_00001974,ACC_000415,2026-01-09T12:59:55+00:00,LEGITIMATE,legitimate,0
TXN_00000763,ACC_000332,2026-01-09T13:25:27+00:00,LEGITIMATE,legitimate,0
TXN_00001301,ACC_000019,2026-01-09T14:37:09+00:00,LEGITIMATE,legitimate,0
TXN_00001797,ACC_000359,2026-01-09T15:24:06+00:00,LEGITIMATE,legitimate,0
TXN_00000616,ACC_000204,2026-01-09T15:38:43+00:00,LEGITIMATE,legitimate,0
TXN_00000461,ACC_000041,2026-01-09T17:17:14+00:00,LEGITIMATE,legitimate,0
TXN_00001535,ACC_000241,2026-01-09T18:31:36+00:00,LEGITIMATE,legitimate,0
TXN_00000433,ACC_000467,2026-01-09T18:36:32+00:00,LEGITIMATE,legitimate,0
TXN_00001966,ACC_000097,2026-01-09T19:23:33+00:00,LEGITIMATE,legitimate,0
TXN_00000962,ACC_000349,2026-01-09T20:39:56+00:00,LEGITIMATE,legitimate,0
TXN_00001945,ACC_000137,2026-01-09T21:21:19+00:00,LEGITIMATE,legitimate,0
TXN_00001677,ACC_000057,2026-01-09T22:18:36+00:00,LEGITIMATE,legitimate,0
TXN_00000305,ACC_000476,2026-01-09T22:27:51+00:00,LEGITIMATE_LOOKALIKE,legitimate,0
TXN_00000495,ACC_000284,2026-01-09T22:36:19+00:00,LEGITIMATE,legitimate,0
TXN_00001618,ACC_000189,2026-01-10T00:01:26+00:00,LEGITIMATE,legitimate,0
TXN_00000569,ACC_000041,2026-01-10T00:05:12+00:00,LEGITIMATE,legitimate,0
TXN_00000974,ACC_000283,2026-01-10T00:20:17+00:00,LEGITIMATE,legitimate,0
TXN_00000274,ACC_000073,2026-01-10T03:33:10+00:00,LEGITIMATE_LOOKALIKE,legitimate,0
TXN_00000497,ACC_000119,2026-01-10T04:51:46+00:00,LEGITIMATE,legitimate,0
TXN_00001198,ACC_000015,2026-01-10T05:41:33+00:00,LEGITIMATE,legitimate,0
TXN_00000621,ACC_000381,2026-01-10T06:39:27+00:00,LEGITIMATE,legitimate,0
TXN_00000758,ACC_000258,2026-01-10T06:54:14+00:00,LEGITIMATE,legitimate,0
TXN_00000682,ACC_000240,2026-01-10T08:55:47+00:00,LEGITIMATE,legitimate,0
TXN_00000417,ACC_000293,2026-01-10T09:21:09+00:00,LEGITIMATE,legitimate,0
TXN_00000271,ACC_000202,2026-01-10T09:34:50+00:00,LEGITIMATE_LOOKALIKE,legitimate,0
TXN_00001889,ACC_000193,2026-01-10T10:57:58+00:00,LEGITIMATE,legitimate,0
TXN_00000563,ACC_000050,2026-01-10T14:14:27+00:00,LEGITIMATE,legitimate,0
TXN_00001316,ACC_000081,2026-01-10T14:35:32+00:00,LEGITIMATE,legitimate,0
TXN_00001539,ACC_000085,2026-01-10T15:05:11+00:00,LEGITIMATE,legitimate,0
TXN_00000350,ACC_000291,2026-01-10T15:29:21+00:00,LEGITIMATE,legitimate,0
TXN_00000389,ACC_000404,2026-01-10T18:13:57+00:00,LEGITIMATE,legitimate,0
TXN_00000938,ACC_000321,2026-01-10T18:29:34+00:00,LEGITIMATE,legitimate,0
TXN_00001924,ACC_000451,2026-01-10T18:30:35+00:00,LEGITIMATE,legitimate,0
TXN_00000247,ACC_000473,2026-01-10T19:15:37+00:00,LEGITIMATE_LOOKALIKE,legitimate,0
TXN_00000866,ACC_000490,2026-01-10T19:32:02+00:00,LEGITIMATE,legitimate,0
TXN_00000365,ACC_000221,2026-01-10T20:35:32+00:00,LEGITIMATE,legitimate,0
TXN_00001631,ACC_000491,2026-01-10T20:57:09+00:00,LEGITIMATE,legitimate,0
TXN_00001546,ACC_000096,2026-01-10T21:12:43+00:00,LEGITIMATE,legitimate,0
TXN_00000641,ACC_000353,2026-01-10T21:30:34+00:00,LEGITIMATE,legitimate,0
TXN_00000766,ACC_000035,2026-01-10T22:30:08+00:00,LEGITIMATE,legitimate,0
TXN_00001425,ACC_000186,2026-01-10T22:45:23+00:00,LEGITIMATE,legitimate,0
TXN_00000764,ACC_000166,2026-01-11T01:07:59+00:00,LEGITIMATE,legitimate,0
TXN_00000265,ACC_000078,2026-01-11T01:29:48+00:00,LEGITIMATE_LOOKALIKE,legitimate,0
TXN_00001420,ACC_000195,2026-01-11T02:18:27+00:00,LEGITIMATE,legitimate,0
TXN_00001603,ACC_000434,2026-01-11T03:04:27+00:00,LEGITIMATE,legitimate,0
TXN_00000404,ACC_000001,2026-01-11T04:54:34+00:00,LEGITIMATE,legitimate,0
TXN_00000556,ACC_000093,2026-01-11T04:59:27+00:00,LEGITIMATE,legitimate,0
TXN_00001541,ACC_000297,2026-01-11T05:34:50+00:00,LEGITIMATE,legitimate,0
TXN_00000342,ACC_000043,2026-01-11T06:21:51+00:00,LEGITIMATE,legitimate,0
TXN_00000526,ACC_000123,2026-01-11T07:49:24+00:00,LEGITIMATE,legitimate,0
TXN_00001791,ACC_000125,2026-01-11T07:52:28+00:00,LEGITIMATE,legitimate,0
TXN_00001431,ACC_000258,2026-01-11T10:02:46+00:00,LEGITIMATE,legitimate,0
TXN_00001324,ACC_000452,2026-01-11T10:09:01+00:00,LEGITIMATE,legitimate,0
TXN_00001245,ACC_000273,2026-01-11T12:19:15+00:00,LEGITIMATE,legitimate,0
TXN_00001157,ACC_000189,2026-01-11T12:19:35+00:00,LEGITIMATE,legitimate,0
TXN_00001971,ACC_000299,2026-01-11T12:39:08+00:00,LEGITIMATE,legitimate,0
TXN_00001296,ACC_000056,2026-01-11T13:39:06+00:00,LEGITIMATE,legitimate,0
TXN_00001118,ACC_000241,2026-01-11T14:15:43+00:00,LEGITIMATE,legitimate,0
TXN_00001202,ACC_000237,2026-01-11T14:43:31+00:00,LEGITIMATE,legitimate,0
TXN_00001911,ACC_000480,2026-01-11T14:58:10+00:00,LEGITIMATE,legitimate,0
TXN_00000855,ACC_000111,2026-01-11T15:33:57+00:00,LEGITIMATE,legitimate,0
TXN_00001712,ACC_000075,2026-01-11T15:44:59+00:00,LEGITIMATE,legitimate,0
TXN_00001842,ACC_000215,2026-01-11T16:31:15+00:00,LEGITIMATE,legitimate,0
TXN_00000479,ACC_000240,2026-01-11T16:49:41+00:00,LEGITIMATE,legitimate,0
TXN_00000754,ACC_000077,2026-01-11T17:01:24+00:00,LEGITIMATE,legitimate,0
TXN_00000258,ACC_000055,2026-01-11T17:09:03+00:00,LEGITIMATE_LOOKALIKE,legitimate,0
TXN_00001927,ACC_000383,2026-01-11T17:24:59+00:00,LEGITIMATE,legitimate,0
TXN_00001878,ACC_000285,2026-01-11T17:29:19+00:00,LEGITIMATE,legitimate,0
TXN_00000456,ACC_000330,2026-01-11T19:03:30+00:00,LEGITIMATE,legitimate,0
TXN_00000860,ACC_000446,2026-01-11T19:48:27+00:00,LEGITIMATE,legitimate,0
TXN_00000385,ACC_000378,2026-01-11T20:46:03+00:00,LEGITIMATE,legitimate,0
TXN_00001368,ACC_000226,2026-01-11T22:39:23+00:00,LEGITIMATE,legitimate,0
TXN_00001886,ACC_000223,2026-01-11T22:48:23+00:00,LEGITIMATE,legitimate,0
TXN_00001668,ACC_000246,2026-01-11T23:18:59+00:00,LEGITIMATE,legitimate,0
TXN_00000632,ACC_000316,2026-01-12T00:27:14+00:00,LEGITIMATE,legitimate,0
TXN_00001887,ACC_000205,2026-01-12T00:31:53+00:00,LEGITIMATE,legitimate,0
TXN_00000804,ACC_000199,2026-01-12T01:02:09+00:00,LEGITIMATE,legitimate,0
TXN_00000659,ACC_000453,2026-01-12T01:58:29+00:00,LEGITIMATE,legitimate,0
TXN_00000419,ACC_000396,2026-01-12T05:03:09+00:00,LEGITIMATE,legitimate,0
TXN_00001940,ACC_000259,2026-01-12T06:05:19+00:00,LEGITIMATE,legitimate,0
TXN_00000584,ACC_000479,2026-01-12T06:06:34+00:00,LEGITIMATE,legitimate,0
TXN_00000489,ACC_000343,2026-01-12T06:42:31+00:00,LEGITIMATE,legitimate,0
TXN_00001341,ACC_000090,2026-01-12T06:52:38+00:00,LEGITIMATE,legitimate,0
TXN_00001946,ACC_000452,2026-01-12T07:38:24+00:00,LEGITIMATE,legitimate,0
TXN_00001263,ACC_000486,2026-01-12T08:46:08+00:00,LEGITIMATE,legitimate,0
TXN_00001008,ACC_000340,2026-01-12T08:51:19+00:00,LEGITIMATE,legitimate,0
TXN_00001728,ACC_000259,2026-01-12T09:26:26+00:00,LEGITIMATE,legitimate,0
TXN_00000972,ACC_000327,2026-01-12T09:58:49+00:00,LEGITIMATE,legitimate,0
TXN_00000409,ACC_000110,2026-01-12T10:26:03+00:00,LEGITIMATE,legitimate,0
TXN_00001963,ACC_000500,2026-01-12T10:27:14+00:00,LEGITIMATE,legitimate,0
TXN_00000269,ACC_000307,2026-01-12T10:46:48+00:00,LEGITIMATE_LOOKALIKE,legitimate,0
TXN_00001995,ACC_000342,2026-01-12T10:50:10+00:00,LEGITIMATE,legitimate,0
TXN_00000828,ACC_000334,2026-01-12T12:18:47+00:00,LEGITIMATE,legitimate,0
TXN_00001509,ACC_000351,2026-01-12T13:17:54+00:00,LEGITIMATE,legitimate,0
TXN_00001011,ACC_000211,2026-01-12T13:33:58+00:00,LEGITIMATE,legitimate,0
TXN_00001244,ACC_000020,2026-01-12T14:34:04+00:00,LEGITIMATE,legitimate,0
TXN_00000940,ACC_000431,2026-01-12T14:35:10+00:00,LEGITIMATE,legitimate,0
TXN_00001644,ACC_000054,2026-01-12T14:49:07+00:00,LEGITIMATE,legitimate,0
TXN_00000402,ACC_000132,2026-01-12T16:52:02+00:00,LEGITIMATE,legitimate,0
TXN_00001838,ACC_000286,2026-01-12T17:43:33+00:00,LEGITIMATE,legitimate,0
TXN_00001646,ACC_000246,2026-01-12T21:51:52+00:00,LEGITIMATE,legitimate,0
TXN_00001750,ACC_000299,2026-01-12T21:54:33+00:00,LEGITIMATE,legitimate,0
TXN_00001526,ACC_000345,2026-01-12T22:11:59+00:00,LEGITIMATE,legitimate,0
TXN_00000915,ACC_000390,2026-01-13T00:45:53+00:00,LEGITIMATE,legitimate,0
TXN_00001615,ACC_000293,2026-01-13T01:32:49+00:00,LEGITIMATE,legitimate,0
TXN_00000442,ACC_000388,2026-01-13T01:57:00+00:00,LEGITIMATE,legitimate,0
TXN_00000968,ACC_000338,2026-01-13T01:59:09+00:00,LEGITIMATE,legitimate,0
TXN_00000591,ACC_000334,2026-01-13T03:08:13+00:00,LEGITIMATE,legitimate,0
TXN_00000959,ACC_000446,2026-01-13T03:11:18+00:00,LEGITIMATE,legitimate,0
TXN_00001423,ACC_000218,2026-01-13T03:39:24+00:00,LEGITIMATE,legitimate,0
TXN_00000817,ACC_000165,2026-01-13T03:39:41+00:00,LEGITIMATE,legitimate,0
TXN_00001938,ACC_000152,2026-01-13T03:42:46+00:00,LEGITIMATE,legitimate,0
TXN_00000980,ACC_000262,2026-01-13T04:13:22+00:00,LEGITIMATE,legitimate,0
TXN_00000590,ACC_000422,2026-01-13T04:34:45+00:00,LEGITIMATE,legitimate,0
TXN_00000372,ACC_000066,2026-01-13T06:35:54+00:00,LEGITIMATE,legitimate,0
TXN_00000699,ACC_000456,2026-01-13T08:07:06+00:00,LEGITIMATE,legitimate,0
TXN_00000761,ACC_000300,2026-01-13T08:11:27+00:00,LEGITIMATE,legitimate,0
TXN_00000544,ACC_000159,2026-01-13T11:32:50+00:00,LEGITIMATE,legitimate,0
TXN_00000460,ACC_000405,2026-01-13T12:49:17+00:00,LEGITIMATE,legitimate,0
TXN_00000809,ACC_000020,2026-01-13T13:28:02+00:00,LEGITIMATE,legitimate,0
TXN_00001087,ACC_000076,2026-01-13T14:04:28+00:00,LEGITIMATE,legitimate,0
TXN_00001285,ACC_000351,2026-01-13T14:06:43+00:00,LEGITIMATE,legitimate,0
TXN_00001266,ACC_000257,2026-01-13T14:10:58+00:00,LEGITIMATE,legitimate,0
TXN_00001471,ACC_000313,2026-01-13T14:20:50+00:00,LEGITIMATE,legitimate,0
TXN_00001295,ACC_000025,2026-01-13T14:58:07+00:00,LEGITIMATE,legitimate,0
TXN_00001251,ACC_000283,2026-01-13T16:53:22+00:00,LEGITIMATE,legitimate,0
TXN_00000663,ACC_000229,2026-01-13T18:25:38+00:00,LEGITIMATE,legitimate,0
TXN_00001269,ACC_000316,2026-01-13T19:36:46+00:00,LEGITIMATE,legitimate,0
TXN_00001446,ACC_000140,2026-01-13T22:34:50+00:00,LEGITIMATE,legitimate,0
TXN_00001309,ACC_000437,2026-01-13T22:36:17+00:00,LEGITIMATE,legitimate,0
TXN_00000899,ACC_000114,2026-01-13T22:48:27+00:00,LEGITIMATE,legitimate,0
TXN_00001870,ACC_000106,2026-01-13T23:01:05+00:00,LEGITIMATE,legitimate,0
TXN_00000406,ACC_000053,2026-01-13T23:25:01+00:00,LEGITIMATE,legitimate,0
TXN_00001800,ACC_000240,2026-01-14T01:56:18+00:00,LEGITIMATE,legitimate,0
TXN_00001367,ACC_000409,2026-01-14T02:04:50+00:00,LEGITIMATE,legitimate,0
TXN_00000582,ACC_000338,2026-01-14T03:18:45+00:00,LEGITIMATE,legitimate,0
TXN_00000920,ACC_000044,2026-01-14T04:42:49+00:00,LEGITIMATE,legitimate,0
TXN_00001933,ACC_000104,2026-01-14T05:03:58+00:00,LEGITIMATE,legitimate,0
TXN_00001305,ACC_000323,2026-01-14T05:33:03+00:00,LEGITIMATE,legitimate,0
TXN_00000246,ACC_000473,2026-01-14T05:44:14+00:00,LEGITIMATE_LOOKALIKE,legitimate,0
TXN_00000318,ACC_000272,2026-01-14T06:41:14+00:00,LEGITIMATE,legitimate,0
TXN_00001572,ACC_000479,2026-01-14T07:03:03+00:00,LEGITIMATE,legitimate,0
TXN_00001109,ACC_000257,2026-01-14T07:48:29+00:00,LEGITIMATE,legitimate,0
TXN_00000316,ACC_000352,2026-01-14T08:21:42+00:00,LEGITIMATE_LOOKALIKE,legitimate,0
TXN_00001026,ACC_000062,2026-01-14T09:10:26+00:00,LEGITIMATE,legitimate,0
TXN_00001675,ACC_000024,2026-01-14T09:57:21+00:00,LEGITIMATE,legitimate,0
TXN_00000654,ACC_000093,2026-01-14T10:04:07+00:00,LEGITIMATE,legitimate,0
TXN_00000672,ACC_000321,2026-01-14T10:12:31+00:00,LEGITIMATE,legitimate,0
TXN_00001099,ACC_000369,2026-01-14T11:15:05+00:00,LEGITIMATE,legitimate,0
TXN_00000750,ACC_000413,2026-01-14T13:48:48+00:00,LEGITIMATE,legitimate,0
TXN_00001290,ACC_000349,2026-01-14T13:55:52+00:00,LEGITIMATE,legitimate,0
TXN_00001930,ACC_000205,2026-01-14T14:07:42+00:00,LEGITIMATE,legitimate,0
TXN_00001687,ACC_000165,2026-01-14T15:38:24+00:00,LEGITIMATE,legitimate,0
TXN_00000505,ACC_000303,2026-01-14T18:06:12+00:00,LEGITIMATE,legitimate,0
TXN_00001265,ACC_000095,2026-01-14T18:36:01+00:00,LEGITIMATE,legitimate,0
TXN_00000748,ACC_000438,2026-01-14T19:09:10+00:00,LEGITIMATE,legitimate,0
TXN_00001319,ACC_000037,2026-01-14T19:17:45+00:00,LEGITIMATE,legitimate,0
TXN_00001542,ACC_000477,2026-01-14T21:11:51+00:00,LEGITIMATE,legitimate,0
TXN_00000865,ACC_000439,2026-01-14T21:12:25+00:00,LEGITIMATE,legitimate,0
TXN_00001719,ACC_000396,2026-01-14T22:01:29+00:00,LEGITIMATE,legitimate,0
TXN_00000934,ACC_000457,2026-01-14T22:28:37+00:00,LEGITIMATE,legitimate,0
TXN_00001227,ACC_000364,2026-01-15T00:16:30+00:00,LEGITIMATE,legitimate,0
TXN_00001155,ACC_000060,2026-01-15T00:53:04+00:00,LEGITIMATE,legitimate,0
TXN_00001082,ACC_000321,2026-01-15T01:42:47+00:00,LEGITIMATE,legitimate,0
TXN_00001299,ACC_000036,2026-01-15T01:49:09+00:00,LEGITIMATE,legitimate,0
TXN_00001691,ACC_000086,2026-01-15T02:05:27+00:00,LEGITIMATE,legitimate,0
TXN_00000988,ACC_000369,2026-01-15T02:46:05+00:00,LEGITIMATE,legitimate,0
TXN_00001912,ACC_000222,2026-01-15T02:49:15+00:00,LEGITIMATE,legitimate,0
TXN_00000887,ACC_000349,2026-01-15T04:19:29+00:00,LEGITIMATE,legitimate,0
TXN_00000543,ACC_000464,2026-01-15T05:02:21+00:00,LEGITIMATE,legitimate,0
TXN_00001660,ACC_000322,2026-01-15T05:22:17+00:00,LEGITIMATE,legitimate,0
TXN_00000856,ACC_000410,2026-01-15T05:31:27+00:00,LEGITIMATE,legitimate,0
TXN_00000494,ACC_000222,2026-01-15T06:07:19+00:00,LEGITIMATE,legitimate,0
TXN_00001307,ACC_000268,2026-01-15T06:57:01+00:00,LEGITIMATE,legitimate,0
TXN_00001760,ACC_000356,2026-01-15T07:22:38+00:00,LEGITIMATE,legitimate,0
TXN_00000806,ACC_000363,2026-01-15T07:44:28+00:00,LEGITIMATE,legitimate,0
TXN_00001256,ACC_000487,2026-01-15T08:13:24+00:00,LEGITIMATE,legitimate,0
TXN_00001048,ACC_000420,2026-01-15T09:55:24+00:00,LEGITIMATE,legitimate,0
TXN_00001154,ACC_000192,2026-01-15T11:06:59+00:00,LEGITIMATE,legitimate,0
TXN_00000292,ACC_000318,2026-01-15T11:30:38+00:00,LEGITIMATE_LOOKALIKE,legitimate,0
TXN_00000697,ACC_000173,2026-01-15T11:57:18+00:00,LEGITIMATE,legitimate,0
TXN_00001956,ACC_000303,2026-01-15T15:56:55+00:00,LEGITIMATE,legitimate,0
TXN_00001503,ACC_000455,2026-01-15T16:07:43+00:00,LEGITIMATE,legitimate,0
TXN_00001148,ACC_000338,2026-01-15T16:33:41+00:00,LEGITIMATE,legitimate,0
TXN_00001713,ACC_000216,2026-01-15T17:43:25+00:00,LEGITIMATE,legitimate,0
TXN_00000418,ACC_000494,2026-01-15T17:57:54+00:00,LEGITIMATE,legitimate,0
TXN_00001801,ACC_000358,2026-01-15T22:21:19+00:00,LEGITIMATE,legitimate,0
TXN_00000778,ACC_000321,2026-01-15T23:08:05+00:00,LEGITIMATE,legitimate,0
TXN_00000583,ACC_000257,2026-01-15T23:16:31+00:00,LEGITIMATE,legitimate,0
TXN_00001098,ACC_000392,2026-01-15T23:25:36+00:00,LEGITIMATE,legitimate,0
TXN_00000065,ACC_000296,2026-01-16T00:04:47+00:00,COMMON_BENEFICIARY_RING,ring,1
TXN_00001032,ACC_000305,2026-01-16T00:34:26+00:00,LEGITIMATE,legitimate,0
TXN_00001918,ACC_000235,2026-01-16T02:39:25+00:00,LEGITIMATE,legitimate,0
TXN_00000773,ACC_000389,2026-01-16T02:57:57+00:00,LEGITIMATE,legitimate,0
TXN_00001758,ACC_000119,2026-01-16T03:33:07+00:00,LEGITIMATE,legitimate,0
TXN_00001440,ACC_000295,2026-01-16T04:40:43+00:00,LEGITIMATE,legitimate,0
TXN_00001188,ACC_000374,2026-01-16T08:02:39+00:00,LEGITIMATE,legitimate,0
TXN_00000064,ACC_000296,2026-01-16T08:04:47+00:00,COMMON_BENEFICIARY_RING,ring,1
TXN_00001585,ACC_000039,2026-01-16T08:05:02+00:00,LEGITIMATE,legitimate,0
TXN_00001495,ACC_000402,2026-01-16T09:24:06+00:00,LEGITIMATE,legitimate,0
TXN_00000518,ACC_000195,2026-01-16T10:02:06+00:00,LEGITIMATE,legitimate,0
TXN_00000822,ACC_000418,2026-01-16T10:07:02+00:00,LEGITIMATE,legitimate,0
TXN_00001467,ACC_000489,2026-01-16T10:54:56+00:00,LEGITIMATE,legitimate,0
TXN_00001798,ACC_000029,2026-01-16T11:12:37+00:00,LEGITIMATE,legitimate,0
TXN_00000845,ACC_000094,2026-01-16T11:13:42+00:00,LEGITIMATE,legitimate,0
TXN_00001589,ACC_000370,2026-01-16T12:53:17+00:00,LEGITIMATE,legitimate,0
TXN_00000740,ACC_000255,2026-01-16T12:56:27+00:00,LEGITIMATE,legitimate,0
TXN_00001384,ACC_000033,2026-01-16T14:25:35+00:00,LEGITIMATE,legitimate,0
TXN_00001450,ACC_000445,2026-01-16T14:31:29+00:00,LEGITIMATE,legitimate,0
TXN_00000310,ACC_000329,2026-01-16T15:25:20+00:00,LEGITIMATE_LOOKALIKE,legitimate,0
TXN_00001252,ACC_000252,2026-01-16T16:28:34+00:00,LEGITIMATE,legitimate,0
TXN_00000870,ACC_000409,2026-01-16T16:36:17+00:00,LEGITIMATE,legitimate,0
TXN_00001663,ACC_000384,2026-01-16T16:46:11+00:00,LEGITIMATE,legitimate,0
TXN_00001593,ACC_000443,2026-01-16T16:47:36+00:00,LEGITIMATE,legitimate,0
TXN_00000462,ACC_000221,2026-01-16T17:52:29+00:00,LEGITIMATE,legitimate,0
TXN_00001857,ACC_000159,2026-01-16T18:01:53+00:00,LEGITIMATE,legitimate,0
TXN_00001022,ACC_000045,2026-01-16T20:06:41+00:00,LEGITIMATE,legitimate,0
TXN_00001404,ACC_000363,2026-01-16T20:17:09+00:00,LEGITIMATE,legitimate,0
TXN_00000239,ACC_000249,2026-01-16T20:27:10+00:00,LEGITIMATE_LOOKALIKE,legitimate,0
TXN_00000279,ACC_000149,2026-01-16T20:36:24+00:00,LEGITIMATE_LOOKALIKE,legitimate,0
TXN_00001207,ACC_000317,2026-01-16T20:41:09+00:00,LEGITIMATE,legitimate,0
TXN_00000066,ACC_000296,2026-01-16T21:04:47+00:00,COMMON_BENEFICIARY_RING,ring,1
TXN_00000067,ACC_000296,2026-01-16T21:04:47+00:00,COMMON_BENEFICIARY_RING,ring,1
TXN_00000430,ACC_000032,2026-01-16T21:29:38+00:00,LEGITIMATE,legitimate,0
TXN_00001081,ACC_000094,2026-01-16T21:33:07+00:00,LEGITIMATE,legitimate,0
TXN_00001139,ACC_000285,2026-01-16T22:25:10+00:00,LEGITIMATE,legitimate,0
TXN_00001638,ACC_000471,2026-01-16T23:02:47+00:00,LEGITIMATE,legitimate,0
TXN_00000312,ACC_000329,2026-01-17T00:13:19+00:00,LEGITIMATE_LOOKALIKE,legitimate,0
TXN_00000927,ACC_000288,2026-01-17T02:45:08+00:00,LEGITIMATE,legitimate,0
TXN_00001759,ACC_000349,2026-01-17T02:55:56+00:00,LEGITIMATE,legitimate,0
TXN_00001530,ACC_000441,2026-01-17T04:08:23+00:00,LEGITIMATE,legitimate,0
TXN_00001658,ACC_000114,2026-01-17T04:19:19+00:00,LEGITIMATE,legitimate,0
TXN_00000943,ACC_000167,2026-01-17T04:58:16+00:00,LEGITIMATE,legitimate,0
TXN_00000102,ACC_000430,2026-01-17T05:17:30+00:00,RAPID_FUND_DISTRIBUTION_RING,ring,1
TXN_00000103,ACC_000430,2026-01-17T05:19:30+00:00,RAPID_FUND_DISTRIBUTION_RING,ring,1
TXN_00000104,ACC_000430,2026-01-17T05:22:30+00:00,RAPID_FUND_DISTRIBUTION_RING,ring,1
TXN_00000105,ACC_000430,2026-01-17T05:23:30+00:00,RAPID_FUND_DISTRIBUTION_RING,ring,1
TXN_00000106,ACC_000391,2026-01-17T05:28:30+00:00,RAPID_FUND_DISTRIBUTION_RING,ring,1
TXN_00000107,ACC_000391,2026-01-17T05:29:30+00:00,RAPID_FUND_DISTRIBUTION_RING,ring,1
TXN_00000108,ACC_000391,2026-01-17T05:31:30+00:00,RAPID_FUND_DISTRIBUTION_RING,ring,1
TXN_00000109,ACC_000391,2026-01-17T05:34:30+00:00,RAPID_FUND_DISTRIBUTION_RING,ring,1
TXN_00000110,ACC_000190,2026-01-17T05:37:30+00:00,RAPID_FUND_DISTRIBUTION_RING,ring,1
TXN_00000111,ACC_000190,2026-01-17T05:39:30+00:00,RAPID_FUND_DISTRIBUTION_RING,ring,1
TXN_00000112,ACC_000190,2026-01-17T05:41:30+00:00,RAPID_FUND_DISTRIBUTION_RING,ring,1
TXN_00000113,ACC_000190,2026-01-17T05:44:30+00:00,RAPID_FUND_DISTRIBUTION_RING,ring,1
TXN_00000114,ACC_000099,2026-01-17T05:47:30+00:00,RAPID_FUND_DISTRIBUTION_RING,ring,1
TXN_00000115,ACC_000099,2026-01-17T05:49:30+00:00,RAPID_FUND_DISTRIBUTION_RING,ring,1
TXN_00000116,ACC_000099,2026-01-17T05:52:30+00:00,RAPID_FUND_DISTRIBUTION_RING,ring,1
TXN_00000117,ACC_000099,2026-01-17T05:53:30+00:00,RAPID_FUND_DISTRIBUTION_RING,ring,1
TXN_00001502,ACC_000393,2026-01-17T06:22:56+00:00,LEGITIMATE,legitimate,0
TXN_00001428,ACC_000274,2026-01-17T06:35:37+00:00,LEGITIMATE,legitimate,0
TXN_00000984,ACC_000239,2026-01-17T08:22:49+00:00,LEGITIMATE,legitimate,0
TXN_00001949,ACC_000444,2026-01-17T08:47:24+00:00,LEGITIMATE,legitimate,0
TXN_00000664,ACC_000479,2026-01-17T08:59:36+00:00,LEGITIMATE,legitimate,0
TXN_00000969,ACC_000292,2026-01-17T09:07:59+00:00,LEGITIMATE,legitimate,0
TXN_00000743,ACC_000500,2026-01-17T09:58:00+00:00,LEGITIMATE,legitimate,0
TXN_00001505,ACC_000109,2026-01-17T10:00:47+00:00,LEGITIMATE,legitimate,0
TXN_00001371,ACC_000314,2026-01-17T10:39:23+00:00,LEGITIMATE,legitimate,0
TXN_00000387,ACC_000245,2026-01-17T11:02:52+00:00,LEGITIMATE,legitimate,0
TXN_00001557,ACC_000461,2026-01-17T11:46:06+00:00,LEGITIMATE,legitimate,0
TXN_00001480,ACC_000237,2026-01-17T11:46:25+00:00,LEGITIMATE,legitimate,0
TXN_00001036,ACC_000436,2026-01-17T11:47:53+00:00,LEGITIMATE,legitimate,0
TXN_00000077,ACC_000128,2026-01-17T11:56:19+00:00,COMMON_BENEFICIARY_RING,ring,1
TXN_00001633,ACC_000029,2026-01-17T12:21:07+00:00,LEGITIMATE,legitimate,0
TXN_00000576,ACC_000414,2026-01-17T12:22:07+00:00,LEGITIMATE,legitimate,0
TXN_00001874,ACC_000153,2026-01-17T12:49:48+00:00,LEGITIMATE,legitimate,0
TXN_00001243,ACC_000135,2026-01-17T13:27:15+00:00,LEGITIMATE,legitimate,0
TXN_00001469,ACC_000447,2026-01-17T13:36:38+00:00,LEGITIMATE,legitimate,0
TXN_00000081,ACC_000124,2026-01-17T13:39:00+00:00,COMMON_BENEFICIARY_RING,ring,1
TXN_00001047,ACC_000267,2026-01-17T15:04:51+00:00,LEGITIMATE,legitimate,0
TXN_00001756,ACC_000376,2026-01-17T15:51:42+00:00,LEGITIMATE,legitimate,0
TXN_00000717,ACC_000189,2026-01-17T16:15:44+00:00,LEGITIMATE,legitimate,0
TXN_00001822,ACC_000091,2026-01-17T16:24:12+00:00,LEGITIMATE,legitimate,0
TXN_00000613,ACC_000182,2026-01-17T16:26:19+00:00,LEGITIMATE,legitimate,0
TXN_00001961,ACC_000274,2026-01-17T16:48:48+00:00,LEGITIMATE,legitimate,0
TXN_00000079,ACC_000128,2026-01-17T16:56:19+00:00,COMMON_BENEFICIARY_RING,ring,1
TXN_00001595,ACC_000238,2026-01-17T18:23:23+00:00,LEGITIMATE,legitimate,0
TXN_00000266,ACC_000307,2026-01-17T18:47:20+00:00,LEGITIMATE_LOOKALIKE,legitimate,0
TXN_00000638,ACC_000040,2026-01-17T19:08:19+00:00,LEGITIMATE,legitimate,0
TXN_00000082,ACC_000124,2026-01-17T19:39:00+00:00,COMMON_BENEFICIARY_RING,ring,1
TXN_00000078,ACC_000128,2026-01-17T19:56:19+00:00,COMMON_BENEFICIARY_RING,ring,1
TXN_00000966,ACC_000489,2026-01-18T00:53:31+00:00,LEGITIMATE,legitimate,0
TXN_00001409,ACC_000116,2026-01-18T01:33:32+00:00,LEGITIMATE,legitimate,0
TXN_00001906,ACC_000236,2026-01-18T01:37:25+00:00,LEGITIMATE,legitimate,0
TXN_00000398,ACC_000136,2026-01-18T02:15:50+00:00,LEGITIMATE,legitimate,0
TXN_00001575,ACC_000039,2026-01-18T02:55:05+00:00,LEGITIMATE,legitimate,0
TXN_00001689,ACC_000006,2026-01-18T07:04:17+00:00,LEGITIMATE,legitimate,0
TXN_00000707,ACC_000431,2026-01-18T08:15:30+00:00,LEGITIMATE,legitimate,0
TXN_00001369,ACC_000145,2026-01-18T09:26:37+00:00,LEGITIMATE,legitimate,0
TXN_00000586,ACC_000186,2026-01-18T09:54:41+00:00,LEGITIMATE,legitimate,0
TXN_00000058,ACC_000481,2026-01-18T11:10:13+00:00,COMMON_BENEFICIARY_RING,ring,1
TXN_00001016,ACC_000294,2026-01-18T12:16:29+00:00,LEGITIMATE,legitimate,0
TXN_00000118,ACC_000254,2026-01-18T12:56:55+00:00,RAPID_FUND_DISTRIBUTION_RING,ring,1
TXN_00000119,ACC_000254,2026-01-18T12:57:55+00:00,RAPID_FUND_DISTRIBUTION_RING,ring,1
TXN_00000120,ACC_000254,2026-01-18T12:59:55+00:00,RAPID_FUND_DISTRIBUTION_RING,ring,1
TXN_00000121,ACC_000254,2026-01-18T13:02:55+00:00,RAPID_FUND_DISTRIBUTION_RING,ring,1
TXN_00000122,ACC_000278,2026-01-18T13:05:55+00:00,RAPID_FUND_DISTRIBUTION_RING,ring,1
TXN_00000123,ACC_000278,2026-01-18T13:08:55+00:00,RAPID_FUND_DISTRIBUTION_RING,ring,1
TXN_00000124,ACC_000278,2026-01-18T13:09:55+00:00,RAPID_FUND_DISTRIBUTION_RING,ring,1
TXN_00000125,ACC_000278,2026-01-18T13:12:55+00:00,RAPID_FUND_DISTRIBUTION_RING,ring,1
TXN_00001734,ACC_000159,2026-01-18T13:13:32+00:00,LEGITIMATE,legitimate,0
TXN_00000126,ACC_000331,2026-01-18T13:16:55+00:00,RAPID_FUND_DISTRIBUTION_RING,ring,1
TXN_00000127,ACC_000331,2026-01-18T13:18:55+00:00,RAPID_FUND_DISTRIBUTION_RING,ring,1
TXN_00000128,ACC_000331,2026-01-18T13:19:55+00:00,RAPID_FUND_DISTRIBUTION_RING,ring,1
TXN_00000129,ACC_000331,2026-01-18T13:22:55+00:00,RAPID_FUND_DISTRIBUTION_RING,ring,1
TXN_00000130,ACC_000440,2026-01-18T13:25:55+00:00,RAPID_FUND_DISTRIBUTION_RING,ring,1
TXN_00000131,ACC_000440,2026-01-18T13:27:55+00:00,RAPID_FUND_DISTRIBUTION_RING,ring,1
TXN_00000132,ACC_000440,2026-01-18T13:30:55+00:00,RAPID_FUND_DISTRIBUTION_RING,ring,1
TXN_00001830,ACC_000081,2026-01-18T13:30:58+00:00,LEGITIMATE,legitimate,0
TXN_00000133,ACC_000440,2026-01-18T13:32:55+00:00,RAPID_FUND_DISTRIBUTION_RING,ring,1
TXN_00000134,ACC_000475,2026-01-18T13:36:55+00:00,RAPID_FUND_DISTRIBUTION_RING,ring,1
TXN_00000135,ACC_000475,2026-01-18T13:37:55+00:00,RAPID_FUND_DISTRIBUTION_RING,ring,1
TXN_00000136,ACC_000475,2026-01-18T13:39:55+00:00,RAPID_FUND_DISTRIBUTION_RING,ring,1
TXN_00000137,ACC_000475,2026-01-18T13:41:55+00:00,RAPID_FUND_DISTRIBUTION_RING,ring,1
TXN_00000977,ACC_000258,2026-01-18T14:11:07+00:00,LEGITIMATE,legitimate,0
TXN_00001212,ACC_000170,2026-01-18T14:20:27+00:00,LEGITIMATE,legitimate,0
TXN_00001762,ACC_000008,2026-01-18T15:16:57+00:00,LEGITIMATE,legitimate,0
TXN_00000080,ACC_000128,2026-01-18T15:56:19+00:00,COMMON_BENEFICIARY_RING,ring,1
TXN_00001125,ACC_000010,2026-01-18T15:56:43+00:00,LEGITIMATE,legitimate,0
TXN_00000900,ACC_000053,2026-01-18T16:23:59+00:00,LEGITIMATE,legitimate,0
TXN_00000762,ACC_000398,2026-01-18T16:32:18+00:00,LEGITIMATE,legitimate,0
TXN_00000202,ACC_000213,2026-01-18T17:05:28+00:00,COMBINED_RING,ring,1
TXN_00000203,ACC_000213,2026-01-18T17:05:45+00:00,COMBINED_RING,ring,1
TXN_00000204,ACC_000144,2026-01-18T17:07:30+00:00,COMBINED_RING,ring,1
TXN_00000205,ACC_000144,2026-01-18T17:07:46+00:00,COMBINED_RING,ring,1
TXN_00000206,ACC_000265,2026-01-18T17:09:31+00:00,COMBINED_RING,ring,1
TXN_00000207,ACC_000265,2026-01-18T17:09:43+00:00,COMBINED_RING,ring,1
TXN_00000208,ACC_000026,2026-01-18T17:11:25+00:00,COMBINED_RING,ring,1
TXN_00000209,ACC_000026,2026-01-18T17:11:51+00:00,COMBINED_RING,ring,1
TXN_00000636,ACC_000346,2026-01-18T17:12:37+00:00,LEGITIMATE,legitimate,0
TXN_00000210,ACC_000007,2026-01-18T17:13:20+00:00,COMBINED_RING,ring,1
TXN_00000211,ACC_000007,2026-01-18T17:13:53+00:00,COMBINED_RING,ring,1
TXN_00000212,ACC_000007,2026-01-18T17:14:17+00:00,COMBINED_RING,ring,1
TXN_00000213,ACC_000007,2026-01-18T17:14:37+00:00,COMBINED_RING,ring,1
TXN_00000214,ACC_000347,2026-01-18T17:15:20+00:00,COMBINED_RING,ring,1
TXN_00000215,ACC_000347,2026-01-18T17:15:51+00:00,COMBINED_RING,ring,1
TXN_00000216,ACC_000347,2026-01-18T17:16:12+00:00,COMBINED_RING,ring,1
TXN_00000217,ACC_000347,2026-01-18T17:16:39+00:00,COMBINED_RING,ring,1
TXN_00000884,ACC_000427,2026-01-18T17:16:46+00:00,LEGITIMATE,legitimate,0
TXN_00000218,ACC_000089,2026-01-18T17:17:20+00:00,COMBINED_RING,ring,1
TXN_00000219,ACC_000089,2026-01-18T17:17:53+00:00,COMBINED_RING,ring,1
TXN_00001559,ACC_000062,2026-01-18T17:41:12+00:00,LEGITIMATE,legitimate,0
TXN_00001835,ACC_000393,2026-01-18T18:55:59+00:00,LEGITIMATE,legitimate,0
TXN_00001778,ACC_000262,2026-01-18T18:58:30+00:00,LEGITIMATE,legitimate,0
TXN_00001507,ACC_000283,2026-01-18T20:03:11+00:00,LEGITIMATE,legitimate,0
TXN_00001455,ACC_000084,2026-01-18T21:30:26+00:00,LEGITIMATE,legitimate,0
TXN_00001093,ACC_000290,2026-01-18T23:14:22+00:00,LEGITIMATE,legitimate,0
TXN_00000425,ACC_000200,2026-01-18T23:27:01+00:00,LEGITIMATE,legitimate,0
TXN_00001348,ACC_000024,2026-01-19T00:02:51+00:00,LEGITIMATE,legitimate,0
TXN_00001121,ACC_000417,2026-01-19T00:34:16+00:00,LEGITIMATE,legitimate,0
TXN_00000685,ACC_000024,2026-01-19T01:01:39+00:00,LEGITIMATE,legitimate,0
TXN_00001389,ACC_000218,2026-01-19T01:08:42+00:00,LEGITIMATE,legitimate,0
TXN_00000936,ACC_000324,2026-01-19T01:44:58+00:00,LEGITIMATE,legitimate,0
TXN_00000060,ACC_000481,2026-01-19T02:10:13+00:00,COMMON_BENEFICIARY_RING,ring,1
TXN_00001179,ACC_000270,2026-01-19T02:41:08+00:00,LEGITIMATE,legitimate,0
TXN_00001498,ACC_000029,2026-01-19T03:58:42+00:00,LEGITIMATE,legitimate,0
TXN_00000571,ACC_000094,2026-01-19T04:07:59+00:00,LEGITIMATE,legitimate,0
TXN_00001935,ACC_000295,2026-01-19T04:28:06+00:00,LEGITIMATE,legitimate,0
TXN_00001881,ACC_000135,2026-01-19T04:33:43+00:00,LEGITIMATE,legitimate,0
TXN_00001915,ACC_000106,2026-01-19T05:43:36+00:00,LEGITIMATE,legitimate,0
TXN_00000294,ACC_000005,2026-01-19T06:15:39+00:00,LEGITIMATE_LOOKALIKE,legitimate,0
TXN_00001411,ACC_000310,2026-01-19T06:34:09+00:00,LEGITIMATE,legitimate,0
TXN_00001280,ACC_000040,2026-01-19T08:26:56+00:00,LEGITIMATE,legitimate,0
TXN_00001578,ACC_000145,2026-01-19T08:39:58+00:00,LEGITIMATE,legitimate,0
TXN_00000275,ACC_000073,2026-01-19T09:05:46+00:00,LEGITIMATE_LOOKALIKE,legitimate,0
TXN_00000696,ACC_000173,2026-01-19T09:35:37+00:00,LEGITIMATE,legitimate,0
TXN_00001695,ACC_000425,2026-01-19T10:08:35+00:00,LEGITIMATE,legitimate,0
TXN_00000883,ACC_000383,2026-01-19T10:58:03+00:00,LEGITIMATE,legitimate,0
TXN_00000333,ACC_000222,2026-01-19T11:40:06+00:00,LEGITIMATE,legitimate,0
TXN_00000059,ACC_000481,2026-01-19T13:10:13+00:00,COMMON_BENEFICIARY_RING,ring,1
TXN_00001764,ACC_000367,2026-01-19T13:51:52+00:00,LEGITIMATE,legitimate,0
TXN_00001438,ACC_000101,2026-01-19T14:18:37+00:00,LEGITIMATE,legitimate,0
TXN_00001781,ACC_000468,2026-01-19T15:15:09+00:00,LEGITIMATE,legitimate,0
TXN_00000482,ACC_000308,2026-01-19T18:03:34+00:00,LEGITIMATE,legitimate,0
TXN_00000733,ACC_000081,2026-01-19T18:26:27+00:00,LEGITIMATE,legitimate,0
TXN_00001164,ACC_000021,2026-01-19T19:08:40+00:00,LEGITIMATE,legitimate,0
TXN_00001700,ACC_000193,2026-01-19T19:09:57+00:00,LEGITIMATE,legitimate,0
TXN_00000321,ACC_000166,2026-01-19T22:04:14+00:00,LEGITIMATE,legitimate,0
TXN_00001554,ACC_000045,2026-01-19T22:19:06+00:00,LEGITIMATE,legitimate,0
TXN_00001666,ACC_000192,2026-01-19T22:48:56+00:00,LEGITIMATE,legitimate,0
TXN_00001468,ACC_000008,2026-01-19T23:15:29+00:00,LEGITIMATE,legitimate,0
TXN_00000278,ACC_000149,2026-01-20T00:09:15+00:00,LEGITIMATE_LOOKALIKE,legitimate,0
TXN_00001977,ACC_000469,2026-01-20T00:51:09+00:00,LEGITIMATE,legitimate,0
TXN_00000532,ACC_000054,2026-01-20T01:19:48+00:00,LEGITIMATE,legitimate,0
TXN_00000341,ACC_000460,2026-01-20T03:20:02+00:00,LEGITIMATE,legitimate,0
TXN_00000694,ACC_000020,2026-01-20T03:24:57+00:00,LEGITIMATE,legitimate,0
TXN_00001784,ACC_000060,2026-01-20T03:29:15+00:00,LEGITIMATE,legitimate,0
TXN_00001102,ACC_000051,2026-01-20T04:21:32+00:00,LEGITIMATE,legitimate,0
TXN_00000922,ACC_000389,2026-01-20T05:28:22+00:00,LEGITIMATE,legitimate,0
TXN_00000626,ACC_000489,2026-01-20T06:04:31+00:00,LEGITIMATE,legitimate,0
TXN_00000393,ACC_000087,2026-01-20T07:18:48+00:00,LEGITIMATE,legitimate,0
TXN_00001754,ACC_000081,2026-01-20T08:18:38+00:00,LEGITIMATE,legitimate,0
TXN_00000285,ACC_000385,2026-01-20T09:16:59+00:00,LEGITIMATE_LOOKALIKE,legitimate,0
TXN_00000541,ACC_000039,2026-01-20T10:36:05+00:00,LEGITIMATE,legitimate,0
TXN_00001825,ACC_000004,2026-01-20T11:06:57+00:00,LEGITIMATE,legitimate,0
TXN_00000412,ACC_000338,2026-01-20T11:44:38+00:00,LEGITIMATE,legitimate,0
TXN_00001834,ACC_000286,2026-01-20T11:45:58+00:00,LEGITIMATE,legitimate,0
TXN_00000272,ACC_000202,2026-01-20T11:56:20+00:00,LEGITIMATE_LOOKALIKE,legitimate,0
TXN_00001856,ACC_000239,2026-01-20T12:48:55+00:00,LEGITIMATE,legitimate,0
TXN_00001006,ACC_000341,2026-01-20T13:02:23+00:00,LEGITIMATE,legitimate,0
TXN_00000996,ACC_000284,2026-01-20T13:41:35+00:00,LEGITIMATE,legitimate,0
TXN_00000811,ACC_000351,2026-01-20T15:07:13+00:00,LEGITIMATE,legitimate,0
TXN_00001088,ACC_000303,2026-01-20T15:10:29+00:00,LEGITIMATE,legitimate,0
TXN_00001823,ACC_000017,2026-01-20T15:34:24+00:00,LEGITIMATE,legitimate,0
TXN_00001418,ACC_000414,2026-01-20T15:45:35+00:00,LEGITIMATE,legitimate,0
TXN_00000464,ACC_000151,2026-01-20T15:55:24+00:00,LEGITIMATE,legitimate,0
TXN_00000537,ACC_000164,2026-01-20T16:12:04+00:00,LEGITIMATE,legitimate,0
TXN_00000644,ACC_000375,2026-01-20T17:25:13+00:00,LEGITIMATE,legitimate,0
TXN_00000396,ACC_000251,2026-01-20T18:05:06+00:00,LEGITIMATE,legitimate,0
TXN_00001917,ACC_000400,2026-01-20T18:53:02+00:00,LEGITIMATE,legitimate,0
TXN_00001186,ACC_000407,2026-01-20T22:21:45+00:00,LEGITIMATE,legitimate,0
TXN_00001321,ACC_000340,2026-01-21T01:31:45+00:00,LEGITIMATE,legitimate,0
TXN_00000908,ACC_000282,2026-01-21T01:38:54+00:00,LEGITIMATE,legitimate,0
TXN_00000918,ACC_000457,2026-01-21T01:41:59+00:00,LEGITIMATE,legitimate,0
TXN_00000919,ACC_000395,2026-01-21T01:45:39+00:00,LEGITIMATE,legitimate,0
TXN_00001178,ACC_000075,2026-01-21T03:15:42+00:00,LEGITIMATE,legitimate,0
TXN_00001560,ACC_000146,2026-01-21T03:15:52+00:00,LEGITIMATE,legitimate,0
TXN_00000627,ACC_000116,2026-01-21T03:19:28+00:00,LEGITIMATE,legitimate,0
TXN_00001937,ACC_000363,2026-01-21T03:29:19+00:00,LEGITIMATE,legitimate,0
TXN_00001649,ACC_000141,2026-01-21T03:30:28+00:00,LEGITIMATE,legitimate,0
TXN_00001790,ACC_000236,2026-01-21T04:18:10+00:00,LEGITIMATE,legitimate,0
TXN_00001650,ACC_000199,2026-01-21T04:23:22+00:00,LEGITIMATE,legitimate,0
TXN_00000624,ACC_000158,2026-01-21T05:03:33+00:00,LEGITIMATE,legitimate,0
TXN_00000640,ACC_000310,2026-01-21T06:48:17+00:00,LEGITIMATE,legitimate,0
TXN_00001482,ACC_000006,2026-01-21T07:10:30+00:00,LEGITIMATE,legitimate,0
TXN_00000551,ACC_000100,2026-01-21T07:11:13+00:00,LEGITIMATE,legitimate,0
TXN_00001201,ACC_000415,2026-01-21T07:20:07+00:00,LEGITIMATE,legitimate,0
TXN_00001345,ACC_000308,2026-01-21T07:28:39+00:00,LEGITIMATE,legitimate,0
TXN_00000948,ACC_000487,2026-01-21T08:53:54+00:00,LEGITIMATE,legitimate,0
TXN_00001496,ACC_000371,2026-01-21T09:35:23+00:00,LEGITIMATE,legitimate,0
TXN_00000949,ACC_000255,2026-01-21T10:01:12+00:00,LEGITIMATE,legitimate,0
TXN_00001370,ACC_000362,2026-01-21T10:04:56+00:00,LEGITIMATE,legitimate,0
TXN_00000597,ACC_000148,2026-01-21T10:09:54+00:00,LEGITIMATE,legitimate,0
TXN_00000625,ACC_000294,2026-01-21T11:27:59+00:00,LEGITIMATE,legitimate,0
TXN_00001112,ACC_000399,2026-01-21T11:36:46+00:00,LEGITIMATE,legitimate,0
TXN_00000714,ACC_000459,2026-01-21T11:52:26+00:00,LEGITIMATE,legitimate,0
TXN_00001308,ACC_000446,2026-01-21T12:36:46+00:00,LEGITIMATE,legitimate,0
TXN_00000916,ACC_000353,2026-01-21T13:54:44+00:00,LEGITIMATE,legitimate,0
TXN_00000794,ACC_000463,2026-01-21T14:38:06+00:00,LEGITIMATE,legitimate,0
TXN_00001828,ACC_000342,2026-01-21T16:32:28+00:00,LEGITIMATE,legitimate,0
TXN_00001769,ACC_000112,2026-01-21T17:21:37+00:00,LEGITIMATE,legitimate,0
TXN_00001105,ACC_000419,2026-01-21T18:19:30+00:00,LEGITIMATE,legitimate,0
TXN_00000793,ACC_000205,2026-01-21T19:17:03+00:00,LEGITIMATE,legitimate,0
TXN_00001642,ACC_000284,2026-01-21T19:38:07+00:00,LEGITIMATE,legitimate,0
TXN_00001365,ACC_000153,2026-01-21T19:44:21+00:00,LEGITIMATE,legitimate,0
TXN_00001000,ACC_000324,2026-01-21T19:48:10+00:00,LEGITIMATE,legitimate,0
TXN_00000612,ACC_000188,2026-01-21T20:11:13+00:00,LEGITIMATE,legitimate,0
TXN_00000368,ACC_000070,2026-01-21T20:21:16+00:00,LEGITIMATE,legitimate,0
TXN_00001888,ACC_000349,2026-01-21T21:41:04+00:00,LEGITIMATE,legitimate,0
TXN_00001255,ACC_000235,2026-01-21T22:41:02+00:00,LEGITIMATE,legitimate,0
TXN_00000874,ACC_000395,2026-01-21T23:22:07+00:00,LEGITIMATE,legitimate,0
TXN_00001708,ACC_000070,2026-01-21T23:24:23+00:00,LEGITIMATE,legitimate,0
TXN_00001563,ACC_000232,2026-01-21T23:54:14+00:00,LEGITIMATE,legitimate,0
TXN_00001143,ACC_000479,2026-01-22T00:04:53+00:00,LEGITIMATE,legitimate,0
TXN_00001168,ACC_000294,2026-01-22T00:17:18+00:00,LEGITIMATE,legitimate,0
TXN_00001910,ACC_000114,2026-01-22T00:18:03+00:00,LEGITIMATE,legitimate,0
TXN_00000630,ACC_000138,2026-01-22T00:37:57+00:00,LEGITIMATE,legitimate,0
TXN_00001336,ACC_000020,2026-01-22T01:26:08+00:00,LEGITIMATE,legitimate,0
TXN_00001052,ACC_000466,2026-01-22T04:51:23+00:00,LEGITIMATE,legitimate,0
TXN_00001863,ACC_000117,2026-01-22T05:39:30+00:00,LEGITIMATE,legitimate,0
TXN_00001078,ACC_000340,2026-01-22T06:31:18+00:00,LEGITIMATE,legitimate,0
TXN_00001634,ACC_000003,2026-01-22T07:06:09+00:00,LEGITIMATE,legitimate,0
TXN_00000309,ACC_000482,2026-01-22T08:05:38+00:00,LEGITIMATE_LOOKALIKE,legitimate,0
TXN_00000565,ACC_000335,2026-01-22T08:26:06+00:00,LEGITIMATE,legitimate,0
TXN_00001614,ACC_000085,2026-01-22T08:40:08+00:00,LEGITIMATE,legitimate,0
TXN_00001231,ACC_000083,2026-01-22T08:51:12+00:00,LEGITIMATE,legitimate,0
TXN_00001529,ACC_000284,2026-01-22T12:45:01+00:00,LEGITIMATE,legitimate,0
TXN_00001203,ACC_000471,2026-01-22T12:55:11+00:00,LEGITIMATE,legitimate,0
TXN_00000695,ACC_000407,2026-01-22T12:55:32+00:00,LEGITIMATE,legitimate,0
TXN_00000511,ACC_000036,2026-01-22T13:39:32+00:00,LEGITIMATE,legitimate,0
TXN_00001684,ACC_000223,2026-01-22T13:41:31+00:00,LEGITIMATE,legitimate,0
TXN_00000723,ACC_000429,2026-01-22T13:46:58+00:00,LEGITIMATE,legitimate,0
TXN_00001562,ACC_000148,2026-01-22T15:07:34+00:00,LEGITIMATE,legitimate,0
TXN_00001611,ACC_000382,2026-01-22T16:09:06+00:00,LEGITIMATE,legitimate,0
TXN_00001024,ACC_000413,2026-01-22T16:23:29+00:00,LEGITIMATE,legitimate,0
TXN_00001326,ACC_000446,2026-01-22T17:39:06+00:00,LEGITIMATE,legitimate,0
TXN_00001900,ACC_000434,2026-01-22T18:26:44+00:00,LEGITIMATE,legitimate,0
TXN_00001999,ACC_000021,2026-01-22T19:09:26+00:00,LEGITIMATE,legitimate,0
TXN_00000259,ACC_000412,2026-01-22T19:36:41+00:00,LEGITIMATE_LOOKALIKE,legitimate,0
TXN_00000466,ACC_000129,2026-01-22T20:49:33+00:00,LEGITIMATE,legitimate,0
TXN_00001727,ACC_000131,2026-01-22T22:15:06+00:00,LEGITIMATE,legitimate,0
TXN_00001141,ACC_000284,2026-01-22T22:17:13+00:00,LEGITIMATE,legitimate,0
TXN_00001972,ACC_000232,2026-01-23T00:15:33+00:00,LEGITIMATE,legitimate,0
TXN_00000405,ACC_000175,2026-01-23T00:45:54+00:00,LEGITIMATE,legitimate,0
TXN_00000325,ACC_000130,2026-01-23T02:19:17+00:00,LEGITIMATE,legitimate,0
TXN_00000786,ACC_000312,2026-01-23T02:51:33+00:00,LEGITIMATE,legitimate,0
TXN_00000503,ACC_000107,2026-01-23T04:15:34+00:00,LEGITIMATE,legitimate,0
TXN_00001349,ACC_000156,2026-01-23T04:50:02+00:00,LEGITIMATE,legitimate,0
TXN_00001508,ACC_000427,2026-01-23T05:06:39+00:00,LEGITIMATE,legitimate,0
TXN_00001676,ACC_000105,2026-01-23T05:41:55+00:00,LEGITIMATE,legitimate,0
TXN_00000346,ACC_000017,2026-01-23T06:22:35+00:00,LEGITIMATE,legitimate,0
TXN_00000925,ACC_000051,2026-01-23T06:26:48+00:00,LEGITIMATE,legitimate,0
TXN_00000890,ACC_000340,2026-01-23T06:58:55+00:00,LEGITIMATE,legitimate,0
TXN_00000557,ACC_000167,2026-01-23T07:02:16+00:00,LEGITIMATE,legitimate,0
TXN_00001981,ACC_000077,2026-01-23T07:51:39+00:00,LEGITIMATE,legitimate,0
TXN_00001135,ACC_000439,2026-01-23T07:55:42+00:00,LEGITIMATE,legitimate,0
TXN_00001132,ACC_000016,2026-01-23T09:29:11+00:00,LEGITIMATE,legitimate,0
TXN_00001951,ACC_000291,2026-01-23T10:19:57+00:00,LEGITIMATE,legitimate,0
TXN_00001273,ACC_000480,2026-01-23T12:32:07+00:00,LEGITIMATE,legitimate,0
TXN_00001627,ACC_000483,2026-01-23T13:32:20+00:00,LEGITIMATE,legitimate,0
TXN_00000280,ACC_000149,2026-01-23T15:15:10+00:00,LEGITIMATE_LOOKALIKE,legitimate,0
TXN_00000581,ACC_000479,2026-01-23T15:53:20+00:00,LEGITIMATE,legitimate,0
TXN_00000377,ACC_000403,2026-01-23T16:04:45+00:00,LEGITIMATE,legitimate,0
TXN_00001149,ACC_000386,2026-01-23T16:09:02+00:00,LEGITIMATE,legitimate,0
TXN_00000376,ACC_000052,2026-01-23T17:07:05+00:00,LEGITIMATE,legitimate,0
TXN_00001413,ACC_000195,2026-01-23T17:23:29+00:00,LEGITIMATE,legitimate,0
TXN_00000572,ACC_000488,2026-01-23T17:53:57+00:00,LEGITIMATE,legitimate,0
TXN_00000965,ACC_000467,2026-01-23T18:07:31+00:00,LEGITIMATE,legitimate,0
TXN_00001339,ACC_000239,2026-01-23T20:40:37+00:00,LEGITIMATE,legitimate,0
TXN_00001412,ACC_000029,2026-01-23T23:08:37+00:00,LEGITIMATE,legitimate,0
TXN_00001191,ACC_000343,2026-01-23T23:34:45+00:00,LEGITIMATE,legitimate,0
TXN_00001484,ACC_000448,2026-01-24T00:35:35+00:00,LEGITIMATE,legitimate,0
TXN_00000665,ACC_000328,2026-01-24T01:55:14+00:00,LEGITIMATE,legitimate,0
TXN_00001904,ACC_000494,2026-01-24T02:57:12+00:00,LEGITIMATE,legitimate,0
TXN_00001936,ACC_000182,2026-01-24T04:23:09+00:00,LEGITIMATE,legitimate,0
TXN_00001743,ACC_000332,2026-01-24T04:51:56+00:00,LEGITIMATE,legitimate,0
TXN_00000658,ACC_000402,2026-01-24T05:13:33+00:00,LEGITIMATE,legitimate,0
TXN_00000515,ACC_000496,2026-01-24T05:20:07+00:00,LEGITIMATE,legitimate,0
TXN_00000921,ACC_000488,2026-01-24T05:36:14+00:00,LEGITIMATE,legitimate,0
TXN_00001104,ACC_000407,2026-01-24T06:29:12+00:00,LEGITIMATE,legitimate,0
TXN_00001199,ACC_000258,2026-01-24T08:14:35+00:00,LEGITIMATE,legitimate,0
TXN_00001063,ACC_000006,2026-01-24T08:26:49+00:00,LEGITIMATE,legitimate,0
TXN_00001534,ACC_000161,2026-01-24T09:45:56+00:00,LEGITIMATE,legitimate,0
TXN_00001114,ACC_000155,2026-01-24T10:24:39+00:00,LEGITIMATE,legitimate,0
TXN_00000661,ACC_000417,2026-01-24T11:01:58+00:00,LEGITIMATE,legitimate,0
TXN_00001041,ACC_000036,2026-01-24T11:33:41+00:00,LEGITIMATE,legitimate,0
TXN_00000631,ACC_000052,2026-01-24T11:56:47+00:00,LEGITIMATE,legitimate,0
TXN_00000524,ACC_000247,2026-01-24T12:00:56+00:00,LEGITIMATE,legitimate,0
TXN_00001916,ACC_000181,2026-01-24T12:05:32+00:00,LEGITIMATE,legitimate,0
TXN_00000568,ACC_000175,2026-01-24T12:28:13+00:00,LEGITIMATE,legitimate,0
TXN_00000676,ACC_000066,2026-01-24T16:16:20+00:00,LEGITIMATE,legitimate,0
TXN_00000951,ACC_000152,2026-01-24T17:12:16+00:00,LEGITIMATE,legitimate,0
TXN_00001069,ACC_000069,2026-01-24T18:48:18+00:00,LEGITIMATE,legitimate,0
TXN_00001596,ACC_000459,2026-01-24T19:03:33+00:00,LEGITIMATE,legitimate,0
TXN_00000841,ACC_000088,2026-01-24T19:06:20+00:00,LEGITIMATE,legitimate,0
TXN_00001400,ACC_000233,2026-01-24T19:19:45+00:00,LEGITIMATE,legitimate,0
TXN_00001463,ACC_000193,2026-01-24T21:13:13+00:00,LEGITIMATE,legitimate,0
TXN_00001230,ACC_000247,2026-01-24T22:25:08+00:00,LEGITIMATE,legitimate,0
TXN_00001812,ACC_000436,2026-01-24T22:40:39+00:00,LEGITIMATE,legitimate,0
TXN_00000001,ACC_000002,2026-01-24T22:55:22+00:00,SHARED_DEVICE_RING,ring,1
TXN_00000002,ACC_000002,2026-01-24T22:59:22+00:00,SHARED_DEVICE_RING,ring,1
TXN_00000003,ACC_000002,2026-01-24T23:03:22+00:00,SHARED_DEVICE_RING,ring,1
TXN_00000004,ACC_000002,2026-01-24T23:07:22+00:00,SHARED_DEVICE_RING,ring,1
TXN_00000267,ACC_000307,2026-01-24T23:09:20+00:00,LEGITIMATE_LOOKALIKE,legitimate,0
TXN_00000005,ACC_000023,2026-01-24T23:10:22+00:00,SHARED_DEVICE_RING,ring,1
TXN_00000006,ACC_000023,2026-01-24T23:14:22+00:00,SHARED_DEVICE_RING,ring,1
TXN_00000007,ACC_000023,2026-01-24T23:18:22+00:00,SHARED_DEVICE_RING,ring,1
TXN_00000008,ACC_000023,2026-01-24T23:22:22+00:00,SHARED_DEVICE_RING,ring,1
TXN_00000009,ACC_000113,2026-01-24T23:25:22+00:00,SHARED_DEVICE_RING,ring,1
TXN_00000010,ACC_000113,2026-01-24T23:29:22+00:00,SHARED_DEVICE_RING,ring,1
TXN_00000011,ACC_000113,2026-01-24T23:33:22+00:00,SHARED_DEVICE_RING,ring,1
TXN_00000012,ACC_000113,2026-01-24T23:37:22+00:00,SHARED_DEVICE_RING,ring,1
TXN_00000014,ACC_000183,2026-01-24T23:40:22+00:00,SHARED_DEVICE_RING,ring,1
TXN_00000013,ACC_000113,2026-01-24T23:41:22+00:00,SHARED_DEVICE_RING,ring,1
TXN_00000015,ACC_000183,2026-01-24T23:44:22+00:00,SHARED_DEVICE_RING,ring,1
TXN_00000016,ACC_000183,2026-01-24T23:48:22+00:00,SHARED_DEVICE_RING,ring,1
TXN_00001883,ACC_000378,2026-01-24T23:51:32+00:00,LEGITIMATE,legitimate,0
TXN_00000017,ACC_000183,2026-01-24T23:52:22+00:00,SHARED_DEVICE_RING,ring,1
TXN_00000913,ACC_000163,2026-01-25T00:41:33+00:00,LEGITIMATE,legitimate,0
TXN_00001151,ACC_000290,2026-01-25T00:49:25+00:00,LEGITIMATE,legitimate,0
TXN_00000704,ACC_000372,2026-01-25T00:57:48+00:00,LEGITIMATE,legitimate,0
TXN_00001378,ACC_000163,2026-01-25T01:39:54+00:00,LEGITIMATE,legitimate,0
TXN_00001457,ACC_000076,2026-01-25T02:26:16+00:00,LEGITIMATE,legitimate,0
TXN_00000253,ACC_000472,2026-01-25T03:05:46+00:00,LEGITIMATE_LOOKALIKE,legitimate,0
TXN_00000315,ACC_000352,2026-01-25T05:21:22+00:00,LEGITIMATE_LOOKALIKE,legitimate,0
TXN_00000250,ACC_000473,2026-01-25T05:57:19+00:00,LEGITIMATE_LOOKALIKE,legitimate,0
TXN_00000708,ACC_000399,2026-01-25T08:10:56+00:00,LEGITIMATE,legitimate,0
TXN_00000769,ACC_000184,2026-01-25T08:24:11+00:00,LEGITIMATE,legitimate,0
TXN_00001180,ACC_000163,2026-01-25T08:46:54+00:00,LEGITIMATE,legitimate,0
TXN_00001270,ACC_000178,2026-01-25T08:56:29+00:00,LEGITIMATE,legitimate,0
TXN_00001551,ACC_000211,2026-01-25T09:59:10+00:00,LEGITIMATE,legitimate,0
TXN_00000901,ACC_000220,2026-01-25T11:45:14+00:00,LEGITIMATE,legitimate,0
TXN_00001697,ACC_000293,2026-01-25T11:52:55+00:00,LEGITIMATE,legitimate,0
TXN_00000907,ACC_000360,2026-01-25T13:55:36+00:00,LEGITIMATE,legitimate,0
TXN_00001284,ACC_000208,2026-01-25T14:04:48+00:00,LEGITIMATE,legitimate,0
TXN_00000306,ACC_000482,2026-01-25T14:41:15+00:00,LEGITIMATE_LOOKALIKE,legitimate,0
TXN_00000891,ACC_000188,2026-01-25T16:29:16+00:00,LEGITIMATE,legitimate,0
TXN_00001144,ACC_000136,2026-01-25T17:35:38+00:00,LEGITIMATE,legitimate,0
TXN_00001602,ACC_000020,2026-01-25T17:47:22+00:00,LEGITIMATE,legitimate,0
TXN_00001606,ACC_000408,2026-01-25T18:24:34+00:00,LEGITIMATE,legitimate,0
TXN_00001804,ACC_000180,2026-01-25T18:45:29+00:00,LEGITIMATE,legitimate,0
TXN_00001877,ACC_000198,2026-01-25T20:53:07+00:00,LEGITIMATE,legitimate,0
TXN_00001479,ACC_000170,2026-01-25T21:10:19+00:00,LEGITIMATE,legitimate,0
TXN_00000792,ACC_000048,2026-01-25T23:32:11+00:00,LEGITIMATE,legitimate,0
TXN_00001621,ACC_000024,2026-01-25T23:52:30+00:00,LEGITIMATE,legitimate,0
TXN_00001486,ACC_000079,2026-01-25T23:54:28+00:00,LEGITIMATE,legitimate,0
TXN_00000602,ACC_000442,2026-01-26T00:24:31+00:00,LEGITIMATE,legitimate,0
TXN_00001831,ACC_000087,2026-01-26T00:55:54+00:00,LEGITIMATE,legitimate,0
TXN_00001545,ACC_000477,2026-01-26T01:18:10+00:00,LEGITIMATE,legitimate,0
TXN_00000451,ACC_000319,2026-01-26T01:41:37+00:00,LEGITIMATE,legitimate,0
TXN_00000958,ACC_000103,2026-01-26T02:30:46+00:00,LEGITIMATE,legitimate,0
TXN_00001817,ACC_000013,2026-01-26T05:43:13+00:00,LEGITIMATE,legitimate,0
TXN_00001664,ACC_000445,2026-01-26T05:50:27+00:00,LEGITIMATE,legitimate,0
TXN_00000799,ACC_000156,2026-01-26T06:07:38+00:00,LEGITIMATE,legitimate,0
TXN_00000580,ACC_000342,2026-01-26T08:47:59+00:00,LEGITIMATE,legitimate,0
TXN_00001100,ACC_000377,2026-01-26T08:53:46+00:00,LEGITIMATE,legitimate,0
TXN_00001932,ACC_000067,2026-01-26T09:00:01+00:00,LEGITIMATE,legitimate,0
TXN_00000516,ACC_000490,2026-01-26T09:39:14+00:00,LEGITIMATE,legitimate,0
TXN_00000395,ACC_000477,2026-01-26T09:49:55+00:00,LEGITIMATE,legitimate,0
TXN_00001101,ACC_000427,2026-01-26T10:59:50+00:00,LEGITIMATE,legitimate,0
TXN_00001777,ACC_000228,2026-01-26T12:28:44+00:00,LEGITIMATE,legitimate,0
TXN_00001268,ACC_000001,2026-01-26T12:41:07+00:00,LEGITIMATE,legitimate,0
TXN_00000955,ACC_000173,2026-01-26T14:12:07+00:00,LEGITIMATE,legitimate,0
TXN_00001385,ACC_000497,2026-01-26T14:39:43+00:00,LEGITIMATE,legitimate,0
TXN_00000589,ACC_000469,2026-01-26T15:32:07+00:00,LEGITIMATE,legitimate,0
TXN_00001415,ACC_000001,2026-01-26T15:59:38+00:00,LEGITIMATE,legitimate,0
TXN_00001722,ACC_000204,2026-01-26T16:48:08+00:00,LEGITIMATE,legitimate,0
TXN_00000426,ACC_000094,2026-01-26T19:21:06+00:00,LEGITIMATE,legitimate,0
TXN_00000566,ACC_000283,2026-01-26T20:43:43+00:00,LEGITIMATE,legitimate,0
TXN_00001796,ACC_000355,2026-01-26T21:30:34+00:00,LEGITIMATE,legitimate,0
TXN_00001934,ACC_000251,2026-01-27T01:16:39+00:00,LEGITIMATE,legitimate,0
TXN_00000789,ACC_000192,2026-01-27T01:17:52+00:00,LEGITIMATE,legitimate,0
TXN_00001780,ACC_000398,2026-01-27T01:58:22+00:00,LEGITIMATE,legitimate,0
TXN_00000257,ACC_000055,2026-01-27T02:44:20+00:00,LEGITIMATE_LOOKALIKE,legitimate,0
TXN_00000701,ACC_000217,2026-01-27T03:44:10+00:00,LEGITIMATE,legitimate,0
TXN_00001641,ACC_000120,2026-01-27T03:45:19+00:00,LEGITIMATE,legitimate,0
TXN_00001811,ACC_000072,2026-01-27T06:05:36+00:00,LEGITIMATE,legitimate,0
TXN_00001592,ACC_000123,2026-01-27T06:10:46+00:00,LEGITIMATE,legitimate,0
TXN_00001473,ACC_000083,2026-01-27T07:10:54+00:00,LEGITIMATE,legitimate,0
TXN_00000656,ACC_000004,2026-01-27T09:18:50+00:00,LEGITIMATE,legitimate,0
TXN_00001622,ACC_000133,2026-01-27T10:38:05+00:00,LEGITIMATE,legitimate,0
TXN_00001681,ACC_000136,2026-01-27T10:57:26+00:00,LEGITIMATE,legitimate,0
TXN_00001556,ACC_000260,2026-01-27T12:16:12+00:00,LEGITIMATE,legitimate,0
TXN_00001292,ACC_000434,2026-01-27T13:26:49+00:00,LEGITIMATE,legitimate,0
TXN_00000902,ACC_000342,2026-01-27T15:13:56+00:00,LEGITIMATE,legitimate,0
TXN_00001612,ACC_000311,2026-01-27T15:30:46+00:00,LEGITIMATE,legitimate,0
TXN_00001679,ACC_000293,2026-01-27T17:11:12+00:00,LEGITIMATE,legitimate,0
TXN_00000768,ACC_000306,2026-01-27T18:13:17+00:00,LEGITIMATE,legitimate,0
TXN_00000546,ACC_000321,2026-01-27T18:56:15+00:00,LEGITIMATE,legitimate,0
TXN_00001929,ACC_000358,2026-01-27T21:06:06+00:00,LEGITIMATE,legitimate,0
TXN_00000729,ACC_000161,2026-01-27T21:11:44+00:00,LEGITIMATE,legitimate,0
TXN_00000782,ACC_000269,2026-01-27T23:27:11+00:00,LEGITIMATE,legitimate,0
TXN_00000703,ACC_000110,2026-01-28T00:28:47+00:00,LEGITIMATE,legitimate,0
TXN_00000992,ACC_000342,2026-01-28T00:45:33+00:00,LEGITIMATE,legitimate,0
TXN_00001984,ACC_000443,2026-01-28T01:35:29+00:00,LEGITIMATE,legitimate,0
TXN_00000427,ACC_000036,2026-01-28T02:50:19+00:00,LEGITIMATE,legitimate,0
TXN_00001004,ACC_000143,2026-01-28T03:19:19+00:00,LEGITIMATE,legitimate,0
TXN_00001403,ACC_000184,2026-01-28T04:03:10+00:00,LEGITIMATE,legitimate,0
TXN_00001405,ACC_000459,2026-01-28T05:19:47+00:00,LEGITIMATE,legitimate,0
TXN_00000629,ACC_000141,2026-01-28T05:43:48+00:00,LEGITIMATE,legitimate,0
TXN_00001264,ACC_000498,2026-01-28T05:58:58+00:00,LEGITIMATE,legitimate,0
TXN_00000650,ACC_000220,2026-01-28T06:26:21+00:00,LEGITIMATE,legitimate,0
TXN_00000797,ACC_000120,2026-01-28T07:03:48+00:00,LEGITIMATE,legitimate,0
TXN_00000802,ACC_000236,2026-01-28T07:14:04+00:00,LEGITIMATE,legitimate,0
TXN_00001813,ACC_000436,2026-01-28T07:18:53+00:00,LEGITIMATE,legitimate,0
TXN_00001875,ACC_000297,2026-01-28T07:31:08+00:00,LEGITIMATE,legitimate,0
TXN_00001487,ACC_000006,2026-01-28T07:45:29+00:00,LEGITIMATE,legitimate,0
TXN_00000971,ACC_000205,2026-01-28T08:04:35+00:00,LEGITIMATE,legitimate,0
TXN_00000998,ACC_000030,2026-01-28T09:03:38+00:00,LEGITIMATE,legitimate,0
TXN_00001462,ACC_000400,2026-01-28T09:09:21+00:00,LEGITIMATE,legitimate,0
TXN_00001217,ACC_000164,2026-01-28T10:14:50+00:00,LEGITIMATE,legitimate,0
TXN_00000300,ACC_000344,2026-01-28T11:52:08+00:00,LEGITIMATE_LOOKALIKE,legitimate,0
TXN_00001597,ACC_000282,2026-01-28T13:57:51+00:00,LEGITIMATE,legitimate,0
TXN_00001630,ACC_000373,2026-01-28T14:26:10+00:00,LEGITIMATE,legitimate,0
TXN_00001672,ACC_000057,2026-01-28T14:51:27+00:00,LEGITIMATE,legitimate,0
TXN_00000509,ACC_000134,2026-01-28T15:07:05+00:00,LEGITIMATE,legitimate,0
TXN_00001846,ACC_000192,2026-01-28T15:30:47+00:00,LEGITIMATE,legitimate,0
TXN_00000255,ACC_000472,2026-01-28T15:32:45+00:00,LEGITIMATE_LOOKALIKE,legitimate,0
TXN_00001513,ACC_000134,2026-01-28T16:57:15+00:00,LEGITIMATE,legitimate,0
TXN_00001079,ACC_000216,2026-01-28T18:05:59+00:00,LEGITIMATE,legitimate,0
TXN_00000369,ACC_000401,2026-01-28T18:52:02+00:00,LEGITIMATE,legitimate,0
TXN_00000034,ACC_000280,2026-01-28T20:31:04+00:00,SHARED_DEVICE_RING,ring,1
TXN_00000035,ACC_000280,2026-01-28T20:35:04+00:00,SHARED_DEVICE_RING,ring,1
TXN_00000036,ACC_000280,2026-01-28T20:39:04+00:00,SHARED_DEVICE_RING,ring,1
TXN_00000037,ACC_000280,2026-01-28T20:43:04+00:00,SHARED_DEVICE_RING,ring,1
TXN_00000039,ACC_000092,2026-01-28T20:46:04+00:00,SHARED_DEVICE_RING,ring,1
TXN_00000038,ACC_000280,2026-01-28T20:47:04+00:00,SHARED_DEVICE_RING,ring,1
TXN_00000040,ACC_000092,2026-01-28T20:50:04+00:00,SHARED_DEVICE_RING,ring,1
TXN_00000041,ACC_000092,2026-01-28T20:54:04+00:00,SHARED_DEVICE_RING,ring,1
TXN_00000042,ACC_000214,2026-01-28T21:01:04+00:00,SHARED_DEVICE_RING,ring,1
TXN_00000043,ACC_000214,2026-01-28T21:05:04+00:00,SHARED_DEVICE_RING,ring,1
TXN_00000044,ACC_000214,2026-01-28T21:09:04+00:00,SHARED_DEVICE_RING,ring,1
TXN_00000045,ACC_000214,2026-01-28T21:13:04+00:00,SHARED_DEVICE_RING,ring,1
TXN_00000047,ACC_000411,2026-01-28T21:16:04+00:00,SHARED_DEVICE_RING,ring,1
TXN_00000046,ACC_000214,2026-01-28T21:17:04+00:00,SHARED_DEVICE_RING,ring,1
TXN_00000048,ACC_000411,2026-01-28T21:20:04+00:00,SHARED_DEVICE_RING,ring,1
TXN_00000049,ACC_000411,2026-01-28T21:24:04+00:00,SHARED_DEVICE_RING,ring,1
TXN_00000050,ACC_000411,2026-01-28T21:28:04+00:00,SHARED_DEVICE_RING,ring,1
TXN_00000051,ACC_000108,2026-01-28T21:31:04+00:00,SHARED_DEVICE_RING,ring,1
TXN_00000052,ACC_000108,2026-01-28T21:35:04+00:00,SHARED_DEVICE_RING,ring,1
TXN_00000053,ACC_000108,2026-01-28T21:39:04+00:00,SHARED_DEVICE_RING,ring,1
TXN_00000559,ACC_000080,2026-01-28T21:51:08+00:00,LEGITIMATE,legitimate,0
TXN_00001094,ACC_000397,2026-01-28T22:23:14+00:00,LEGITIMATE,legitimate,0
TXN_00001656,ACC_000255,2026-01-28T23:19:15+00:00,LEGITIMATE,legitimate,0
TXN_00000604,ACC_000406,2026-01-28T23:32:23+00:00,LEGITIMATE,legitimate,0
TXN_00000441,ACC_000288,2026-01-29T01:23:23+00:00,LEGITIMATE,legitimate,0
TXN_00000869,ACC_000306,2026-01-29T02:15:29+00:00,LEGITIMATE,legitimate,0
TXN_00000667,ACC_000155,2026-01-29T03:01:40+00:00,LEGITIMATE,legitimate,0
TXN_00001147,ACC_000499,2026-01-29T04:16:20+00:00,LEGITIMATE,legitimate,0
TXN_00000018,ACC_000207,2026-01-29T04:55:30+00:00,SHARED_DEVICE_RING,ring,1
TXN_00000019,ACC_000207,2026-01-29T04:59:30+00:00,SHARED_DEVICE_RING,ring,1
TXN_00000020,ACC_000207,2026-01-29T05:03:30+00:00,SHARED_DEVICE_RING,ring,1
TXN_00000021,ACC_000207,2026-01-29T05:07:30+00:00,SHARED_DEVICE_RING,ring,1
TXN_00000023,ACC_000082,2026-01-29T05:10:30+00:00,SHARED_DEVICE_RING,ring,1
TXN_00000022,ACC_000207,2026-01-29T05:11:30+00:00,SHARED_DEVICE_RING,ring,1
TXN_00000024,ACC_000082,2026-01-29T05:14:30+00:00,SHARED_DEVICE_RING,ring,1
TXN_00000025,ACC_000082,2026-01-29T05:18:30+00:00,SHARED_DEVICE_RING,ring,1
TXN_00000026,ACC_000082,2026-01-29T05:22:30+00:00,SHARED_DEVICE_RING,ring,1
TXN_00000028,ACC_000201,2026-01-29T05:25:30+00:00,SHARED_DEVICE_RING,ring,1
TXN_00000027,ACC_000082,2026-01-29T05:26:30+00:00,SHARED_DEVICE_RING,ring,1
TXN_00000029,ACC_000201,2026-01-29T05:29:30+00:00,SHARED_DEVICE_RING,ring,1
TXN_00000030,ACC_000201,2026-01-29T05:33:30+00:00,SHARED_DEVICE_RING,ring,1
TXN_00000384,ACC_000306,2026-01-29T05:33:51+00:00,LEGITIMATE,legitimate,0
TXN_00000031,ACC_000068,2026-01-29T05:40:30+00:00,SHARED_DEVICE_RING,ring,1
TXN_00000032,ACC_000068,2026-01-29T05:44:30+00:00,SHARED_DEVICE_RING,ring,1
TXN_00000033,ACC_000068,2026-01-29T05:48:30+00:00,SHARED_DEVICE_RING,ring,1
TXN_00001226,ACC_000313,2026-01-29T06:13:44+00:00,LEGITIMATE,legitimate,0
TXN_00001163,ACC_000067,2026-01-29T06:38:08+00:00,LEGITIMATE,legitimate,0
TXN_00000730,ACC_000339,2026-01-29T06:52:54+00:00,LEGITIMATE,legitimate,0
TXN_00001023,ACC_000024,2026-01-29T07:14:46+00:00,LEGITIMATE,legitimate,0
TXN_00000092,ACC_000302,2026-01-29T07:29:07+00:00,COMMON_BENEFICIARY_RING,ring,1
TXN_00001092,ACC_000451,2026-01-29T07:50:27+00:00,LEGITIMATE,legitimate,0
TXN_00000790,ACC_000217,2026-01-29T07:59:17+00:00,LEGITIMATE,legitimate,0
TXN_00001478,ACC_000240,2026-01-29T08:01:25+00:00,LEGITIMATE,legitimate,0
TXN_00001794,ACC_000246,2026-01-29T09:19:36+00:00,LEGITIMATE,legitimate,0
TXN_00000709,ACC_000258,2026-01-29T09:31:57+00:00,LEGITIMATE,legitimate,0
TXN_00001976,ACC_000420,2026-01-29T09:35:14+00:00,LEGITIMATE,legitimate,0
TXN_00001453,ACC_000054,2026-01-29T11:10:49+00:00,LEGITIMATE,legitimate,0
TXN_00000864,ACC_000163,2026-01-29T12:38:34+00:00,LEGITIMATE,legitimate,0
TXN_00001398,ACC_000116,2026-01-29T14:06:34+00:00,LEGITIMATE,legitimate,0
TXN_00001122,ACC_000244,2026-01-29T14:17:44+00:00,LEGITIMATE,legitimate,0
TXN_00000357,ACC_000241,2026-01-29T14:51:00+00:00,LEGITIMATE,legitimate,0
TXN_00001896,ACC_000116,2026-01-29T15:26:29+00:00,LEGITIMATE,legitimate,0
TXN_00000091,ACC_000302,2026-01-29T15:29:07+00:00,COMMON_BENEFICIARY_RING,ring,1
TXN_00001302,ACC_000462,2026-01-29T15:35:29+00:00,LEGITIMATE,legitimate,0
TXN_00000885,ACC_000330,2026-01-29T17:32:46+00:00,LEGITIMATE,legitimate,0
TXN_00000420,ACC_000375,2026-01-29T17:48:54+00:00,LEGITIMATE,legitimate,0
TXN_00000833,ACC_000218,2026-01-29T18:12:27+00:00,LEGITIMATE,legitimate,0
TXN_00001601,ACC_000093,2026-01-29T18:26:44+00:00,LEGITIMATE,legitimate,0
TXN_00001636,ACC_000109,2026-01-29T18:50:24+00:00,LEGITIMATE,legitimate,0
TXN_00000535,ACC_000453,2026-01-29T18:50:47+00:00,LEGITIMATE,legitimate,0
TXN_00000434,ACC_000462,2026-01-29T20:50:06+00:00,LEGITIMATE,legitimate,0
TXN_00001661,ACC_000045,2026-01-29T21:01:55+00:00,LEGITIMATE,legitimate,0
TXN_00001948,ACC_000076,2026-01-29T21:42:33+00:00,LEGITIMATE,legitimate,0
TXN_00000270,ACC_000307,2026-01-29T22:08:25+00:00,LEGITIMATE_LOOKALIKE,legitimate,0
TXN_00001982,ACC_000006,2026-01-29T22:54:44+00:00,LEGITIMATE,legitimate,0
TXN_00001895,ACC_000308,2026-01-29T23:14:18+00:00,LEGITIMATE,legitimate,0
TXN_00000863,ACC_000110,2026-01-30T01:27:56+00:00,LEGITIMATE,legitimate,0
TXN_00001258,ACC_000221,2026-01-30T01:59:50+00:00,LEGITIMATE,legitimate,0
TXN_00001488,ACC_000496,2026-01-30T03:29:23+00:00,LEGITIMATE,legitimate,0
TXN_00001704,ACC_000016,2026-01-30T04:42:21+00:00,LEGITIMATE,legitimate,0
TXN_00001049,ACC_000177,2026-01-30T06:29:38+00:00,LEGITIMATE,legitimate,0
TXN_00001019,ACC_000491,2026-01-30T07:17:03+00:00,LEGITIMATE,legitimate,0
TXN_00001748,ACC_000368,2026-01-30T09:48:36+00:00,LEGITIMATE,legitimate,0
TXN_00000093,ACC_000302,2026-01-30T10:29:07+00:00,COMMON_BENEFICIARY_RING,ring,1
TXN_00001738,ACC_000355,2026-01-30T14:14:59+00:00,LEGITIMATE,legitimate,0
TXN_00001395,ACC_000295,2026-01-30T14:29:41+00:00,LEGITIMATE,legitimate,0
TXN_00001481,ACC_000478,2026-01-30T14:45:03+00:00,LEGITIMATE,legitimate,0
TXN_00000303,ACC_000476,2026-01-30T17:35:54+00:00,LEGITIMATE_LOOKALIKE,legitimate,0
TXN_00000876,ACC_000459,2026-01-30T18:26:38+00:00,LEGITIMATE,legitimate,0
TXN_00001733,ACC_000204,2026-01-30T19:56:26+00:00,LEGITIMATE,legitimate,0
TXN_00001686,ACC_000398,2026-01-30T20:09:27+00:00,LEGITIMATE,legitimate,0
TXN_00000400,ACC_000398,2026-01-30T22:04:15+00:00,LEGITIMATE,legitimate,0
TXN_00001129,ACC_000410,2026-01-30T22:07:00+00:00,LEGITIMATE,legitimate,0
TXN_00000852,ACC_000044,2026-01-30T22:10:10+00:00,LEGITIMATE,legitimate,0
TXN_00001558,ACC_000483,2026-01-30T22:18:10+00:00,LEGITIMATE,legitimate,0
TXN_00001246,ACC_000459,2026-01-30T23:03:01+00:00,LEGITIMATE,legitimate,0
TXN_00001338,ACC_000016,2026-01-30T23:11:52+00:00,LEGITIMATE,legitimate,0
TXN_00000450,ACC_000119,2026-01-30T23:25:08+00:00,LEGITIMATE,legitimate,0
TXN_00000373,ACC_000349,2026-01-30T23:35:31+00:00,LEGITIMATE,legitimate,0
TXN_00000399,ACC_000049,2026-01-30T23:55:54+00:00,LEGITIMATE,legitimate,0
TXN_00000415,ACC_000374,2026-01-30T23:58:26+00:00,LEGITIMATE,legitimate,0
TXN_00001012,ACC_000288,2026-01-31T01:40:02+00:00,LEGITIMATE,legitimate,0
TXN_00001318,ACC_000416,2026-01-31T01:59:11+00:00,LEGITIMATE,legitimate,0
TXN_00000500,ACC_000456,2026-01-31T03:33:40+00:00,LEGITIMATE,legitimate,0
TXN_00001742,ACC_000310,2026-01-31T04:17:02+00:00,LEGITIMATE,legitimate,0
TXN_00000807,ACC_000316,2026-01-31T04:21:16+00:00,LEGITIMATE,legitimate,0
TXN_00000862,ACC_000474,2026-01-31T04:49:20+00:00,LEGITIMATE,legitimate,0
TXN_00001755,ACC_000119,2026-01-31T06:41:36+00:00,LEGITIMATE,legitimate,0
TXN_00000452,ACC_000488,2026-01-31T06:51:37+00:00,LEGITIMATE,legitimate,0
TXN_00001171,ACC_000437,2026-01-31T07:33:59+00:00,LEGITIMATE,legitimate,0
TXN_00001859,ACC_000376,2026-01-31T08:14:00+00:00,LEGITIMATE,legitimate,0
TXN_00000084,ACC_000333,2026-01-31T09:39:08+00:00,COMMON_BENEFICIARY_RING,ring,1
TXN_00001293,ACC_000129,2026-01-31T10:26:41+00:00,LEGITIMATE,legitimate,0
TXN_00001239,ACC_000420,2026-01-31T12:11:13+00:00,LEGITIMATE,legitimate,0
TXN_00000954,ACC_000288,2026-01-31T12:15:12+00:00,LEGITIMATE,legitimate,0
TXN_00001876,ACC_000342,2026-01-31T12:31:42+00:00,LEGITIMATE,legitimate,0
TXN_00000287,ACC_000318,2026-01-31T12:56:38+00:00,LEGITIMATE_LOOKALIKE,legitimate,0
TXN_00000083,ACC_000333,2026-01-31T13:39:08+00:00,COMMON_BENEFICIARY_RING,ring,1
TXN_00001313,ACC_000170,2026-01-31T13:54:33+00:00,LEGITIMATE,legitimate,0
TXN_00001475,ACC_000130,2026-01-31T16:33:38+00:00,LEGITIMATE,legitimate,0
TXN_00001735,ACC_000484,2026-01-31T17:46:28+00:00,LEGITIMATE,legitimate,0
TXN_00001567,ACC_000155,2026-01-31T17:57:52+00:00,LEGITIMATE,legitimate,0
TXN_00000554,ACC_000171,2026-01-31T18:07:51+00:00,LEGITIMATE,legitimate,0
TXN_00001043,ACC_000044,2026-01-31T18:32:02+00:00,LEGITIMATE,legitimate,0
TXN_00001988,ACC_000032,2026-02-01T01:28:48+00:00,LEGITIMATE,legitimate,0
TXN_00001111,ACC_000276,2026-02-01T01:57:58+00:00,LEGITIMATE,legitimate,0
TXN_00000324,ACC_000121,2026-02-01T03:20:21+00:00,LEGITIMATE,legitimate,0
TXN_00000857,ACC_000053,2026-02-01T03:34:32+00:00,LEGITIMATE,legitimate,0
TXN_00001587,ACC_000206,2026-02-01T03:55:54+00:00,LEGITIMATE,legitimate,0
TXN_00001544,ACC_000060,2026-02-01T05:35:22+00:00,LEGITIMATE,legitimate,0
TXN_00000820,ACC_000382,2026-02-01T05:44:11+00:00,LEGITIMATE,legitimate,0
TXN_00001632,ACC_000037,2026-02-01T06:06:54+00:00,LEGITIMATE,legitimate,0
TXN_00000906,ACC_000238,2026-02-01T08:29:34+00:00,LEGITIMATE,legitimate,0
TXN_00000332,ACC_000315,2026-02-01T08:39:22+00:00,LEGITIMATE,legitimate,0
TXN_00001017,ACC_000059,2026-02-01T10:19:20+00:00,LEGITIMATE,legitimate,0
TXN_00001506,ACC_000478,2026-02-01T10:32:07+00:00,LEGITIMATE,legitimate,0
TXN_00001034,ACC_000217,2026-02-01T13:48:24+00:00,LEGITIMATE,legitimate,0
TXN_00000742,ACC_000184,2026-02-01T16:15:45+00:00,LEGITIMATE,legitimate,0
TXN_00000088,ACC_000433,2026-02-01T17:14:46+00:00,COMMON_BENEFICIARY_RING,ring,1
TXN_00001926,ACC_000090,2026-02-01T17:25:38+00:00,LEGITIMATE,legitimate,0
TXN_00001025,ACC_000357,2026-02-01T17:33:54+00:00,LEGITIMATE,legitimate,0
TXN_00001192,ACC_000178,2026-02-01T17:52:48+00:00,LEGITIMATE,legitimate,0
TXN_00001287,ACC_000174,2026-02-01T17:58:06+00:00,LEGITIMATE,legitimate,0
TXN_00000888,ACC_000300,2026-02-01T18:52:19+00:00,LEGITIMATE,legitimate,0
TXN_00000087,ACC_000433,2026-02-01T19:14:46+00:00,COMMON_BENEFICIARY_RING,ring,1
TXN_00000755,ACC_000240,2026-02-01T21:05:22+00:00,LEGITIMATE,legitimate,0
TXN_00001605,ACC_000060,2026-02-01T23:50:22+00:00,LEGITIMATE,legitimate,0
TXN_00001064,ACC_000051,2026-02-01T23:55:09+00:00,LEGITIMATE,legitimate,0
TXN_00001441,ACC_000116,2026-02-02T00:58:04+00:00,LEGITIMATE,legitimate,0
TXN_00000838,ACC_000272,2026-02-02T01:56:53+00:00,LEGITIMATE,legitimate,0
TXN_00001131,ACC_000084,2026-02-02T02:15:59+00:00,LEGITIMATE,legitimate,0
TXN_00000999,ACC_000219,2026-02-02T04:01:08+00:00,LEGITIMATE,legitimate,0
TXN_00001068,ACC_000263,2026-02-02T05:40:58+00:00,LEGITIMATE,legitimate,0
TXN_00001045,ACC_000346,2026-02-02T06:14:39+00:00,LEGITIMATE,legitimate,0
TXN_00000990,ACC_000070,2026-02-02T06:44:37+00:00,LEGITIMATE,legitimate,0
TXN_00001962,ACC_000322,2026-02-02T07:01:29+00:00,LEGITIMATE,legitimate,0
TXN_00000478,ACC_000339,2026-02-02T09:52:19+00:00,LEGITIMATE,legitimate,0
TXN_00001620,ACC_000353,2026-02-02T10:10:38+00:00,LEGITIMATE,legitimate,0
TXN_00001730,ACC_000390,2026-02-02T10:48:38+00:00,LEGITIMATE,legitimate,0
TXN_00001957,ACC_000027,2026-02-02T11:17:22+00:00,LEGITIMATE,legitimate,0
TXN_00001647,ACC_000274,2026-02-02T11:53:44+00:00,LEGITIMATE,legitimate,0
TXN_00001354,ACC_000095,2026-02-02T12:35:10+00:00,LEGITIMATE,legitimate,0
TXN_00001772,ACC_000235,2026-02-02T13:57:40+00:00,LEGITIMATE,legitimate,0
TXN_00001893,ACC_000356,2026-02-02T14:29:21+00:00,LEGITIMATE,legitimate,0
TXN_00001146,ACC_000164,2026-02-02T14:48:44+00:00,LEGITIMATE,legitimate,0
TXN_00000089,ACC_000433,2026-02-02T15:14:46+00:00,COMMON_BENEFICIARY_RING,ring,1
TXN_00001547,ACC_000195,2026-02-02T15:58:18+00:00,LEGITIMATE,legitimate,0
TXN_00001419,ACC_000184,2026-02-02T16:00:06+00:00,LEGITIMATE,legitimate,0
TXN_00001994,ACC_000215,2026-02-02T16:39:04+00:00,LEGITIMATE,legitimate,0
TXN_00000994,ACC_000069,2026-02-02T17:09:27+00:00,LEGITIMATE,legitimate,0
TXN_00000423,ACC_000079,2026-02-02T17:56:06+00:00,LEGITIMATE,legitimate,0
TXN_00001075,ACC_000446,2026-02-02T19:44:48+00:00,LEGITIMATE,legitimate,0
TXN_00001549,ACC_000403,2026-02-02T19:58:04+00:00,LEGITIMATE,legitimate,0
TXN_00000666,ACC_000242,2026-02-02T20:22:42+00:00,LEGITIMATE,legitimate,0
TXN_00000905,ACC_000299,2026-02-02T21:10:45+00:00,LEGITIMATE,legitimate,0
TXN_00000917,ACC_000250,2026-02-02T21:44:25+00:00,LEGITIMATE,legitimate,0
TXN_00000738,ACC_000471,2026-02-02T21:46:20+00:00,LEGITIMATE,legitimate,0
TXN_00000090,ACC_000433,2026-02-02T22:14:46+00:00,COMMON_BENEFICIARY_RING,ring,1
TXN_00001543,ACC_000261,2026-02-02T22:59:04+00:00,LEGITIMATE,legitimate,0
TXN_00001566,ACC_000025,2026-02-02T23:24:51+00:00,LEGITIMATE,legitimate,0
TXN_00001617,ACC_000410,2026-02-03T00:33:25+00:00,LEGITIMATE,legitimate,0
TXN_00000611,ACC_000195,2026-02-03T02:11:36+00:00,LEGITIMATE,legitimate,0
TXN_00001182,ACC_000126,2026-02-03T02:32:12+00:00,LEGITIMATE,legitimate,0
TXN_00001433,ACC_000287,2026-02-03T02:46:55+00:00,LEGITIMATE,legitimate,0
TXN_00001731,ACC_000311,2026-02-03T03:01:39+00:00,LEGITIMATE,legitimate,0
TXN_00000320,ACC_000024,2026-02-03T03:17:22+00:00,LEGITIMATE,legitimate,0
TXN_00001954,ACC_000288,2026-02-03T03:56:23+00:00,LEGITIMATE,legitimate,0
TXN_00000314,ACC_000352,2026-02-03T04:50:56+00:00,LEGITIMATE_LOOKALIKE,legitimate,0
TXN_00001461,ACC_000150,2026-02-03T06:03:58+00:00,LEGITIMATE,legitimate,0
TXN_00001671,ACC_000311,2026-02-03T06:37:09+00:00,LEGITIMATE,legitimate,0
TXN_00001808,ACC_000094,2026-02-03T06:56:17+00:00,LEGITIMATE,legitimate,0
TXN_00000716,ACC_000419,2026-02-03T07:26:01+00:00,LEGITIMATE,legitimate,0
TXN_00001448,ACC_000477,2026-02-03T10:51:59+00:00,LEGITIMATE,legitimate,0
TXN_00000248,ACC_000473,2026-02-03T11:03:04+00:00,LEGITIMATE_LOOKALIKE,legitimate,0
TXN_00000816,ACC_000301,2026-02-03T14:22:48+00:00,LEGITIMATE,legitimate,0
TXN_00001459,ACC_000146,2026-02-03T14:32:31+00:00,LEGITIMATE,legitimate,0
TXN_00000702,ACC_000371,2026-02-03T14:34:07+00:00,LEGITIMATE,legitimate,0
TXN_00001774,ACC_000374,2026-02-03T15:55:22+00:00,LEGITIMATE,legitimate,0
TXN_00000642,ACC_000448,2026-02-03T17:22:41+00:00,LEGITIMATE,legitimate,0
TXN_00000558,ACC_000462,2026-02-03T18:13:26+00:00,LEGITIMATE,legitimate,0
TXN_00001688,ACC_000208,2026-02-03T18:47:37+00:00,LEGITIMATE,legitimate,0
TXN_00000849,ACC_000395,2026-02-03T19:02:27+00:00,LEGITIMATE,legitimate,0
TXN_00001561,ACC_000419,2026-02-03T19:35:34+00:00,LEGITIMATE,legitimate,0
TXN_00001128,ACC_000120,2026-02-03T20:01:46+00:00,LEGITIMATE,legitimate,0
TXN_00001782,ACC_000065,2026-02-03T20:08:30+00:00,LEGITIMATE,legitimate,0
TXN_00000698,ACC_000210,2026-02-03T20:43:31+00:00,LEGITIMATE,legitimate,0
TXN_00001477,ACC_000066,2026-02-03T20:43:52+00:00,LEGITIMATE,legitimate,0
TXN_00001160,ACC_000271,2026-02-03T21:55:15+00:00,LEGITIMATE,legitimate,0
TXN_00001392,ACC_000377,2026-02-03T23:12:18+00:00,LEGITIMATE,legitimate,0
TXN_00000338,ACC_000028,2026-02-04T01:09:46+00:00,LEGITIMATE,legitimate,0
TXN_00000930,ACC_000106,2026-02-04T02:27:25+00:00,LEGITIMATE,legitimate,0
TXN_00000362,ACC_000358,2026-02-04T03:27:06+00:00,LEGITIMATE,legitimate,0
TXN_00001347,ACC_000096,2026-02-04T05:05:13+00:00,LEGITIMATE,legitimate,0
TXN_00000564,ACC_000181,2026-02-04T05:39:31+00:00,LEGITIMATE,legitimate,0
TXN_00000749,ACC_000042,2026-02-04T07:19:14+00:00,LEGITIMATE,legitimate,0
TXN_00001692,ACC_000444,2026-02-04T08:21:02+00:00,LEGITIMATE,legitimate,0
TXN_00000721,ACC_000410,2026-02-04T09:23:59+00:00,LEGITIMATE,legitimate,0
TXN_00000240,ACC_000249,2026-02-04T09:59:04+00:00,LEGITIMATE_LOOKALIKE,legitimate,0
TXN_00000777,ACC_000020,2026-02-04T10:30:45+00:00,LEGITIMATE,legitimate,0
TXN_00000725,ACC_000097,2026-02-04T11:23:39+00:00,LEGITIMATE,legitimate,0
TXN_00000471,ACC_000488,2026-02-04T12:29:59+00:00,LEGITIMATE,legitimate,0
TXN_00000872,ACC_000350,2026-02-04T12:44:16+00:00,LEGITIMATE,legitimate,0
TXN_00001853,ACC_000437,2026-02-04T12:59:03+00:00,LEGITIMATE,legitimate,0
TXN_00001209,ACC_000021,2026-02-04T15:00:08+00:00,LEGITIMATE,legitimate,0
TXN_00000734,ACC_000223,2026-02-04T15:06:42+00:00,LEGITIMATE,legitimate,0
TXN_00000345,ACC_000088,2026-02-04T15:58:03+00:00,LEGITIMATE,legitimate,0
TXN_00001035,ACC_000272,2026-02-04T17:21:51+00:00,LEGITIMATE,legitimate,0
TXN_00000935,ACC_000390,2026-02-04T17:38:26+00:00,LEGITIMATE,legitimate,0
TXN_00001372,ACC_000360,2026-02-04T19:11:00+00:00,LEGITIMATE,legitimate,0
TXN_00000795,ACC_000247,2026-02-04T19:16:05+00:00,LEGITIMATE,legitimate,0
TXN_00000634,ACC_000277,2026-02-04T19:16:30+00:00,LEGITIMATE,legitimate,0
TXN_00000547,ACC_000238,2026-02-04T19:44:19+00:00,LEGITIMATE,legitimate,0
TXN_00000499,ACC_000431,2026-02-04T20:12:35+00:00,LEGITIMATE,legitimate,0
TXN_00001210,ACC_000343,2026-02-04T20:21:39+00:00,LEGITIMATE,legitimate,0
TXN_00000875,ACC_000350,2026-02-04T20:49:11+00:00,LEGITIMATE,legitimate,0
TXN_00000570,ACC_000402,2026-02-04T20:56:29+00:00,LEGITIMATE,legitimate,0
TXN_00001042,ACC_000067,2026-02-04T21:50:22+00:00,LEGITIMATE,legitimate,0
TXN_00001439,ACC_000362,2026-02-05T00:09:38+00:00,LEGITIMATE,legitimate,0
TXN_00000375,ACC_000065,2026-02-05T00:11:10+00:00,LEGITIMATE,legitimate,0
TXN_00000985,ACC_000453,2026-02-05T01:04:30+00:00,LEGITIMATE,legitimate,0
TXN_00000477,ACC_000252,2026-02-05T02:29:29+00:00,LEGITIMATE,legitimate,0
TXN_00000242,ACC_000127,2026-02-05T02:59:12+00:00,LEGITIMATE_LOOKALIKE,legitimate,0
TXN_00001449,ACC_000241,2026-02-05T04:57:23+00:00,LEGITIMATE,legitimate,0
TXN_00000074,ACC_000196,2026-02-05T05:12:05+00:00,COMMON_BENEFICIARY_RING,ring,1
TXN_00000944,ACC_000432,2026-02-05T06:05:44+00:00,LEGITIMATE,legitimate,0
TXN_00001330,ACC_000161,2026-02-05T06:19:50+00:00,LEGITIMATE,legitimate,0
TXN_00001852,ACC_000220,2026-02-05T06:20:15+00:00,LEGITIMATE,legitimate,0
TXN_00001599,ACC_000499,2026-02-05T06:43:23+00:00,LEGITIMATE,legitimate,0
TXN_00001253,ACC_000429,2026-02-05T09:32:27+00:00,LEGITIMATE,legitimate,0
TXN_00000540,ACC_000450,2026-02-05T11:13:12+00:00,LEGITIMATE,legitimate,0
TXN_00000473,ACC_000222,2026-02-05T11:46:46+00:00,LEGITIMATE,legitimate,0
TXN_00001913,ACC_000164,2026-02-05T14:27:07+00:00,LEGITIMATE,legitimate,0
TXN_00001579,ACC_000233,2026-02-05T14:55:22+00:00,LEGITIMATE,legitimate,0
TXN_00001960,ACC_000490,2026-02-05T15:42:29+00:00,LEGITIMATE,legitimate,0
TXN_00000715,ACC_000499,2026-02-05T16:02:26+00:00,LEGITIMATE,legitimate,0
TXN_00000498,ACC_000277,2026-02-05T16:51:52+00:00,LEGITIMATE,legitimate,0
TXN_00001386,ACC_000351,2026-02-05T16:55:54+00:00,LEGITIMATE,legitimate,0
TXN_00000076,ACC_000196,2026-02-05T17:12:05+00:00,COMMON_BENEFICIARY_RING,ring,1
TXN_00000553,ACC_000304,2026-02-05T17:12:16+00:00,LEGITIMATE,legitimate,0
TXN_00001732,ACC_000048,2026-02-05T17:29:13+00:00,LEGITIMATE,legitimate,0
TXN_00000931,ACC_000353,2026-02-05T17:48:28+00:00,LEGITIMATE,legitimate,0
TXN_00000932,ACC_000260,2026-02-05T18:18:52+00:00,LEGITIMATE,legitimate,0
TXN_00000493,ACC_000258,2026-02-05T18:27:51+00:00,LEGITIMATE,legitimate,0
TXN_00001447,ACC_000173,2026-02-05T19:43:36+00:00,LEGITIMATE,legitimate,0
TXN_00001891,ACC_000021,2026-02-05T20:14:38+00:00,LEGITIMATE,legitimate,0
TXN_00001765,ACC_000480,2026-02-05T20:14:56+00:00,LEGITIMATE,legitimate,0
TXN_00001752,ACC_000286,2026-02-05T21:07:22+00:00,LEGITIMATE,legitimate,0
TXN_00001061,ACC_000186,2026-02-05T21:28:54+00:00,LEGITIMATE,legitimate,0
TXN_00000075,ACC_000196,2026-02-05T22:12:05+00:00,COMMON_BENEFICIARY_RING,ring,1
TXN_00000298,ACC_000344,2026-02-05T23:38:29+00:00,LEGITIMATE_LOOKALIKE,legitimate,0
TXN_00001824,ACC_000103,2026-02-05T23:46:57+00:00,LEGITIMATE,legitimate,0
TXN_00001970,ACC_000241,2026-02-06T00:47:53+00:00,LEGITIMATE,legitimate,0
TXN_00000352,ACC_000436,2026-02-06T01:46:23+00:00,LEGITIMATE,legitimate,0
TXN_00001871,ACC_000287,2026-02-06T02:27:42+00:00,LEGITIMATE,legitimate,0
TXN_00001921,ACC_000334,2026-02-06T02:44:10+00:00,LEGITIMATE,legitimate,0
TXN_00001564,ACC_000358,2026-02-06T03:14:27+00:00,LEGITIMATE,legitimate,0
TXN_00000512,ACC_000182,2026-02-06T03:24:52+00:00,LEGITIMATE,legitimate,0
TXN_00000904,ACC_000136,2026-02-06T03:33:22+00:00,LEGITIMATE,legitimate,0
TXN_00001715,ACC_000266,2026-02-06T03:49:57+00:00,LEGITIMATE,legitimate,0
TXN_00001639,ACC_000126,2026-02-06T03:52:11+00:00,LEGITIMATE,legitimate,0
TXN_00001161,ACC_000382,2026-02-06T04:50:21+00:00,LEGITIMATE,legitimate,0
TXN_00000311,ACC_000329,2026-02-06T05:02:23+00:00,LEGITIMATE_LOOKALIKE,legitimate,0
TXN_00000276,ACC_000073,2026-02-06T07:53:04+00:00,LEGITIMATE_LOOKALIKE,legitimate,0
TXN_00000538,ACC_000170,2026-02-06T07:54:02+00:00,LEGITIMATE,legitimate,0
TXN_00001267,ACC_000382,2026-02-06T08:00:30+00:00,LEGITIMATE,legitimate,0
TXN_00001670,ACC_000288,2026-02-06T08:04:52+00:00,LEGITIMATE,legitimate,0
TXN_00000720,ACC_000487,2026-02-06T09:15:41+00:00,LEGITIMATE,legitimate,0
TXN_00000295,ACC_000005,2026-02-06T11:08:07+00:00,LEGITIMATE_LOOKALIKE,legitimate,0
TXN_00000507,ACC_000072,2026-02-06T11:52:39+00:00,LEGITIMATE,legitimate,0
TXN_00000759,ACC_000339,2026-02-06T13:33:24+00:00,LEGITIMATE,legitimate,0
TXN_00000785,ACC_000176,2026-02-06T14:33:38+00:00,LEGITIMATE,legitimate,0
TXN_00000567,ACC_000114,2026-02-06T17:18:51+00:00,LEGITIMATE,legitimate,0
TXN_00000952,ACC_000382,2026-02-06T18:48:38+00:00,LEGITIMATE,legitimate,0
TXN_00001844,ACC_000033,2026-02-06T20:50:45+00:00,LEGITIMATE,legitimate,0
TXN_00000691,ACC_000499,2026-02-06T21:44:15+00:00,LEGITIMATE,legitimate,0
TXN_00000737,ACC_000045,2026-02-06T22:53:35+00:00,LEGITIMATE,legitimate,0
TXN_00001653,ACC_000211,2026-02-06T23:35:17+00:00,LEGITIMATE,legitimate,0
TXN_00000645,ACC_000451,2026-02-06T23:43:17+00:00,LEGITIMATE,legitimate,0
TXN_00000561,ACC_000250,2026-02-07T02:31:42+00:00,LEGITIMATE,legitimate,0
TXN_00001815,ACC_000132,2026-02-07T02:36:13+00:00,LEGITIMATE,legitimate,0
TXN_00001366,ACC_000317,2026-02-07T02:39:25+00:00,LEGITIMATE,legitimate,0
TXN_00001645,ACC_000069,2026-02-07T04:13:08+00:00,LEGITIMATE,legitimate,0
TXN_00001126,ACC_000392,2026-02-07T06:32:17+00:00,LEGITIMATE,legitimate,0
TXN_00000261,ACC_000412,2026-02-07T08:00:33+00:00,LEGITIMATE_LOOKALIKE,legitimate,0
TXN_00001865,ACC_000304,2026-02-07T08:31:42+00:00,LEGITIMATE,legitimate,0
TXN_00001352,ACC_000273,2026-02-07T08:58:47+00:00,LEGITIMATE,legitimate,0
TXN_00001869,ACC_000425,2026-02-07T09:49:39+00:00,LEGITIMATE,legitimate,0
TXN_00000911,ACC_000035,2026-02-07T10:16:19+00:00,LEGITIMATE,legitimate,0
TXN_00000361,ACC_000380,2026-02-07T10:33:32+00:00,LEGITIMATE,legitimate,0
TXN_00000660,ACC_000091,2026-02-07T10:49:45+00:00,LEGITIMATE,legitimate,0
TXN_00001826,ACC_000418,2026-02-07T11:34:31+00:00,LEGITIMATE,legitimate,0
TXN_00001909,ACC_000460,2026-02-07T12:06:20+00:00,LEGITIMATE,legitimate,0
TXN_00000753,ACC_000388,2026-02-07T12:33:56+00:00,LEGITIMATE,legitimate,0
TXN_00000615,ACC_000290,2026-02-07T12:39:34+00:00,LEGITIMATE,legitimate,0
TXN_00000648,ACC_000310,2026-02-07T13:22:00+00:00,LEGITIMATE,legitimate,0
TXN_00001726,ACC_000360,2026-02-07T13:39:11+00:00,LEGITIMATE,legitimate,0
TXN_00001427,ACC_000049,2026-02-07T13:50:45+00:00,LEGITIMATE,legitimate,0
TXN_00000886,ACC_000317,2026-02-07T15:21:42+00:00,LEGITIMATE,legitimate,0
TXN_00000830,ACC_000103,2026-02-07T15:46:37+00:00,LEGITIMATE,legitimate,0
TXN_00001337,ACC_000085,2026-02-07T16:44:07+00:00,LEGITIMATE,legitimate,0
TXN_00001872,ACC_000272,2026-02-07T17:47:35+00:00,LEGITIMATE,legitimate,0
TXN_00000819,ACC_000045,2026-02-07T17:50:39+00:00,LEGITIMATE,legitimate,0
TXN_00001054,ACC_000076,2026-02-07T17:53:27+00:00,LEGITIMATE,legitimate,0
TXN_00001224,ACC_000012,2026-02-07T18:13:10+00:00,LEGITIMATE,legitimate,0
TXN_00000746,ACC_000104,2026-02-07T18:21:03+00:00,LEGITIMATE,legitimate,0
TXN_00001705,ACC_000301,2026-02-07T20:24:36+00:00,LEGITIMATE,legitimate,0
TXN_00001113,ACC_000348,2026-02-08T02:37:52+00:00,LEGITIMATE,legitimate,0
TXN_00001335,ACC_000156,2026-02-08T03:51:46+00:00,LEGITIMATE,legitimate,0
TXN_00001123,ACC_000136,2026-02-08T07:48:33+00:00,LEGITIMATE,legitimate,0
TXN_00001678,ACC_000142,2026-02-08T08:27:00+00:00,LEGITIMATE,legitimate,0
TXN_00001991,ACC_000410,2026-02-08T08:37:52+00:00,LEGITIMATE,legitimate,0
TXN_00000686,ACC_000428,2026-02-08T08:38:25+00:00,LEGITIMATE,legitimate,0
TXN_00001580,ACC_000359,2026-02-08T08:56:28+00:00,LEGITIMATE,legitimate,0
TXN_00001598,ACC_000346,2026-02-08T09:19:15+00:00,LEGITIMATE,legitimate,0
TXN_00001690,ACC_000277,2026-02-08T09:40:26+00:00,LEGITIMATE,legitimate,0
TXN_00001394,ACC_000003,2026-02-08T10:12:57+00:00,LEGITIMATE,legitimate,0
TXN_00000299,ACC_000344,2026-02-08T10:31:59+00:00,LEGITIMATE_LOOKALIKE,legitimate,0
TXN_00001616,ACC_000311,2026-02-08T10:37:47+00:00,LEGITIMATE,legitimate,0
TXN_00001573,ACC_000241,2026-02-08T10:58:48+00:00,LEGITIMATE,legitimate,0
TXN_00000775,ACC_000303,2026-02-08T11:16:20+00:00,LEGITIMATE,legitimate,0
TXN_00001374,ACC_000009,2026-02-08T11:18:38+00:00,LEGITIMATE,legitimate,0
TXN_00001978,ACC_000460,2026-02-08T11:35:00+00:00,LEGITIMATE,legitimate,0
TXN_00001311,ACC_000330,2026-02-08T12:01:50+00:00,LEGITIMATE,legitimate,0
TXN_00001095,ACC_000363,2026-02-08T14:11:19+00:00,LEGITIMATE,legitimate,0
TXN_00001716,ACC_000339,2026-02-08T14:28:23+00:00,LEGITIMATE,legitimate,0
TXN_00001167,ACC_000484,2026-02-08T14:53:16+00:00,LEGITIMATE,legitimate,0
TXN_00001955,ACC_000227,2026-02-08T15:23:35+00:00,LEGITIMATE,legitimate,0
TXN_00001987,ACC_000465,2026-02-08T16:41:24+00:00,LEGITIMATE,legitimate,0
TXN_00001894,ACC_000363,2026-02-08T16:59:07+00:00,LEGITIMATE,legitimate,0
TXN_00000677,ACC_000195,2026-02-08T17:56:47+00:00,LEGITIMATE,legitimate,0
TXN_00001744,ACC_000371,2026-02-08T19:34:21+00:00,LEGITIMATE,legitimate,0
TXN_00001472,ACC_000387,2026-02-08T19:56:02+00:00,LEGITIMATE,legitimate,0
TXN_00001396,ACC_000288,2026-02-08T20:09:29+00:00,LEGITIMATE,legitimate,0
TXN_00001181,ACC_000266,2026-02-08T21:07:21+00:00,LEGITIMATE,legitimate,0
TXN_00000355,ACC_000393,2026-02-08T21:20:22+00:00,LEGITIMATE,legitimate,0
TXN_00001519,ACC_000332,2026-02-08T21:44:33+00:00,LEGITIMATE,legitimate,0
TXN_00001806,ACC_000232,2026-02-08T22:19:48+00:00,LEGITIMATE,legitimate,0
TXN_00001185,ACC_000151,2026-02-08T22:51:40+00:00,LEGITIMATE,legitimate,0
TXN_00001342,ACC_000404,2026-02-08T23:21:41+00:00,LEGITIMATE,legitimate,0
TXN_00001363,ACC_000169,2026-02-09T00:28:21+00:00,LEGITIMATE,legitimate,0
TXN_00000675,ACC_000097,2026-02-09T01:10:57+00:00,LEGITIMATE,legitimate,0
TXN_00000803,ACC_000328,2026-02-09T02:00:07+00:00,LEGITIMATE,legitimate,0
TXN_00001770,ACC_000452,2026-02-09T02:42:04+00:00,LEGITIMATE,legitimate,0
TXN_00001046,ACC_000368,2026-02-09T04:14:00+00:00,LEGITIMATE,legitimate,0
TXN_00000673,ACC_000075,2026-02-09T04:36:31+00:00,LEGITIMATE,legitimate,0
TXN_00001435,ACC_000389,2026-02-09T04:42:37+00:00,LEGITIMATE,legitimate,0
TXN_00000895,ACC_000339,2026-02-09T04:50:24+00:00,LEGITIMATE,legitimate,0
TXN_00000244,ACC_000127,2026-02-09T06:05:04+00:00,LEGITIMATE_LOOKALIKE,legitimate,0
TXN_00000528,ACC_000036,2026-02-09T06:25:11+00:00,LEGITIMATE,legitimate,0
TXN_00000252,ACC_000472,2026-02-09T08:00:46+00:00,LEGITIMATE_LOOKALIKE,legitimate,0
TXN_00000649,ACC_000437,2026-02-09T08:15:46+00:00,LEGITIMATE,legitimate,0
TXN_00001775,ACC_000350,2026-02-09T09:12:17+00:00,LEGITIMATE,legitimate,0
TXN_00000574,ACC_000008,2026-02-09T09:12:25+00:00,LEGITIMATE,legitimate,0
TXN_00000343,ACC_000045,2026-02-09T09:34:58+00:00,LEGITIMATE,legitimate,0
TXN_00001511,ACC_000431,2026-02-09T10:00:30+00:00,LEGITIMATE,legitimate,0
TXN_00001357,ACC_000419,2026-02-09T10:35:16+00:00,LEGITIMATE,legitimate,0
TXN_00001097,ACC_000418,2026-02-09T10:49:32+00:00,LEGITIMATE,legitimate,0
TXN_00001039,ACC_000226,2026-02-09T11:09:24+00:00,LEGITIMATE,legitimate,0
TXN_00001219,ACC_000057,2026-02-09T11:27:16+00:00,LEGITIMATE,legitimate,0
TXN_00000446,ACC_000325,2026-02-09T12:00:18+00:00,LEGITIMATE,legitimate,0
TXN_00001836,ACC_000469,2026-02-09T12:39:11+00:00,LEGITIMATE,legitimate,0
TXN_00001310,ACC_000431,2026-02-09T12:40:49+00:00,LEGITIMATE,legitimate,0
TXN_00001322,ACC_000075,2026-02-09T13:02:46+00:00,LEGITIMATE,legitimate,0
TXN_00001346,ACC_000500,2026-02-09T13:29:30+00:00,LEGITIMATE,legitimate,0
TXN_00001683,ACC_000460,2026-02-09T14:54:39+00:00,LEGITIMATE,legitimate,0
TXN_00000391,ACC_000132,2026-02-09T16:59:00+00:00,LEGITIMATE,legitimate,0
TXN_00000956,ACC_000132,2026-02-09T17:34:39+00:00,LEGITIMATE,legitimate,0
TXN_00001174,ACC_000496,2026-02-09T19:01:31+00:00,LEGITIMATE,legitimate,0
TXN_00001590,ACC_000049,2026-02-09T21:32:43+00:00,LEGITIMATE,legitimate,0
TXN_00001362,ACC_000150,2026-02-09T21:37:05+00:00,LEGITIMATE,legitimate,0
TXN_00000448,ACC_000025,2026-02-09T23:34:53+00:00,LEGITIMATE,legitimate,0
TXN_00000724,ACC_000035,2026-02-10T00:24:04+00:00,LEGITIMATE,legitimate,0
TXN_00000618,ACC_000191,2026-02-10T00:32:24+00:00,LEGITIMATE,legitimate,0
TXN_00001841,ACC_000432,2026-02-10T00:41:56+00:00,LEGITIMATE,legitimate,0
TXN_00001002,ACC_000062,2026-02-10T00:49:26+00:00,LEGITIMATE,legitimate,0
TXN_00000728,ACC_000384,2026-02-10T01:23:05+00:00,LEGITIMATE,legitimate,0
TXN_00000444,ACC_000450,2026-02-10T01:45:16+00:00,LEGITIMATE,legitimate,0
TXN_00000527,ACC_000304,2026-02-10T02:02:23+00:00,LEGITIMATE,legitimate,0
TXN_00001057,ACC_000217,2026-02-10T04:24:12+00:00,LEGITIMATE,legitimate,0
TXN_00000550,ACC_000159,2026-02-10T04:40:11+00:00,LEGITIMATE,legitimate,0
TXN_00001281,ACC_000035,2026-02-10T06:07:52+00:00,LEGITIMATE,legitimate,0
TXN_00000893,ACC_000028,2026-02-10T06:32:48+00:00,LEGITIMATE,legitimate,0
TXN_00000846,ACC_000470,2026-02-10T08:45:50+00:00,LEGITIMATE,legitimate,0
TXN_00001096,ACC_000277,2026-02-10T10:06:40+00:00,LEGITIMATE,legitimate,0
TXN_00001761,ACC_000494,2026-02-10T11:14:32+00:00,LEGITIMATE,legitimate,0
TXN_00001810,ACC_000188,2026-02-10T11:19:11+00:00,LEGITIMATE,legitimate,0
TXN_00001747,ACC_000117,2026-02-10T11:44:20+00:00,LEGITIMATE,legitimate,0
TXN_00001943,ACC_000342,2026-02-10T12:04:21+00:00,LEGITIMATE,legitimate,0
TXN_00001922,ACC_000140,2026-02-10T12:20:29+00:00,LEGITIMATE,legitimate,0
TXN_00001162,ACC_000356,2026-02-10T14:55:42+00:00,LEGITIMATE,legitimate,0
TXN_00000942,ACC_000445,2026-02-10T15:42:10+00:00,LEGITIMATE,legitimate,0
TXN_00001829,ACC_000238,2026-02-10T15:46:26+00:00,LEGITIMATE,legitimate,0
TXN_00001724,ACC_000322,2026-02-10T16:15:43+00:00,LEGITIMATE,legitimate,0
TXN_00001665,ACC_000422,2026-02-10T16:59:39+00:00,LEGITIMATE,legitimate,0
TXN_00001317,ACC_000104,2026-02-10T17:16:37+00:00,LEGITIMATE,legitimate,0
TXN_00001382,ACC_000070,2026-02-10T17:49:46+00:00,LEGITIMATE,legitimate,0
TXN_00001623,ACC_000048,2026-02-10T18:52:07+00:00,LEGITIMATE,legitimate,0
TXN_00001391,ACC_000480,2026-02-10T18:55:08+00:00,LEGITIMATE,legitimate,0
TXN_00001351,ACC_000441,2026-02-10T19:17:45+00:00,LEGITIMATE,legitimate,0
TXN_00000923,ACC_000091,2026-02-10T19:52:27+00:00,LEGITIMATE,legitimate,0
TXN_00000523,ACC_000346,2026-02-10T20:07:24+00:00,LEGITIMATE,legitimate,0
TXN_00001407,ACC_000211,2026-02-10T20:12:19+00:00,LEGITIMATE,legitimate,0
TXN_00001443,ACC_000427,2026-02-10T20:29:43+00:00,LEGITIMATE,legitimate,0
TXN_00000674,ACC_000020,2026-02-10T21:02:33+00:00,LEGITIMATE,legitimate,0
TXN_00000351,ACC_000244,2026-02-10T21:10:47+00:00,LEGITIMATE,legitimate,0
TXN_00001746,ACC_000479,2026-02-10T22:02:04+00:00,LEGITIMATE,legitimate,0
TXN_00000706,ACC_000188,2026-02-10T22:40:17+00:00,LEGITIMATE,legitimate,0
TXN_00001353,ACC_000166,2026-02-11T00:19:40+00:00,LEGITIMATE,legitimate,0
TXN_00001669,ACC_000226,2026-02-11T00:23:18+00:00,LEGITIMATE,legitimate,0
TXN_00001015,ACC_000161,2026-02-11T01:12:33+00:00,LEGITIMATE,legitimate,0
TXN_00000501,ACC_000289,2026-02-11T02:06:48+00:00,LEGITIMATE,legitimate,0
TXN_00000757,ACC_000363,2026-02-11T03:44:48+00:00,LEGITIMATE,legitimate,0
TXN_00001952,ACC_000176,2026-02-11T04:05:54+00:00,LEGITIMATE,legitimate,0
TXN_00001693,ACC_000109,2026-02-11T05:43:52+00:00,LEGITIMATE,legitimate,0
TXN_00001153,ACC_000477,2026-02-11T06:17:07+00:00,LEGITIMATE,legitimate,0
TXN_00001947,ACC_000137,2026-02-11T06:30:11+00:00,LEGITIMATE,legitimate,0
TXN_00001197,ACC_000334,2026-02-11T07:24:54+00:00,LEGITIMATE,legitimate,0
TXN_00001703,ACC_000324,2026-02-11T08:19:10+00:00,LEGITIMATE,legitimate,0
TXN_00000445,ACC_000186,2026-02-11T08:37:20+00:00,LEGITIMATE,legitimate,0
TXN_00000364,ACC_000052,2026-02-11T09:00:08+00:00,LEGITIMATE,legitimate,0
TXN_00000844,ACC_000289,2026-02-11T09:13:04+00:00,LEGITIMATE,legitimate,0
TXN_00001119,ACC_000210,2026-02-11T09:48:35+00:00,LEGITIMATE,legitimate,0
TXN_00000871,ACC_000313,2026-02-11T09:58:08+00:00,LEGITIMATE,legitimate,0
TXN_00001523,ACC_000039,2026-02-11T09:58:57+00:00,LEGITIMATE,legitimate,0
TXN_00001288,ACC_000308,2026-02-11T10:28:51+00:00,LEGITIMATE,legitimate,0
TXN_00000349,ACC_000217,2026-02-11T12:23:31+00:00,LEGITIMATE,legitimate,0
TXN_00001454,ACC_000070,2026-02-11T12:31:58+00:00,LEGITIMATE,legitimate,0
TXN_00000470,ACC_000242,2026-02-11T13:12:06+00:00,LEGITIMATE,legitimate,0
TXN_00001625,ACC_000427,2026-02-11T15:06:51+00:00,LEGITIMATE,legitimate,0
TXN_00000928,ACC_000308,2026-02-11T16:26:47+00:00,LEGITIMATE,legitimate,0
TXN_00001510,ACC_000210,2026-02-11T17:07:59+00:00,LEGITIMATE,legitimate,0
TXN_00000304,ACC_000476,2026-02-11T19:22:58+00:00,LEGITIMATE_LOOKALIKE,legitimate,0
TXN_00001005,ACC_000322,2026-02-11T19:49:54+00:00,LEGITIMATE,legitimate,0
TXN_00000560,ACC_000028,2026-02-11T19:59:45+00:00,LEGITIMATE,legitimate,0
TXN_00000293,ACC_000005,2026-02-11T21:10:59+00:00,LEGITIMATE_LOOKALIKE,legitimate,0
TXN_00000939,ACC_000362,2026-02-11T21:31:16+00:00,LEGITIMATE,legitimate,0
TXN_00000898,ACC_000290,2026-02-11T21:47:51+00:00,LEGITIMATE,legitimate,0
TXN_00001133,ACC_000404,2026-02-11T22:06:51+00:00,LEGITIMATE,legitimate,0
TXN_00000381,ACC_000019,2026-02-11T22:28:03+00:00,LEGITIMATE,legitimate,0
TXN_00001456,ACC_000406,2026-02-11T22:40:33+00:00,LEGITIMATE,legitimate,0
TXN_00000388,ACC_000225,2026-02-11T22:51:51+00:00,LEGITIMATE,legitimate,0
TXN_00000600,ACC_000125,2026-02-11T23:35:47+00:00,LEGITIMATE,legitimate,0
TXN_00000683,ACC_000393,2026-02-12T00:11:15+00:00,LEGITIMATE,legitimate,0
TXN_00000176,ACC_000034,2026-02-12T00:49:42+00:00,COMBINED_RING,ring,1
TXN_00000669,ACC_000406,2026-02-12T00:49:53+00:00,LEGITIMATE,legitimate,0
TXN_00000177,ACC_000034,2026-02-12T00:50:03+00:00,COMBINED_RING,ring,1
TXN_00000178,ACC_000034,2026-02-12T00:50:22+00:00,COMBINED_RING,ring,1
TXN_00000179,ACC_000209,2026-02-12T00:51:29+00:00,COMBINED_RING,ring,1
TXN_00000180,ACC_000209,2026-02-12T00:52:05+00:00,COMBINED_RING,ring,1
TXN_00000181,ACC_000209,2026-02-12T00:52:18+00:00,COMBINED_RING,ring,1
TXN_00000182,ACC_000209,2026-02-12T00:52:46+00:00,COMBINED_RING,ring,1
TXN_00000183,ACC_000172,2026-02-12T00:53:42+00:00,COMBINED_RING,ring,1
TXN_00000184,ACC_000172,2026-02-12T00:53:58+00:00,COMBINED_RING,ring,1
TXN_00000185,ACC_000172,2026-02-12T00:54:23+00:00,COMBINED_RING,ring,1
TXN_00000186,ACC_000495,2026-02-12T00:55:33+00:00,COMBINED_RING,ring,1
TXN_00000187,ACC_000495,2026-02-12T00:55:56+00:00,COMBINED_RING,ring,1
TXN_00000188,ACC_000495,2026-02-12T00:56:24+00:00,COMBINED_RING,ring,1
TXN_00000189,ACC_000495,2026-02-12T00:56:44+00:00,COMBINED_RING,ring,1
TXN_00000190,ACC_000018,2026-02-12T00:57:29+00:00,COMBINED_RING,ring,1
TXN_00000191,ACC_000018,2026-02-12T00:58:03+00:00,COMBINED_RING,ring,1
TXN_00000192,ACC_000018,2026-02-12T00:58:25+00:00,COMBINED_RING,ring,1
TXN_00000193,ACC_000018,2026-02-12T00:58:52+00:00,COMBINED_RING,ring,1
TXN_00000194,ACC_000248,2026-02-12T00:59:29+00:00,COMBINED_RING,ring,1
TXN_00000195,ACC_000248,2026-02-12T00:59:55+00:00,COMBINED_RING,ring,1
TXN_00000196,ACC_000248,2026-02-12T01:00:30+00:00,COMBINED_RING,ring,1
TXN_00000197,ACC_000248,2026-02-12T01:00:54+00:00,COMBINED_RING,ring,1
TXN_00000198,ACC_000185,2026-02-12T01:01:41+00:00,COMBINED_RING,ring,1
TXN_00000199,ACC_000185,2026-02-12T01:01:56+00:00,COMBINED_RING,ring,1
TXN_00000200,ACC_000185,2026-02-12T01:02:31+00:00,COMBINED_RING,ring,1
TXN_00000201,ACC_000185,2026-02-12T01:02:51+00:00,COMBINED_RING,ring,1
TXN_00001805,ACC_000383,2026-02-12T01:06:57+00:00,LEGITIMATE,legitimate,0
TXN_00000502,ACC_000393,2026-02-12T01:33:52+00:00,LEGITIMATE,legitimate,0
TXN_00001568,ACC_000192,2026-02-12T02:38:24+00:00,LEGITIMATE,legitimate,0
TXN_00000603,ACC_000056,2026-02-12T04:17:42+00:00,LEGITIMATE,legitimate,0
TXN_00001855,ACC_000255,2026-02-12T04:57:13+00:00,LEGITIMATE,legitimate,0
TXN_00000851,ACC_000193,2026-02-12T05:05:51+00:00,LEGITIMATE,legitimate,0
TXN_00001843,ACC_000450,2026-02-12T05:19:28+00:00,LEGITIMATE,legitimate,0
TXN_00001474,ACC_000444,2026-02-12T06:30:56+00:00,LEGITIMATE,legitimate,0
TXN_00000770,ACC_000419,2026-02-12T06:52:56+00:00,LEGITIMATE,legitimate,0
TXN_00000745,ACC_000315,2026-02-12T07:37:41+00:00,LEGITIMATE,legitimate,0
TXN_00001108,ACC_000275,2026-02-12T10:11:37+00:00,LEGITIMATE,legitimate,0
TXN_00000818,ACC_000211,2026-02-12T11:01:56+00:00,LEGITIMATE,legitimate,0
TXN_00000827,ACC_000341,2026-02-12T11:19:36+00:00,LEGITIMATE,legitimate,0
TXN_00000832,ACC_000380,2026-02-12T11:34:29+00:00,LEGITIMATE,legitimate,0
TXN_00001142,ACC_000171,2026-02-12T11:53:15+00:00,LEGITIMATE,legitimate,0
TXN_00000237,ACC_000249,2026-02-12T12:06:23+00:00,LEGITIMATE_LOOKALIKE,legitimate,0
TXN_00001173,ACC_000027,2026-02-12T12:38:07+00:00,LEGITIMATE,legitimate,0
TXN_00000614,ACC_000298,2026-02-12T13:26:14+00:00,LEGITIMATE,legitimate,0
TXN_00000739,ACC_000192,2026-02-12T13:39:12+00:00,LEGITIMATE,legitimate,0
TXN_00000688,ACC_000158,2026-02-12T13:42:54+00:00,LEGITIMATE,legitimate,0
TXN_00001208,ACC_000135,2026-02-12T14:19:27+00:00,LEGITIMATE,legitimate,0
TXN_00001497,ACC_000030,2026-02-12T16:10:42+00:00,LEGITIMATE,legitimate,0
TXN_00000459,ACC_000064,2026-02-12T16:20:39+00:00,LEGITIMATE,legitimate,0
TXN_00001183,ACC_000242,2026-02-12T16:21:41+00:00,LEGITIMATE,legitimate,0
TXN_00001783,ACC_000165,2026-02-12T17:31:30+00:00,LEGITIMATE,legitimate,0
TXN_00001196,ACC_000164,2026-02-12T17:39:37+00:00,LEGITIMATE,legitimate,0
TXN_00001401,ACC_000452,2026-02-12T18:20:51+00:00,LEGITIMATE,legitimate,0
TXN_00000726,ACC_000459,2026-02-12T18:38:47+00:00,LEGITIMATE,legitimate,0
TXN_00000555,ACC_000356,2026-02-12T18:43:18+00:00,LEGITIMATE,legitimate,0
TXN_00001521,ACC_000240,2026-02-12T19:00:20+00:00,LEGITIMATE,legitimate,0
TXN_00001410,ACC_000105,2026-02-12T19:12:21+00:00,LEGITIMATE,legitimate,0
TXN_00001283,ACC_000378,2026-02-12T21:06:23+00:00,LEGITIMATE,legitimate,0
TXN_00001130,ACC_000239,2026-02-12T21:40:27+00:00,LEGITIMATE,legitimate,0
TXN_00001787,ACC_000241,2026-02-12T22:00:22+00:00,LEGITIMATE,legitimate,0
TXN_00000848,ACC_000251,2026-02-12T22:36:54+00:00,LEGITIMATE,legitimate,0
TXN_00001127,ACC_000390,2026-02-12T22:49:55+00:00,LEGITIMATE,legitimate,0
TXN_00000302,ACC_000476,2026-02-13T00:59:57+00:00,LEGITIMATE_LOOKALIKE,legitimate,0
TXN_00000529,ACC_000496,2026-02-13T01:28:41+00:00,LEGITIMATE,legitimate,0
TXN_00000783,ACC_000162,2026-02-13T04:46:55+00:00,LEGITIMATE,legitimate,0
TXN_00000639,ACC_000301,2026-02-13T05:13:10+00:00,LEGITIMATE,legitimate,0
TXN_00000873,ACC_000100,2026-02-13T05:54:40+00:00,LEGITIMATE,legitimate,0
TXN_00001706,ACC_000184,2026-02-13T07:46:13+00:00,LEGITIMATE,legitimate,0
TXN_00001925,ACC_000215,2026-02-13T07:53:41+00:00,LEGITIMATE,legitimate,0
TXN_00000069,ACC_000454,2026-02-13T08:33:01+00:00,COMMON_BENEFICIARY_RING,ring,1
TXN_00000780,ACC_000206,2026-02-13T08:49:25+00:00,LEGITIMATE,legitimate,0
TXN_00000608,ACC_000393,2026-02-13T08:49:45+00:00,LEGITIMATE,legitimate,0
TXN_00001238,ACC_000192,2026-02-13T09:20:25+00:00,LEGITIMATE,legitimate,0
TXN_00001973,ACC_000420,2026-02-13T09:46:42+00:00,LEGITIMATE,legitimate,0
TXN_00001380,ACC_000179,2026-02-13T09:56:44+00:00,LEGITIMATE,legitimate,0
TXN_00001901,ACC_000346,2026-02-13T10:37:45+00:00,LEGITIMATE,legitimate,0
TXN_00000486,ACC_000448,2026-02-13T10:53:49+00:00,LEGITIMATE,legitimate,0
TXN_00000313,ACC_000352,2026-02-13T13:04:00+00:00,LEGITIMATE_LOOKALIKE,legitimate,0
TXN_00001282,ACC_000175,2026-02-13T13:10:29+00:00,LEGITIMATE,legitimate,0
TXN_00000491,ACC_000488,2026-02-13T13:13:50+00:00,LEGITIMATE,legitimate,0
TXN_00000693,ACC_000461,2026-02-13T14:02:24+00:00,LEGITIMATE,legitimate,0
TXN_00000068,ACC_000454,2026-02-13T14:33:01+00:00,COMMON_BENEFICIARY_RING,ring,1
TXN_00001240,ACC_000251,2026-02-13T14:42:29+00:00,LEGITIMATE,legitimate,0
TXN_00000254,ACC_000472,2026-02-13T14:43:00+00:00,LEGITIMATE_LOOKALIKE,legitimate,0
TXN_00000947,ACC_000442,2026-02-13T15:58:31+00:00,LEGITIMATE,legitimate,0
TXN_00000548,ACC_000120,2026-02-13T16:18:56+00:00,LEGITIMATE,legitimate,0
TXN_00000892,ACC_000115,2026-02-13T16:47:24+00:00,LEGITIMATE,legitimate,0
TXN_00001555,ACC_000457,2026-02-13T17:09:32+00:00,LEGITIMATE,legitimate,0
TXN_00001364,ACC_000303,2026-02-13T17:22:30+00:00,LEGITIMATE,legitimate,0
TXN_00001215,ACC_000147,2026-02-13T18:22:49+00:00,LEGITIMATE,legitimate,0
TXN_00001013,ACC_000240,2026-02-13T19:05:34+00:00,LEGITIMATE,legitimate,0
TXN_00001880,ACC_000237,2026-02-13T21:02:32+00:00,LEGITIMATE,legitimate,0
TXN_00001847,ACC_000463,2026-02-13T22:04:01+00:00,LEGITIMATE,legitimate,0
TXN_00001613,ACC_000191,2026-02-13T22:04:46+00:00,LEGITIMATE,legitimate,0
TXN_00001524,ACC_000483,2026-02-13T22:36:08+00:00,LEGITIMATE,legitimate,0
TXN_00001055,ACC_000456,2026-02-14T01:15:10+00:00,LEGITIMATE,legitimate,0
TXN_00001247,ACC_000359,2026-02-14T01:53:06+00:00,LEGITIMATE,legitimate,0
TXN_00001862,ACC_000413,2026-02-14T02:05:19+00:00,LEGITIMATE,legitimate,0
TXN_00000435,ACC_000033,2026-02-14T02:24:26+00:00,LEGITIMATE,legitimate,0
TXN_00000967,ACC_000259,2026-02-14T03:47:23+00:00,LEGITIMATE,legitimate,0
TXN_00001540,ACC_000220,2026-02-14T04:14:00+00:00,LEGITIMATE,legitimate,0
TXN_00001512,ACC_000377,2026-02-14T05:05:20+00:00,LEGITIMATE,legitimate,0
TXN_00001214,ACC_000357,2026-02-14T05:07:13+00:00,LEGITIMATE,legitimate,0
TXN_00001359,ACC_000370,2026-02-14T06:18:30+00:00,LEGITIMATE,legitimate,0
TXN_00001206,ACC_000377,2026-02-14T07:21:57+00:00,LEGITIMATE,legitimate,0
TXN_00000070,ACC_000454,2026-02-14T07:33:01+00:00,COMMON_BENEFICIARY_RING,ring,1
TXN_00000071,ACC_000454,2026-02-14T08:33:01+00:00,COMMON_BENEFICIARY_RING,ring,1
TXN_00000909,ACC_000364,2026-02-14T09:24:58+00:00,LEGITIMATE,legitimate,0
TXN_00001571,ACC_000277,2026-02-14T12:34:56+00:00,LEGITIMATE,legitimate,0
TXN_00001773,ACC_000251,2026-02-14T13:53:56+00:00,LEGITIMATE,legitimate,0
TXN_00001607,ACC_000408,2026-02-14T14:23:58+00:00,LEGITIMATE,legitimate,0
TXN_00000472,ACC_000301,2026-02-14T14:43:09+00:00,LEGITIMATE,legitimate,0
TXN_00000801,ACC_000355,2026-02-14T15:02:44+00:00,LEGITIMATE,legitimate,0
TXN_00000910,ACC_000266,2026-02-14T15:15:40+00:00,LEGITIMATE,legitimate,0
TXN_00000236,ACC_000365,2026-02-14T15:23:31+00:00,LEGITIMATE_LOOKALIKE,legitimate,0
TXN_00001254,ACC_000192,2026-02-14T15:24:53+00:00,LEGITIMATE,legitimate,0
TXN_00000429,ACC_000105,2026-02-14T21:17:02+00:00,LEGITIMATE,legitimate,0
TXN_00000991,ACC_000035,2026-02-14T21:20:36+00:00,LEGITIMATE,legitimate,0
TXN_00000620,ACC_000277,2026-02-14T22:30:12+00:00,LEGITIMATE,legitimate,0
TXN_00001331,ACC_000400,2026-02-14T23:11:10+00:00,LEGITIMATE,legitimate,0
TXN_00000347,ACC_000101,2026-02-14T23:57:55+00:00,LEGITIMATE,legitimate,0
TXN_00000262,ACC_000078,2026-02-15T01:38:28+00:00,LEGITIMATE_LOOKALIKE,legitimate,0
TXN_00000054,ACC_000203,2026-02-15T02:39:40+00:00,COMMON_BENEFICIARY_RING,ring,1
TXN_00001116,ACC_000024,2026-02-15T03:48:18+00:00,LEGITIMATE,legitimate,0
TXN_00001766,ACC_000205,2026-02-15T04:18:10+00:00,LEGITIMATE,legitimate,0
TXN_00000690,ACC_000079,2026-02-15T04:46:17+00:00,LEGITIMATE,legitimate,0
TXN_00001816,ACC_000180,2026-02-15T04:53:02+00:00,LEGITIMATE,legitimate,0
TXN_00000329,ACC_000003,2026-02-15T04:59:26+00:00,LEGITIMATE,legitimate,0
TXN_00001314,ACC_000488,2026-02-15T08:18:41+00:00,LEGITIMATE,legitimate,0
TXN_00000354,ACC_000035,2026-02-15T08:59:44+00:00,LEGITIMATE,legitimate,0
TXN_00000821,ACC_000293,2026-02-15T09:22:00+00:00,LEGITIMATE,legitimate,0
TXN_00001051,ACC_000317,2026-02-15T10:04:24+00:00,LEGITIMATE,legitimate,0
TXN_00001103,ACC_000027,2026-02-15T10:18:23+00:00,LEGITIMATE,legitimate,0
TXN_00001072,ACC_000442,2026-02-15T10:19:28+00:00,LEGITIMATE,legitimate,0
TXN_00000643,ACC_000287,2026-02-15T10:19:56+00:00,LEGITIMATE,legitimate,0
TXN_00000964,ACC_000362,2026-02-15T11:03:12+00:00,LEGITIMATE,legitimate,0
TXN_00000633,ACC_000045,2026-02-15T11:54:56+00:00,LEGITIMATE,legitimate,0
TXN_00000264,ACC_000078,2026-02-15T12:51:13+00:00,LEGITIMATE_LOOKALIKE,legitimate,0
TXN_00001494,ACC_000463,2026-02-15T14:38:14+00:00,LEGITIMATE,legitimate,0
TXN_00000056,ACC_000203,2026-02-15T14:39:40+00:00,COMMON_BENEFICIARY_RING,ring,1
TXN_00000245,ACC_000473,2026-02-15T15:39:43+00:00,LEGITIMATE_LOOKALIKE,legitimate,0
TXN_00001110,ACC_000041,2026-02-15T16:12:13+00:00,LEGITIMATE,legitimate,0
TXN_00001393,ACC_000204,2026-02-15T16:33:27+00:00,LEGITIMATE,legitimate,0
TXN_00000488,ACC_000275,2026-02-15T16:46:33+00:00,LEGITIMATE,legitimate,0
TXN_00000055,ACC_000203,2026-02-15T17:39:40+00:00,COMMON_BENEFICIARY_RING,ring,1
TXN_00000508,ACC_000088,2026-02-15T19:40:18+00:00,LEGITIMATE,legitimate,0
TXN_00001424,ACC_000208,2026-02-15T20:41:34+00:00,LEGITIMATE,legitimate,0
TXN_00000924,ACC_000378,2026-02-15T20:45:49+00:00,LEGITIMATE,legitimate,0
TXN_00001964,ACC_000133,2026-02-15T21:42:54+00:00,LEGITIMATE,legitimate,0
TXN_00000407,ACC_000387,2026-02-15T21:51:28+00:00,LEGITIMATE,legitimate,0
TXN_00000487,ACC_000444,2026-02-15T22:43:32+00:00,LEGITIMATE,legitimate,0
TXN_00001434,ACC_000048,2026-02-15T23:09:38+00:00,LEGITIMATE,legitimate,0
TXN_00000813,ACC_000205,2026-02-16T00:28:29+00:00,LEGITIMATE,legitimate,0
TXN_00000961,ACC_000235,2026-02-16T02:18:54+00:00,LEGITIMATE,legitimate,0
TXN_00000057,ACC_000203,2026-02-16T02:39:40+00:00,COMMON_BENEFICIARY_RING,ring,1
TXN_00001170,ACC_000267,2026-02-16T02:55:21+00:00,LEGITIMATE,legitimate,0
TXN_00001216,ACC_000477,2026-02-16T03:03:55+00:00,LEGITIMATE,legitimate,0
TXN_00000687,ACC_000180,2026-02-16T03:05:45+00:00,LEGITIMATE,legitimate,0
TXN_00000283,ACC_000385,2026-02-16T06:12:21+00:00,LEGITIMATE_LOOKALIKE,legitimate,0
TXN_00000680,ACC_000381,2026-02-16T07:12:07+00:00,LEGITIMATE,legitimate,0
TXN_00000989,ACC_000316,2026-02-16T07:12:16+00:00,LEGITIMATE,legitimate,0
TXN_00000297,ACC_000344,2026-02-16T10:07:24+00:00,LEGITIMATE_LOOKALIKE,legitimate,0
TXN_00000760,ACC_000376,2026-02-16T11:57:15+00:00,LEGITIMATE,legitimate,0
TXN_00001360,ACC_000487,2026-02-16T12:29:54+00:00,LEGITIMATE,legitimate,0
TXN_00000853,ACC_000211,2026-02-16T13:13:16+00:00,LEGITIMATE,legitimate,0
TXN_00000290,ACC_000318,2026-02-16T13:14:10+00:00,LEGITIMATE_LOOKALIKE,legitimate,0
TXN_00000370,ACC_000051,2026-02-16T16:30:45+00:00,LEGITIMATE,legitimate,0
TXN_00001833,ACC_000241,2026-02-16T19:03:25+00:00,LEGITIMATE,legitimate,0
TXN_00001814,ACC_000221,2026-02-16T19:05:50+00:00,LEGITIMATE,legitimate,0
TXN_00000842,ACC_000031,2026-02-16T19:07:36+00:00,LEGITIMATE,legitimate,0
TXN_00001989,ACC_000114,2026-02-16T19:22:42+00:00,LEGITIMATE,legitimate,0
TXN_00001065,ACC_000117,2026-02-16T19:25:01+00:00,LEGITIMATE,legitimate,0
TXN_00001985,ACC_000060,2026-02-16T20:15:58+00:00,LEGITIMATE,legitimate,0
TXN_00001134,ACC_000382,2026-02-16T21:04:17+00:00,LEGITIMATE,legitimate,0
TXN_00001771,ACC_000436,2026-02-16T23:37:29+00:00,LEGITIMATE,legitimate,0
TXN_00001569,ACC_000011,2026-02-17T00:58:45+00:00,LEGITIMATE,legitimate,0
TXN_00001421,ACC_000298,2026-02-17T01:35:20+00:00,LEGITIMATE,legitimate,0
TXN_00000834,ACC_000457,2026-02-17T02:15:02+00:00,LEGITIMATE,legitimate,0
TXN_00001928,ACC_000123,2026-02-17T02:59:28+00:00,LEGITIMATE,legitimate,0
TXN_00001080,ACC_000148,2026-02-17T03:17:38+00:00,LEGITIMATE,legitimate,0
TXN_00000525,ACC_000494,2026-02-17T06:02:19+00:00,LEGITIMATE,legitimate,0
TXN_00001158,ACC_000216,2026-02-17T07:32:38+00:00,LEGITIMATE,legitimate,0
TXN_00001027,ACC_000447,2026-02-17T11:56:33+00:00,LEGITIMATE,legitimate,0
TXN_00000138,ACC_000014,2026-02-17T12:37:26+00:00,RAPID_FUND_DISTRIBUTION_RING,ring,1
TXN_00000139,ACC_000014,2026-02-17T12:38:26+00:00,RAPID_FUND_DISTRIBUTION_RING,ring,1
TXN_00000140,ACC_000014,2026-02-17T12:41:26+00:00,RAPID_FUND_DISTRIBUTION_RING,ring,1
TXN_00000141,ACC_000014,2026-02-17T12:42:26+00:00,RAPID_FUND_DISTRIBUTION_RING,ring,1
TXN_00000142,ACC_000231,2026-02-17T12:46:26+00:00,RAPID_FUND_DISTRIBUTION_RING,ring,1
TXN_00000143,ACC_000231,2026-02-17T12:48:26+00:00,RAPID_FUND_DISTRIBUTION_RING,ring,1
TXN_00000144,ACC_000231,2026-02-17T12:51:26+00:00,RAPID_FUND_DISTRIBUTION_RING,ring,1
TXN_00000145,ACC_000231,2026-02-17T12:52:26+00:00,RAPID_FUND_DISTRIBUTION_RING,ring,1
TXN_00000146,ACC_000421,2026-02-17T12:57:26+00:00,RAPID_FUND_DISTRIBUTION_RING,ring,1
TXN_00000147,ACC_000421,2026-02-17T12:59:26+00:00,RAPID_FUND_DISTRIBUTION_RING,ring,1
TXN_00000148,ACC_000421,2026-02-17T13:00:26+00:00,RAPID_FUND_DISTRIBUTION_RING,ring,1
TXN_00000149,ACC_000421,2026-02-17T13:02:26+00:00,RAPID_FUND_DISTRIBUTION_RING,ring,1
TXN_00001583,ACC_000193,2026-02-17T13:08:50+00:00,LEGITIMATE,legitimate,0
TXN_00000317,ACC_000352,2026-02-17T13:18:57+00:00,LEGITIMATE_LOOKALIKE,legitimate,0
TXN_00001136,ACC_000009,2026-02-17T15:13:11+00:00,LEGITIMATE,legitimate,0
TXN_00001225,ACC_000395,2026-02-17T15:33:39+00:00,LEGITIMATE,legitimate,0
TXN_00001377,ACC_000117,2026-02-17T15:53:12+00:00,LEGITIMATE,legitimate,0
TXN_00001007,ACC_000232,2026-02-17T16:16:49+00:00,LEGITIMATE,legitimate,0
TXN_00000281,ACC_000149,2026-02-17T16:21:36+00:00,LEGITIMATE_LOOKALIKE,legitimate,0
TXN_00001037,ACC_000388,2026-02-17T17:46:31+00:00,LEGITIMATE,legitimate,0
TXN_00001907,ACC_000369,2026-02-17T18:39:06+00:00,LEGITIMATE,legitimate,0
TXN_00000061,ACC_000426,2026-02-17T18:42:33+00:00,COMMON_BENEFICIARY_RING,ring,1
TXN_00000810,ACC_000341,2026-02-17T18:46:10+00:00,LEGITIMATE,legitimate,0
TXN_00001851,ACC_000103,2026-02-17T19:29:54+00:00,LEGITIMATE,legitimate,0
TXN_00000598,ACC_000340,2026-02-17T19:35:16+00:00,LEGITIMATE,legitimate,0
TXN_00001577,ACC_000420,2026-02-17T23:14:50+00:00,LEGITIMATE,legitimate,0
TXN_00000552,ACC_000186,2026-02-18T00:39:41+00:00,LEGITIMATE,legitimate,0
TXN_00001107,ACC_000457,2026-02-18T00:45:55+00:00,LEGITIMATE,legitimate,0
TXN_00000392,ACC_000070,2026-02-18T01:16:12+00:00,LEGITIMATE,legitimate,0
TXN_00000062,ACC_000426,2026-02-18T01:42:33+00:00,COMMON_BENEFICIARY_RING,ring,1
TXN_00000973,ACC_000393,2026-02-18T02:55:15+00:00,LEGITIMATE,legitimate,0
TXN_00001422,ACC_000381,2026-02-18T02:56:56+00:00,LEGITIMATE,legitimate,0
TXN_00001609,ACC_000377,2026-02-18T03:04:44+00:00,LEGITIMATE,legitimate,0
TXN_00001390,ACC_000145,2026-02-18T04:41:23+00:00,LEGITIMATE,legitimate,0
TXN_00000861,ACC_000350,2026-02-18T05:50:12+00:00,LEGITIMATE,legitimate,0
TXN_00001654,ACC_000219,2026-02-18T06:04:26+00:00,LEGITIMATE,legitimate,0
TXN_00000722,ACC_000457,2026-02-18T10:28:57+00:00,LEGITIMATE,legitimate,0
TXN_00001343,ACC_000478,2026-02-18T11:08:57+00:00,LEGITIMATE,legitimate,0
TXN_00001445,ACC_000037,2026-02-18T11:24:22+00:00,LEGITIMATE,legitimate,0
TXN_00001643,ACC_000458,2026-02-18T11:26:29+00:00,LEGITIMATE,legitimate,0
TXN_00000410,ACC_000446,2026-02-18T11:41:35+00:00,LEGITIMATE,legitimate,0
TXN_00001187,ACC_000161,2026-02-18T11:59:06+00:00,LEGITIMATE,legitimate,0
TXN_00001233,ACC_000259,2026-02-18T12:02:37+00:00,LEGITIMATE,legitimate,0
TXN_00000063,ACC_000426,2026-02-18T12:42:33+00:00,COMMON_BENEFICIARY_RING,ring,1
TXN_00000286,ACC_000385,2026-02-18T13:15:08+00:00,LEGITIMATE_LOOKALIKE,legitimate,0
TXN_00001737,ACC_000069,2026-02-18T13:25:12+00:00,LEGITIMATE,legitimate,0
TXN_00000577,ACC_000325,2026-02-18T13:34:21+00:00,LEGITIMATE,legitimate,0
TXN_00001591,ACC_000122,2026-02-18T14:04:37+00:00,LEGITIMATE,legitimate,0
TXN_00001429,ACC_000402,2026-02-18T14:35:46+00:00,LEGITIMATE,legitimate,0
TXN_00000234,ACC_000365,2026-02-18T14:44:48+00:00,LEGITIMATE_LOOKALIKE,legitimate,0
TXN_00000752,ACC_000301,2026-02-18T15:09:57+00:00,LEGITIMATE,legitimate,0
TXN_00001033,ACC_000397,2026-02-18T15:34:12+00:00,LEGITIMATE,legitimate,0
TXN_00000251,ACC_000472,2026-02-18T17:19:15+00:00,LEGITIMATE_LOOKALIKE,legitimate,0
TXN_00000652,ACC_000019,2026-02-18T17:26:22+00:00,LEGITIMATE,legitimate,0
TXN_00001066,ACC_000491,2026-02-18T17:34:26+00:00,LEGITIMATE,legitimate,0
TXN_00001899,ACC_000075,2026-02-18T19:42:03+00:00,LEGITIMATE,legitimate,0
TXN_00001166,ACC_000283,2026-02-18T19:46:31+00:00,LEGITIMATE,legitimate,0
TXN_00001304,ACC_000246,2026-02-18T20:06:17+00:00,LEGITIMATE,legitimate,0
TXN_00000705,ACC_000490,2026-02-19T00:20:45+00:00,LEGITIMATE,legitimate,0
TXN_00001038,ACC_000435,2026-02-19T00:21:37+00:00,LEGITIMATE,legitimate,0
TXN_00001516,ACC_000169,2026-02-19T00:58:31+00:00,LEGITIMATE,legitimate,0
TXN_00001106,ACC_000062,2026-02-19T02:14:13+00:00,LEGITIMATE,legitimate,0
TXN_00000397,ACC_000360,2026-02-19T02:56:32+00:00,LEGITIMATE,legitimate,0
TXN_00001373,ACC_000132,2026-02-19T03:26:44+00:00,LEGITIMATE,legitimate,0
TXN_00001694,ACC_000348,2026-02-19T03:43:54+00:00,LEGITIMATE,legitimate,0
TXN_00001222,ACC_000159,2026-02-19T03:48:54+00:00,LEGITIMATE,legitimate,0
TXN_00001525,ACC_000204,2026-02-19T04:09:04+00:00,LEGITIMATE,legitimate,0
TXN_00000601,ACC_000017,2026-02-19T05:01:58+00:00,LEGITIMATE,legitimate,0
TXN_00000382,ACC_000263,2026-02-19T05:14:36+00:00,LEGITIMATE,legitimate,0
TXN_00001709,ACC_000499,2026-02-19T06:14:17+00:00,LEGITIMATE,legitimate,0
TXN_00000779,ACC_000490,2026-02-19T07:20:36+00:00,LEGITIMATE,legitimate,0
TXN_00001334,ACC_000312,2026-02-19T07:40:16+00:00,LEGITIMATE,legitimate,0
TXN_00001306,ACC_000276,2026-02-19T08:13:11+00:00,LEGITIMATE,legitimate,0
TXN_00001552,ACC_000012,2026-02-19T08:56:17+00:00,LEGITIMATE,legitimate,0
TXN_00000825,ACC_000123,2026-02-19T09:38:26+00:00,LEGITIMATE,legitimate,0
TXN_00001328,ACC_000442,2026-02-19T10:57:55+00:00,LEGITIMATE,legitimate,0
TXN_00000617,ACC_000338,2026-02-19T11:22:38+00:00,LEGITIMATE,legitimate,0
TXN_00001908,ACC_000361,2026-02-19T11:43:01+00:00,LEGITIMATE,legitimate,0
TXN_00001959,ACC_000490,2026-02-19T11:45:02+00:00,LEGITIMATE,legitimate,0
TXN_00001979,ACC_000006,2026-02-19T11:51:07+00:00,LEGITIMATE,legitimate,0
TXN_00000859,ACC_000090,2026-02-19T12:13:28+00:00,LEGITIMATE,legitimate,0
TXN_00000432,ACC_000003,2026-02-19T13:03:39+00:00,LEGITIMATE,legitimate,0
TXN_00000868,ACC_000459,2026-02-19T14:46:47+00:00,LEGITIMATE,legitimate,0
TXN_00000463,ACC_000315,2026-02-19T17:18:49+00:00,LEGITIMATE,legitimate,0
TXN_00001232,ACC_000122,2026-02-19T17:21:59+00:00,LEGITIMATE,legitimate,0
TXN_00001444,ACC_000374,2026-02-19T18:11:18+00:00,LEGITIMATE,legitimate,0
TXN_00001249,ACC_000188,2026-02-19T18:27:53+00:00,LEGITIMATE,legitimate,0
TXN_00000736,ACC_000066,2026-02-19T19:05:36+00:00,LEGITIMATE,legitimate,0
TXN_00000878,ACC_000155,2026-02-19T19:15:37+00:00,LEGITIMATE,legitimate,0
TXN_00000829,ACC_000353,2026-02-19T19:20:36+00:00,LEGITIMATE,legitimate,0
TXN_00001807,ACC_000151,2026-02-19T20:19:45+00:00,LEGITIMATE,legitimate,0
TXN_00001237,ACC_000107,2026-02-19T20:19:51+00:00,LEGITIMATE,legitimate,0
TXN_00000662,ACC_000338,2026-02-19T20:23:30+00:00,LEGITIMATE,legitimate,0
TXN_00001470,ACC_000090,2026-02-19T20:57:04+00:00,LEGITIMATE,legitimate,0
TXN_00001879,ACC_000112,2026-02-19T21:43:02+00:00,LEGITIMATE,legitimate,0
TXN_00001520,ACC_000136,2026-02-19T22:24:12+00:00,LEGITIMATE,legitimate,0
TXN_00001517,ACC_000221,2026-02-19T23:19:58+00:00,LEGITIMATE,legitimate,0
TXN_00001408,ACC_000052,2026-02-20T01:49:56+00:00,LEGITIMATE,legitimate,0
TXN_00000823,ACC_000468,2026-02-20T02:23:51+00:00,LEGITIMATE,legitimate,0
TXN_00000096,ACC_000061,2026-02-20T02:31:36+00:00,COMMON_BENEFICIARY_RING,ring,1
TXN_00000374,ACC_000064,2026-02-20T03:02:58+00:00,LEGITIMATE,legitimate,0
TXN_00001137,ACC_000225,2026-02-20T03:10:05+00:00,LEGITIMATE,legitimate,0
TXN_00000094,ACC_000061,2026-02-20T04:31:36+00:00,COMMON_BENEFICIARY_RING,ring,1
TXN_00000933,ACC_000180,2026-02-20T04:52:41+00:00,LEGITIMATE,legitimate,0
TXN_00000337,ACC_000143,2026-02-20T05:09:08+00:00,LEGITIMATE,legitimate,0
TXN_00000815,ACC_000195,2026-02-20T05:54:44+00:00,LEGITIMATE,legitimate,0
TXN_00001528,ACC_000279,2026-02-20T06:33:47+00:00,LEGITIMATE,legitimate,0
TXN_00000421,ACC_000285,2026-02-20T06:44:27+00:00,LEGITIMATE,legitimate,0
TXN_00001437,ACC_000290,2026-02-20T07:35:58+00:00,LEGITIMATE,legitimate,0
TXN_00000097,ACC_000061,2026-02-20T12:31:36+00:00,COMMON_BENEFICIARY_RING,ring,1
TXN_00000422,ACC_000341,2026-02-20T14:55:25+00:00,LEGITIMATE,legitimate,0
TXN_00000095,ACC_000061,2026-02-20T15:31:36+00:00,COMMON_BENEFICIARY_RING,ring,1
TXN_00001030,ACC_000445,2026-02-20T17:50:26+00:00,LEGITIMATE,legitimate,0
TXN_00000605,ACC_000066,2026-02-20T18:38:46+00:00,LEGITIMATE,legitimate,0
TXN_00000165,ACC_000074,2026-02-20T18:41:59+00:00,HISTORICAL_CONNECTION_RING,ring,1
TXN_00000163,ACC_000326,2026-02-20T18:43:59+00:00,HISTORICAL_CONNECTION_RING,ring,1
TXN_00000164,ACC_000160,2026-02-20T18:52:59+00:00,HISTORICAL_CONNECTION_RING,ring,1
TXN_00000594,ACC_000117,2026-02-20T19:51:24+00:00,LEGITIMATE,legitimate,0
TXN_00001518,ACC_000261,2026-02-20T20:54:48+00:00,LEGITIMATE,legitimate,0
TXN_00001553,ACC_000396,2026-02-20T20:59:10+00:00,LEGITIMATE,legitimate,0
TXN_00000814,ACC_000486,2026-02-20T21:44:18+00:00,LEGITIMATE,legitimate,0
TXN_00001514,ACC_000441,2026-02-20T23:44:12+00:00,LEGITIMATE,legitimate,0
TXN_00000284,ACC_000385,2026-02-20T23:47:50+00:00,LEGITIMATE_LOOKALIKE,legitimate,0
TXN_00000953,ACC_000386,2026-02-20T23:53:10+00:00,LEGITIMATE,legitimate,0
TXN_00000458,ACC_000400,2026-02-21T00:24:24+00:00,LEGITIMATE,legitimate,0
TXN_00000424,ACC_000337,2026-02-21T01:05:11+00:00,LEGITIMATE,legitimate,0
TXN_00000912,ACC_000126,2026-02-21T03:01:51+00:00,LEGITIMATE,legitimate,0
TXN_00001250,ACC_000442,2026-02-21T03:17:43+00:00,LEGITIMATE,legitimate,0
TXN_00001278,ACC_000088,2026-02-21T03:30:45+00:00,LEGITIMATE,legitimate,0
TXN_00001430,ACC_000456,2026-02-21T03:47:18+00:00,LEGITIMATE,legitimate,0
TXN_00000291,ACC_000318,2026-02-21T04:07:38+00:00,LEGITIMATE_LOOKALIKE,legitimate,0
TXN_00001588,ACC_000008,2026-02-21T04:43:15+00:00,LEGITIMATE,legitimate,0
TXN_00001241,ACC_000120,2026-02-21T05:06:18+00:00,LEGITIMATE,legitimate,0
TXN_00001029,ACC_000085,2026-02-21T05:59:26+00:00,LEGITIMATE,legitimate,0
TXN_00001402,ACC_000319,2026-02-21T06:55:02+00:00,LEGITIMATE,legitimate,0
TXN_00000837,ACC_000130,2026-02-21T08:36:31+00:00,LEGITIMATE,legitimate,0
TXN_00001397,ACC_000051,2026-02-21T09:33:10+00:00,LEGITIMATE,legitimate,0
TXN_00001176,ACC_000486,2026-02-21T10:52:16+00:00,LEGITIMATE,legitimate,0
TXN_00000997,ACC_000105,2026-02-21T11:35:10+00:00,LEGITIMATE,legitimate,0
TXN_00000356,ACC_000065,2026-02-21T12:19:22+00:00,LEGITIMATE,legitimate,0
TXN_00001839,ACC_000360,2026-02-21T14:52:21+00:00,LEGITIMATE,legitimate,0
TXN_00001145,ACC_000057,2026-02-21T15:30:29+00:00,LEGITIMATE,legitimate,0
TXN_00000455,ACC_000260,2026-02-21T16:19:10+00:00,LEGITIMATE,legitimate,0
TXN_00001152,ACC_000229,2026-02-21T17:23:54+00:00,LEGITIMATE,legitimate,0
TXN_00000946,ACC_000436,2026-02-21T18:54:18+00:00,LEGITIMATE,legitimate,0
TXN_00000975,ACC_000341,2026-02-21T19:06:11+00:00,LEGITIMATE,legitimate,0
TXN_00001089,ACC_000471,2026-02-21T19:07:23+00:00,LEGITIMATE,legitimate,0
TXN_00000322,ACC_000409,2026-02-21T20:49:11+00:00,LEGITIMATE,legitimate,0
TXN_00000334,ACC_000305,2026-02-21T21:20:07+00:00,LEGITIMATE,legitimate,0
TXN_00000689,ACC_000462,2026-02-21T21:28:27+00:00,LEGITIMATE,legitimate,0
TXN_00001229,ACC_000167,2026-02-21T22:02:42+00:00,LEGITIMATE,legitimate,0
TXN_00001417,ACC_000096,2026-02-21T22:46:03+00:00,LEGITIMATE,legitimate,0
TXN_00001581,ACC_000103,2026-02-21T22:52:29+00:00,LEGITIMATE,legitimate,0
TXN_00000684,ACC_000193,2026-02-21T23:44:34+00:00,LEGITIMATE,legitimate,0
TXN_00001845,ACC_000049,2026-02-22T00:13:15+00:00,LEGITIMATE,legitimate,0
TXN_00001489,ACC_000179,2026-02-22T00:17:44+00:00,LEGITIMATE,legitimate,0
TXN_00001858,ACC_000379,2026-02-22T00:22:39+00:00,LEGITIMATE,legitimate,0
TXN_00001537,ACC_000056,2026-02-22T01:14:09+00:00,LEGITIMATE,legitimate,0
TXN_00000348,ACC_000211,2026-02-22T02:03:48+00:00,LEGITIMATE,legitimate,0
TXN_00000220,ACC_000157,2026-02-22T02:21:04+00:00,COMBINED_RING,ring,1
TXN_00000221,ACC_000157,2026-02-22T02:21:19+00:00,COMBINED_RING,ring,1
TXN_00000222,ACC_000197,2026-02-22T02:22:55+00:00,COMBINED_RING,ring,1
TXN_00000223,ACC_000197,2026-02-22T02:23:17+00:00,COMBINED_RING,ring,1
TXN_00000224,ACC_000197,2026-02-22T02:23:48+00:00,COMBINED_RING,ring,1
TXN_00000225,ACC_000366,2026-02-22T02:24:54+00:00,COMBINED_RING,ring,1
TXN_00000226,ACC_000366,2026-02-22T02:25:26+00:00,COMBINED_RING,ring,1
TXN_00000227,ACC_000154,2026-02-22T02:26:53+00:00,COMBINED_RING,ring,1
TXN_00000228,ACC_000154,2026-02-22T02:27:20+00:00,COMBINED_RING,ring,1
TXN_00000229,ACC_000154,2026-02-22T02:27:50+00:00,COMBINED_RING,ring,1
TXN_00000230,ACC_000154,2026-02-22T02:28:06+00:00,COMBINED_RING,ring,1
TXN_00000231,ACC_000047,2026-02-22T02:28:57+00:00,COMBINED_RING,ring,1
TXN_00000232,ACC_000047,2026-02-22T02:29:25+00:00,COMBINED_RING,ring,1
TXN_00000233,ACC_000047,2026-02-22T02:29:44+00:00,COMBINED_RING,ring,1
TXN_00001802,ACC_000345,2026-02-22T03:34:24+00:00,LEGITIMATE,legitimate,0
TXN_00001718,ACC_000109,2026-02-22T04:40:06+00:00,LEGITIMATE,legitimate,0
TXN_00001840,ACC_000084,2026-02-22T06:09:26+00:00,LEGITIMATE,legitimate,0
TXN_00001969,ACC_000085,2026-02-22T06:26:09+00:00,LEGITIMATE,legitimate,0
TXN_00000431,ACC_000165,2026-02-22T08:06:41+00:00,LEGITIMATE,legitimate,0
TXN_00001819,ACC_000058,2026-02-22T08:27:55+00:00,LEGITIMATE,legitimate,0
TXN_00000889,ACC_000378,2026-02-22T08:44:34+00:00,LEGITIMATE,legitimate,0
TXN_00000926,ACC_000437,2026-02-22T12:38:11+00:00,LEGITIMATE,legitimate,0
TXN_00001854,ACC_000431,2026-02-22T13:15:18+00:00,LEGITIMATE,legitimate,0
TXN_00001259,ACC_000312,2026-02-22T14:01:53+00:00,LEGITIMATE,legitimate,0
TXN_00001868,ACC_000443,2026-02-22T14:18:46+00:00,LEGITIMATE,legitimate,0
TXN_00000401,ACC_000259,2026-02-22T14:33:16+00:00,LEGITIMATE,legitimate,0
TXN_00001312,ACC_000381,2026-02-22T14:41:40+00:00,LEGITIMATE,legitimate,0
TXN_00000268,ACC_000307,2026-02-22T15:52:25+00:00,LEGITIMATE_LOOKALIKE,legitimate,0
TXN_00001608,ACC_000093,2026-02-22T16:44:00+00:00,LEGITIMATE,legitimate,0
TXN_00000530,ACC_000397,2026-02-22T16:58:56+00:00,LEGITIMATE,legitimate,0
TXN_00001667,ACC_000140,2026-02-22T17:43:46+00:00,LEGITIMATE,legitimate,0
TXN_00001228,ACC_000042,2026-02-22T17:47:50+00:00,LEGITIMATE,legitimate,0
TXN_00001172,ACC_000283,2026-02-22T19:03:30+00:00,LEGITIMATE,legitimate,0
TXN_00001242,ACC_000485,2026-02-22T20:11:28+00:00,LEGITIMATE,legitimate,0
TXN_00000411,ACC_000407,2026-02-22T23:44:45+00:00,LEGITIMATE,legitimate,0
TXN_00001640,ACC_000271,2026-02-23T02:58:19+00:00,LEGITIMATE,legitimate,0
TXN_00000339,ACC_000483,2026-02-23T05:08:14+00:00,LEGITIMATE,legitimate,0
TXN_00001053,ACC_000029,2026-02-23T05:30:29+00:00,LEGITIMATE,legitimate,0
TXN_00000678,ACC_000097,2026-02-23T05:37:26+00:00,LEGITIMATE,legitimate,0
TXN_00000979,ACC_000240,2026-02-23T05:51:18+00:00,LEGITIMATE,legitimate,0
TXN_00000628,ACC_000312,2026-02-23T05:59:25+00:00,LEGITIMATE,legitimate,0
TXN_00001990,ACC_000400,2026-02-23T06:31:32+00:00,LEGITIMATE,legitimate,0
TXN_00001218,ACC_000057,2026-02-23T07:10:10+00:00,LEGITIMATE,legitimate,0
TXN_00000986,ACC_000029,2026-02-23T08:48:11+00:00,LEGITIMATE,legitimate,0
TXN_00001864,ACC_000030,2026-02-23T09:25:27+00:00,LEGITIMATE,legitimate,0
TXN_00000428,ACC_000319,2026-02-23T09:56:43+00:00,LEGITIMATE,legitimate,0
TXN_00000713,ACC_000304,2026-02-23T10:41:33+00:00,LEGITIMATE,legitimate,0
TXN_00001680,ACC_000334,2026-02-23T10:56:08+00:00,LEGITIMATE,legitimate,0
TXN_00000072,ACC_000022,2026-02-23T11:38:06+00:00,COMMON_BENEFICIARY_RING,ring,1
TXN_00001193,ACC_000258,2026-02-23T12:06:24+00:00,LEGITIMATE,legitimate,0
TXN_00002000,ACC_000464,2026-02-23T12:52:02+00:00,LEGITIMATE,legitimate,0
TXN_00000504,ACC_000222,2026-02-23T14:32:07+00:00,LEGITIMATE,legitimate,0
TXN_00001076,ACC_000374,2026-02-23T15:11:37+00:00,LEGITIMATE,legitimate,0
TXN_00001637,ACC_000364,2026-02-23T15:56:40+00:00,LEGITIMATE,legitimate,0
TXN_00001685,ACC_000461,2026-02-23T15:59:12+00:00,LEGITIMATE,legitimate,0
TXN_00001165,ACC_000386,2026-02-23T16:28:17+00:00,LEGITIMATE,legitimate,0
TXN_00000596,ACC_000313,2026-02-23T18:22:35+00:00,LEGITIMATE,legitimate,0
TXN_00000542,ACC_000105,2026-02-23T18:25:12+00:00,LEGITIMATE,legitimate,0
TXN_00001527,ACC_000356,2026-02-23T20:29:12+00:00,LEGITIMATE,legitimate,0
TXN_00001942,ACC_000134,2026-02-23T22:20:38+00:00,LEGITIMATE,legitimate,0
TXN_00000327,ACC_000131,2026-02-23T22:31:36+00:00,LEGITIMATE,legitimate,0
TXN_00000587,ACC_000367,2026-02-23T22:39:01+00:00,LEGITIMATE,legitimate,0
TXN_00000882,ACC_000268,2026-02-23T23:56:55+00:00,LEGITIMATE,legitimate,0
TXN_00000520,ACC_000462,2026-02-24T00:50:36+00:00,LEGITIMATE,legitimate,0
TXN_00001248,ACC_000451,2026-02-24T02:07:23+00:00,LEGITIMATE,legitimate,0
TXN_00001493,ACC_000059,2026-02-24T02:10:03+00:00,LEGITIMATE,legitimate,0
TXN_00000929,ACC_000194,2026-02-24T03:27:54+00:00,LEGITIMATE,legitimate,0
TXN_00000263,ACC_000078,2026-02-24T04:37:47+00:00,LEGITIMATE_LOOKALIKE,legitimate,0
TXN_00001721,ACC_000461,2026-02-24T05:13:18+00:00,LEGITIMATE,legitimate,0
TXN_00000970,ACC_000327,2026-02-24T05:29:46+00:00,LEGITIMATE,legitimate,0
TXN_00001501,ACC_000243,2026-02-24T06:37:32+00:00,LEGITIMATE,legitimate,0
TXN_00000073,ACC_000022,2026-02-24T07:38:06+00:00,COMMON_BENEFICIARY_RING,ring,1
TXN_00000941,ACC_000081,2026-02-24T08:35:33+00:00,LEGITIMATE,legitimate,0
TXN_00001584,ACC_000138,2026-02-24T08:49:17+00:00,LEGITIMATE,legitimate,0
TXN_00000484,ACC_000051,2026-02-24T09:23:00+00:00,LEGITIMATE,legitimate,0
TXN_00001156,ACC_000059,2026-02-24T10:37:06+00:00,LEGITIMATE,legitimate,0
TXN_00001651,ACC_000334,2026-02-24T10:38:04+00:00,LEGITIMATE,legitimate,0
TXN_00001070,ACC_000335,2026-02-24T11:11:12+00:00,LEGITIMATE,legitimate,0
TXN_00001260,ACC_000409,2026-02-24T12:15:53+00:00,LEGITIMATE,legitimate,0
TXN_00000331,ACC_000187,2026-02-24T14:37:09+00:00,LEGITIMATE,legitimate,0
TXN_00000521,ACC_000267,2026-02-24T15:20:04+00:00,LEGITIMATE,legitimate,0
TXN_00000808,ACC_000218,2026-02-24T15:49:25+00:00,LEGITIMATE,legitimate,0
TXN_00001931,ACC_000156,2026-02-24T15:53:57+00:00,LEGITIMATE,legitimate,0
TXN_00000485,ACC_000461,2026-02-24T16:25:38+00:00,LEGITIMATE,legitimate,0
TXN_00000741,ACC_000462,2026-02-24T17:25:39+00:00,LEGITIMATE,legitimate,0
TXN_00001821,ACC_000260,2026-02-24T17:30:39+00:00,LEGITIMATE,legitimate,0
TXN_00000881,ACC_000077,2026-02-24T17:54:58+00:00,LEGITIMATE,legitimate,0
TXN_00001073,ACC_000239,2026-02-24T18:22:21+00:00,LEGITIMATE,legitimate,0
TXN_00000344,ACC_000259,2026-02-24T18:27:21+00:00,LEGITIMATE,legitimate,0
TXN_00001701,ACC_000155,2026-02-24T19:41:21+00:00,LEGITIMATE,legitimate,0
TXN_00000480,ACC_000400,2026-02-24T19:45:26+00:00,LEGITIMATE,legitimate,0
TXN_00001698,ACC_000294,2026-02-24T20:04:11+00:00,LEGITIMATE,legitimate,0
TXN_00001740,ACC_000053,2026-02-24T22:40:56+00:00,LEGITIMATE,legitimate,0
TXN_00001570,ACC_000159,2026-02-24T23:55:08+00:00,LEGITIMATE,legitimate,0
TXN_00000335,ACC_000356,2026-02-25T00:15:59+00:00,LEGITIMATE,legitimate,0
TXN_00001832,ACC_000379,2026-02-25T00:19:58+00:00,LEGITIMATE,legitimate,0
TXN_00000718,ACC_000323,2026-02-25T01:01:56+00:00,LEGITIMATE,legitimate,0
TXN_00001628,ACC_000498,2026-02-25T01:15:23+00:00,LEGITIMATE,legitimate,0
TXN_00000288,ACC_000318,2026-02-25T01:44:37+00:00,LEGITIMATE_LOOKALIKE,legitimate,0
TXN_00000756,ACC_000056,2026-02-25T06:25:04+00:00,LEGITIMATE,legitimate,0
TXN_00001236,ACC_000098,2026-02-25T06:40:35+00:00,LEGITIMATE,legitimate,0
TXN_00001968,ACC_000258,2026-02-25T07:37:32+00:00,LEGITIMATE,legitimate,0
TXN_00001297,ACC_000277,2026-02-25T07:40:10+00:00,LEGITIMATE,legitimate,0
TXN_00001522,ACC_000050,2026-02-25T07:45:53+00:00,LEGITIMATE,legitimate,0
TXN_00001060,ACC_000480,2026-02-25T07:48:22+00:00,LEGITIMATE,legitimate,0
TXN_00000447,ACC_000065,2026-02-25T09:02:46+00:00,LEGITIMATE,legitimate,0
TXN_00001619,ACC_000171,2026-02-25T09:23:38+00:00,LEGITIMATE,legitimate,0
TXN_00000353,ACC_000414,2026-02-25T09:38:31+00:00,LEGITIMATE,legitimate,0
TXN_00001091,ACC_000373,2026-02-25T10:34:32+00:00,LEGITIMATE,legitimate,0
TXN_00001803,ACC_000262,2026-02-25T11:43:35+00:00,LEGITIMATE,legitimate,0
TXN_00001707,ACC_000242,2026-02-25T12:19:09+00:00,LEGITIMATE,legitimate,0
TXN_00001350,ACC_000324,2026-02-25T12:30:09+00:00,LEGITIMATE,legitimate,0
TXN_00000336,ACC_000069,2026-02-25T12:57:28+00:00,LEGITIMATE,legitimate,0
TXN_00001466,ACC_000438,2026-02-25T13:04:42+00:00,LEGITIMATE,legitimate,0
TXN_00001536,ACC_000178,2026-02-25T13:54:48+00:00,LEGITIMATE,legitimate,0
TXN_00001983,ACC_000210,2026-02-25T14:07:35+00:00,LEGITIMATE,legitimate,0
TXN_00000545,ACC_000403,2026-02-25T14:48:17+00:00,LEGITIMATE,legitimate,0
TXN_00001967,ACC_000104,2026-02-25T16:07:26+00:00,LEGITIMATE,legitimate,0
TXN_00000579,ACC_000315,2026-02-25T16:36:00+00:00,LEGITIMATE,legitimate,0
TXN_00000562,ACC_000224,2026-02-25T16:36:18+00:00,LEGITIMATE,legitimate,0
TXN_00001021,ACC_000384,2026-02-25T16:40:02+00:00,LEGITIMATE,legitimate,0
TXN_00000657,ACC_000304,2026-02-25T17:37:08+00:00,LEGITIMATE,legitimate,0
TXN_00001303,ACC_000112,2026-02-25T17:58:57+00:00,LEGITIMATE,legitimate,0
TXN_00000171,ACC_000281,2026-02-25T18:42:59+00:00,HISTORICAL_CONNECTION_RING,ring,1
TXN_00000173,ACC_000354,2026-02-25T18:42:59+00:00,HISTORICAL_CONNECTION_RING,ring,1
TXN_00000172,ACC_000493,2026-02-25T18:49:59+00:00,HISTORICAL_CONNECTION_RING,ring,1
TXN_00000175,ACC_000234,2026-02-25T19:06:59+00:00,HISTORICAL_CONNECTION_RING,ring,1
TXN_00000174,ACC_000102,2026-02-25T19:14:59+00:00,HISTORICAL_CONNECTION_RING,ring,1
TXN_00001939,ACC_000246,2026-02-25T19:36:25+00:00,LEGITIMATE,legitimate,0
TXN_00001600,ACC_000139,2026-02-25T19:59:27+00:00,LEGITIMATE,legitimate,0
TXN_00000843,ACC_000451,2026-02-25T20:36:08+00:00,LEGITIMATE,legitimate,0
TXN_00001159,ACC_000096,2026-02-25T21:05:48+00:00,LEGITIMATE,legitimate,0
TXN_00001711,ACC_000040,2026-02-25T21:24:19+00:00,LEGITIMATE,legitimate,0
TXN_00000937,ACC_000422,2026-02-25T22:51:59+00:00,LEGITIMATE,legitimate,0
TXN_00000465,ACC_000003,2026-02-25T22:54:30+00:00,LEGITIMATE,legitimate,0
TXN_00001399,ACC_000120,2026-02-25T23:24:30+00:00,LEGITIMATE,legitimate,0
TXN_00001882,ACC_000406,2026-02-25T23:58:47+00:00,LEGITIMATE,legitimate,0
TXN_00001980,ACC_000322,2026-02-26T00:25:06+00:00,LEGITIMATE,legitimate,0
TXN_00001476,ACC_000459,2026-02-26T01:22:06+00:00,LEGITIMATE,legitimate,0
TXN_00000771,ACC_000096,2026-02-26T01:23:09+00:00,LEGITIMATE,legitimate,0
TXN_00000847,ACC_000162,2026-02-26T03:15:06+00:00,LEGITIMATE,legitimate,0
TXN_00001548,ACC_000381,2026-02-26T03:32:30+00:00,LEGITIMATE,legitimate,0
TXN_00000360,ACC_000260,2026-02-26T03:38:47+00:00,LEGITIMATE,legitimate,0
TXN_00000363,ACC_000178,2026-02-26T04:50:47+00:00,LEGITIMATE,legitimate,0
TXN_00000437,ACC_000075,2026-02-26T06:38:55+00:00,LEGITIMATE,legitimate,0
TXN_00001083,ACC_000428,2026-02-26T07:05:05+00:00,LEGITIMATE,legitimate,0
TXN_00000403,ACC_000470,2026-02-26T07:14:07+00:00,LEGITIMATE,legitimate,0
TXN_00001414,ACC_000373,2026-02-26T07:23:13+00:00,LEGITIMATE,legitimate,0
TXN_00000772,ACC_000241,2026-02-26T08:36:17+00:00,LEGITIMATE,legitimate,0
TXN_00001291,ACC_000052,2026-02-26T10:50:38+00:00,LEGITIMATE,legitimate,0
TXN_00000735,ACC_000206,2026-02-26T11:48:03+00:00,LEGITIMATE,legitimate,0
TXN_00001458,ACC_000112,2026-02-26T11:50:40+00:00,LEGITIMATE,legitimate,0
TXN_00001184,ACC_000446,2026-02-26T11:55:31+00:00,LEGITIMATE,legitimate,0
TXN_00001361,ACC_000390,2026-02-26T13:30:20+00:00,LEGITIMATE,legitimate,0
TXN_00000637,ACC_000079,2026-02-26T14:04:12+00:00,LEGITIMATE,legitimate,0
TXN_00000854,ACC_000315,2026-02-26T14:33:53+00:00,LEGITIMATE,legitimate,0
TXN_00001001,ACC_000013,2026-02-26T16:11:27+00:00,LEGITIMATE,legitimate,0
TXN_00001729,ACC_000049,2026-02-26T18:07:17+00:00,LEGITIMATE,legitimate,0
TXN_00000436,ACC_000396,2026-02-26T18:08:02+00:00,LEGITIMATE,legitimate,0
TXN_00001234,ACC_000200,2026-02-26T18:18:05+00:00,LEGITIMATE,legitimate,0
TXN_00000156,ACC_000449,2026-02-26T18:54:59+00:00,HISTORICAL_CONNECTION_RING,ring,1
TXN_00000157,ACC_000424,2026-02-26T18:57:59+00:00,HISTORICAL_CONNECTION_RING,ring,1
TXN_00000159,ACC_000063,2026-02-26T19:05:59+00:00,HISTORICAL_CONNECTION_RING,ring,1
TXN_00000155,ACC_000046,2026-02-26T19:07:59+00:00,HISTORICAL_CONNECTION_RING,ring,1
TXN_00000158,ACC_000423,2026-02-26T19:12:59+00:00,HISTORICAL_CONNECTION_RING,ring,1
TXN_00001140,ACC_000308,2026-02-26T19:41:07+00:00,LEGITIMATE,legitimate,0
TXN_00001837,ACC_000392,2026-02-26T19:47:28+00:00,LEGITIMATE,legitimate,0
TXN_00000296,ACC_000005,2026-02-26T20:25:29+00:00,LEGITIMATE_LOOKALIKE,legitimate,0
TXN_00000712,ACC_000374,2026-02-26T20:37:12+00:00,LEGITIMATE,legitimate,0
TXN_00000796,ACC_000479,2026-02-26T20:49:39+00:00,LEGITIMATE,legitimate,0
TXN_00001892,ACC_000461,2026-02-26T20:55:06+00:00,LEGITIMATE,legitimate,0
TXN_00000710,ACC_000084,2026-02-26T22:17:34+00:00,LEGITIMATE,legitimate,0
TXN_00001115,ACC_000153,2026-02-26T22:18:37+00:00,LEGITIMATE,legitimate,0
TXN_00000475,ACC_000467,2026-02-26T22:44:24+00:00,LEGITIMATE,legitimate,0
TXN_00001659,ACC_000032,2026-02-26T23:13:03+00:00,LEGITIMATE,legitimate,0
TXN_00000474,ACC_000024,2026-02-27T00:40:16+00:00,LEGITIMATE,legitimate,0
TXN_00001177,ACC_000110,2026-02-27T04:30:18+00:00,LEGITIMATE,legitimate,0
TXN_00001768,ACC_000376,2026-02-27T06:19:17+00:00,LEGITIMATE,legitimate,0
TXN_00000241,ACC_000127,2026-02-27T06:56:25+00:00,LEGITIMATE_LOOKALIKE,legitimate,0
TXN_00001867,ACC_000179,2026-02-27T08:17:07+00:00,LEGITIMATE,legitimate,0
TXN_00001582,ACC_000206,2026-02-27T08:30:10+00:00,LEGITIMATE,legitimate,0
TXN_00001958,ACC_000253,2026-02-27T09:17:26+00:00,LEGITIMATE,legitimate,0
TXN_00001532,ACC_000225,2026-02-27T10:03:27+00:00,LEGITIMATE,legitimate,0
TXN_00000476,ACC_000228,2026-02-27T10:59:31+00:00,LEGITIMATE,legitimate,0
TXN_00001723,ACC_000381,2026-02-27T11:28:50+00:00,LEGITIMATE,legitimate,0
TXN_00001674,ACC_000396,2026-02-27T12:04:50+00:00,LEGITIMATE,legitimate,0
TXN_00000877,ACC_000266,2026-02-27T13:32:34+00:00,LEGITIMATE,legitimate,0
TXN_00000585,ACC_000276,2026-02-27T14:40:37+00:00,LEGITIMATE,legitimate,0
TXN_00001211,ACC_000387,2026-02-27T16:08:22+00:00,LEGITIMATE,legitimate,0
TXN_00000903,ACC_000256,2026-02-27T18:15:56+00:00,LEGITIMATE,legitimate,0
TXN_00001375,ACC_000208,2026-02-27T19:04:58+00:00,LEGITIMATE,legitimate,0
TXN_00001941,ACC_000027,2026-02-27T19:45:49+00:00,LEGITIMATE,legitimate,0
TXN_00001213,ACC_000097,2026-02-27T20:01:04+00:00,LEGITIMATE,legitimate,0
TXN_00000273,ACC_000202,2026-02-27T21:52:46+00:00,LEGITIMATE_LOOKALIKE,legitimate,0
TXN_00001388,ACC_000343,2026-02-27T22:46:37+00:00,LEGITIMATE,legitimate,0
TXN_00001720,ACC_000060,2026-02-27T23:09:20+00:00,LEGITIMATE,legitimate,0
TXN_00000983,ACC_000135,2026-02-27T23:35:18+00:00,LEGITIMATE,legitimate,0
TXN_00001626,ACC_000077,2026-02-27T23:43:39+00:00,LEGITIMATE,legitimate,0
TXN_00001220,ACC_000355,2026-02-27T23:56:46+00:00,LEGITIMATE,legitimate,0
TXN_00001044,ACC_000400,2026-02-28T01:32:52+00:00,LEGITIMATE,legitimate,0
TXN_00001792,ACC_000276,2026-02-28T01:41:05+00:00,LEGITIMATE,legitimate,0
TXN_00001014,ACC_000071,2026-02-28T01:48:40+00:00,LEGITIMATE,legitimate,0
TXN_00000609,ACC_000216,2026-02-28T02:17:19+00:00,LEGITIMATE,legitimate,0
TXN_00001332,ACC_000293,2026-02-28T03:31:43+00:00,LEGITIMATE,legitimate,0
TXN_00001490,ACC_000039,2026-02-28T03:36:50+00:00,LEGITIMATE,legitimate,0
TXN_00000787,ACC_000080,2026-02-28T05:17:24+00:00,LEGITIMATE,legitimate,0
TXN_00001383,ACC_000316,2026-02-28T05:49:24+00:00,LEGITIMATE,legitimate,0
TXN_00001340,ACC_000363,2026-02-28T07:24:15+00:00,LEGITIMATE,legitimate,0
TXN_00001533,ACC_000103,2026-02-28T08:03:50+00:00,LEGITIMATE,legitimate,0
TXN_00000776,ACC_000036,2026-02-28T08:04:40+00:00,LEGITIMATE,legitimate,0
TXN_00000510,ACC_000384,2026-02-28T10:31:17+00:00,LEGITIMATE,legitimate,0
TXN_00001965,ACC_000233,2026-02-28T12:27:37+00:00,LEGITIMATE,legitimate,0
TXN_00001725,ACC_000081,2026-02-28T12:29:13+00:00,LEGITIMATE,legitimate,0
TXN_00000496,ACC_000287,2026-02-28T12:48:37+00:00,LEGITIMATE,legitimate,0
TXN_00000534,ACC_000050,2026-02-28T13:09:50+00:00,LEGITIMATE,legitimate,0
TXN_00000358,ACC_000121,2026-02-28T16:09:10+00:00,LEGITIMATE,legitimate,0
TXN_00001059,ACC_000138,2026-02-28T16:19:42+00:00,LEGITIMATE,legitimate,0
TXN_00000835,ACC_000042,2026-02-28T17:05:33+00:00,LEGITIMATE,legitimate,0
TXN_00000379,ACC_000181,2026-02-28T18:12:46+00:00,LEGITIMATE,legitimate,0
TXN_00000514,ACC_000378,2026-02-28T18:42:22+00:00,LEGITIMATE,legitimate,0
TXN_00001950,ACC_000171,2026-02-28T19:01:39+00:00,LEGITIMATE,legitimate,0
TXN_00001062,ACC_000466,2026-02-28T19:19:47+00:00,LEGITIMATE,legitimate,0
TXN_00000383,ACC_000367,2026-02-28T20:27:20+00:00,LEGITIMATE,legitimate,0
TXN_00001286,ACC_000130,2026-02-28T20:33:37+00:00,LEGITIMATE,legitimate,0
TXN_00001820,ACC_000478,2026-02-28T21:23:49+00:00,LEGITIMATE,legitimate,0
TXN_00000867,ACC_000164,2026-02-28T21:36:21+00:00,LEGITIMATE,legitimate,0
TXN_00000894,ACC_000180,2026-02-28T21:59:14+00:00,LEGITIMATE,legitimate,0
TXN_00001714,ACC_000465,2026-02-28T22:00:30+00:00,LEGITIMATE,legitimate,0
TXN_00001323,ACC_000116,2026-02-28T22:34:39+00:00,LEGITIMATE,legitimate,0
TXN_00000319,ACC_000204,2026-02-28T23:46:11+00:00,LEGITIMATE,legitimate,0
TXN_00000798,ACC_000060,2026-02-28T23:49:54+00:00,LEGITIMATE,legitimate,0
TXN_00001261,ACC_000216,2026-03-01T00:02:51+00:00,LEGITIMATE,legitimate,0
TXN_00000839,ACC_000259,2026-03-01T01:12:25+00:00,LEGITIMATE,legitimate,0
TXN_00001827,ACC_000325,2026-03-01T02:28:04+00:00,LEGITIMATE,legitimate,0
TXN_00000619,ACC_000483,2026-03-01T02:52:02+00:00,LEGITIMATE,legitimate,0
TXN_00001074,ACC_000010,2026-03-01T03:41:34+00:00,LEGITIMATE,legitimate,0
TXN_00000840,ACC_000043,2026-03-01T04:07:55+00:00,LEGITIMATE,legitimate,0
TXN_00000879,ACC_000255,2026-03-01T05:39:09+00:00,LEGITIMATE,legitimate,0
TXN_00000378,ACC_000260,2026-03-01T09:02:09+00:00,LEGITIMATE,legitimate,0
TXN_00000440,ACC_000244,2026-03-01T09:08:22+00:00,LEGITIMATE,legitimate,0
TXN_00000522,ACC_000297,2026-03-01T10:04:53+00:00,LEGITIMATE,legitimate,0
TXN_00000670,ACC_000174,2026-03-01T10:10:58+00:00,LEGITIMATE,legitimate,0
TXN_00000277,ACC_000149,2026-03-01T10:42:42+00:00,LEGITIMATE_LOOKALIKE,legitimate,0
TXN_00000765,ACC_000114,2026-03-01T12:10:45+00:00,LEGITIMATE,legitimate,0
TXN_00001058,ACC_000101,2026-03-01T12:19:03+00:00,LEGITIMATE,legitimate,0
TXN_00001277,ACC_000267,2026-03-01T12:36:46+00:00,LEGITIMATE,legitimate,0
TXN_00000671,ACC_000098,2026-03-01T13:01:50+00:00,LEGITIMATE,legitimate,0
TXN_00001067,ACC_000043,2026-03-01T13:37:53+00:00,LEGITIMATE,legitimate,0
TXN_00001629,ACC_000392,2026-03-01T14:14:56+00:00,LEGITIMATE,legitimate,0
TXN_00000371,ACC_000117,2026-03-01T14:59:18+00:00,LEGITIMATE,legitimate,0
TXN_00001741,ACC_000040,2026-03-01T15:41:55+00:00,LEGITIMATE,legitimate,0
TXN_00000635,ACC_000060,2026-03-01T16:36:07+00:00,LEGITIMATE,legitimate,0
TXN_00000960,ACC_000141,2026-03-01T16:56:50+00:00,LEGITIMATE,legitimate,0
TXN_00000517,ACC_000310,2026-03-01T16:57:04+00:00,LEGITIMATE,legitimate,0
TXN_00001204,ACC_000198,2026-03-01T17:10:19+00:00,LEGITIMATE,legitimate,0
TXN_00000651,ACC_000491,2026-03-01T17:22:25+00:00,LEGITIMATE,legitimate,0
TXN_00000858,ACC_000373,2026-03-01T17:24:01+00:00,LEGITIMATE,legitimate,0
TXN_00001795,ACC_000044,2026-03-01T17:42:38+00:00,LEGITIMATE,legitimate,0
TXN_00001866,ACC_000119,2026-03-01T17:45:54+00:00,LEGITIMATE,legitimate,0
